text,label,template_group_id
The invoice is effectively stalled because the transfer has been blocked. The customer has essentially paused the obligation. A sustained delay appears likely.,HIGH_RISK,HIGH_03_BLOCKED
The transfer is delayed until reconciliation is complete. The customer expects to settle once the review is complete. The payment date is not fully fixed yet.,MEDIUM_RISK,MED_02_RECONCILIATION
The payment is not proceeding because the customer is unable to release funds. The payment may not be possible until the blocking issue is resolved. The customer is not close to making a payment decision.,HIGH_RISK,HIGH_03_BLOCKED
The transfer has been arranged and should go through promptly. The transfer matches the agreed schedule. We are not seeing a payment disruption at this time.,LOW_RISK,LOW_03_SCHEDULED
The transfer is delayed by normal processing timing. The customer is hopeful the invoice will be settled shortly. The outstanding amount is still expected to be settled in the near term.,MEDIUM_RISK,MED_03_SHORT_DELAY
The customer has a temporary issue preventing immediate settlement. The case is unresolved and should be followed closely. This is an operational delay rather than a full repudiation.,MEDIUM_RISK,MED_06_TEMPORARY_ISSUE
The payment is scheduled for tomorrow. The scheduled transfer is already underway. This does not look like a default scenario.,LOW_RISK,LOW_03_SCHEDULED
The invoice has been approved and positioned for release. The bank transfer is expected to go out on time. The account is expected to reflect the transfer soon.,LOW_RISK,LOW_02_APPROVED
The customer has not offered a credible commitment to settlement. The obligation is not being honored with enough clarity or certainty. This should not be treated as a routine payment case.,HIGH_RISK,HIGH_06_FAILURE_TO_COMMIT
The customer expects to transfer the amount shortly. The transfer matches the agreed schedule. The invoice remains on track for on-time settlement.,LOW_RISK,LOW_03_SCHEDULED
The customer expects to transfer the amount shortly. No further approvals are presently blocking completion. Any delay would be limited to routine processing.,LOW_RISK,LOW_03_SCHEDULED
"The customer is facing a brief operational delay in payment execution. The customer is not refusing the invoice, but timing may slip slightly. The delay should not be interpreted as a complete nonpayment.",MEDIUM_RISK,MED_03_SHORT_DELAY
The payment request has been cleared internally. The funds are scheduled to move according to the agreement. This should meet the original due date.,LOW_RISK,LOW_02_APPROVED
Payment has been suspended pending further review. The amount is not currently in motion. A sustained delay appears likely.,HIGH_RISK,HIGH_03_BLOCKED
The outstanding balance has been cleared. There are no outstanding payment issues. The payment activity has already been completed.,LOW_RISK,LOW_01_COMPLETE
The customer is refusing payment while the invoice is being contested. The customer is not confirming any immediate payment timeline. No payment can be expected until the dispute is addressed.,HIGH_RISK,HIGH_04_DISPUTE
"The payment was not completed yet, but the customer is still engaged. The account needs continued monitoring because the release date is not yet fixed. The customer has not outright refused the invoice.",MEDIUM_RISK,MED_05_PENDING_BUT_REASONABLE
The invoice is going through the standard internal review process. The payment may move later than originally intended. The account should be watched closely over the next few days.,MEDIUM_RISK,MED_04_INTERNAL_REVIEW
The customer says they are still planning to pay. The most likely outcome is payment after a short additional delay. The customer has not outright refused the invoice.,MEDIUM_RISK,MED_05_PENDING_BUT_REASONABLE
The transfer was successfully sent. No further action is required. There is no current blocker on the account.,LOW_RISK,LOW_01_COMPLETE
The customer has confirmed the invoice is ready for settlement. This is expected to happen on the agreed date. The account is in a good position for settlement.,LOW_RISK,LOW_05_READY_TO_PAY
The payment is paused due to a disagreement over the invoice details. The payment date remains uncertain and likely to move back significantly. No payment can be expected until the dispute is addressed.,HIGH_RISK,HIGH_04_DISPUTE
"The customer is dealing with a brief constraint that could shift the transfer. The payment timeline is under review and likely to move. The payment might still happen, but not necessarily on the original date.",MEDIUM_RISK,MED_06_TEMPORARY_ISSUE
"The transfer is delayed by normal processing timing. The delay is temporary and tied to current operations. The account may show a short delay, but not a permanent issue.",MEDIUM_RISK,MED_03_SHORT_DELAY
The customer has indicated that settlement will be much later than agreed. The customer has signaled a materially worse payment outcome. The invoice should be monitored as high risk.,HIGH_RISK,HIGH_05_PROLONGED_DELAY
Payment is still pending final approval. The transfer should happen once the review step is finished. The delay appears to be procedural rather than financial.,MEDIUM_RISK,MED_01_APPROVAL_DELAY
The customer is finishing a reconciliation check before releasing funds. A brief delay is expected while the file is completed. The customer still expects to settle once the review task is completed.,MEDIUM_RISK,MED_02_RECONCILIATION
The invoice is fully settled. The agreement is satisfied in full. There is no current blocker on the account.,LOW_RISK,LOW_01_COMPLETE
The funds are available and the transfer is ready. There is no delay indicated by the finance team. No special payment follow-up should be necessary.,LOW_RISK,LOW_05_READY_TO_PAY
Payment was executed and the transaction is complete. The collection process is effectively finished. The record should show that the invoice is paid.,LOW_RISK,LOW_06_CONFIRMED
The finance team is still reviewing the invoice. The customer believes the invoice will eventually be paid. The customer confirms the payment is likely but not yet confirmed.,MEDIUM_RISK,MED_01_APPROVAL_DELAY
The customer has not provided a firm settlement date. The buyer has not provided the necessary assurance that the amount will be paid. The customer appears unable or unwilling to commit.,HIGH_RISK,HIGH_01_NO_DATE
The organization is not in a position to guarantee payment. We should assume the account requires immediate attention. The business is effectively signaling uncertainty about settlement.,HIGH_RISK,HIGH_06_FAILURE_TO_COMMIT
"The payment team is still confirming the invoice details. The process is moving forward but not yet final. The likely outcome is eventual payment, but the exact date is still pending.",MEDIUM_RISK,MED_02_RECONCILIATION
"The payment is still expected, but a temporary problem is slowing the process. The case is unresolved and should be followed closely. The payment event is delayed but not abandoned.",MEDIUM_RISK,MED_06_TEMPORARY_ISSUE
The custodian has confirmed the payment release window. The transfer matches the agreed schedule. The payment commitment appears solid.,LOW_RISK,LOW_03_SCHEDULED
"The customer is finishing a reconciliation check before releasing funds. The process is moving forward but not yet final. We have not seen evidence of refusal, only a processing pause.",MEDIUM_RISK,MED_02_RECONCILIATION
The payment has been queued but may take a little longer than usual. The payment is still intended and should come through soon. The outstanding amount is still expected to be settled in the near term.,MEDIUM_RISK,MED_03_SHORT_DELAY
The buyer is not prepared to confirm when the invoice will be paid. The payment horizon remains highly uncertain. The amount should be managed with a high-risk posture.,HIGH_RISK,HIGH_06_FAILURE_TO_COMMIT
The transfer will not be made within the current schedule. The invoice should be treated as high risk until payment is actually received. The amount could remain unsettled for a meaningful stretch.,HIGH_RISK,HIGH_05_PROLONGED_DELAY
The payment is being withheld because of a dispute. The buyer may be unable to settle until the dispute is closed. The case may require dispute resolution before any cash movement occurs.,HIGH_RISK,HIGH_04_DISPUTE
The transfer was sent successfully. The outstanding balance is resolved. The account reflects a completed transaction.,LOW_RISK,LOW_06_CONFIRMED
The payment is being delayed because of liquidity concerns. The collection team should expect a difficult and delayed outcome. The risk of nonpayment is elevated until the situation changes.,HIGH_RISK,HIGH_02_CASHFLOW
The payment status is unresolved but the customer is still communicating. The buyer is aware of the obligation and is still working through it. The customer has not outright refused the invoice.,MEDIUM_RISK,MED_05_PENDING_BUT_REASONABLE
The invoice will likely be paid only after an extended period. The chance of a timely collection is low in this scenario. The business is effectively saying the payment may be late for a long time.,HIGH_RISK,HIGH_05_PROLONGED_DELAY
"The customer has not confirmed the payment date, only their intent to pay. The situation suggests a moderate payment risk rather than immediate default. The buyer is engaged, but the payment date remains provisional.",MEDIUM_RISK,MED_05_PENDING_BUT_REASONABLE
The payment release is currently blocked by internal constraints. The payment path appears compromised. There is no immediate evidence of a viable recovery path.,HIGH_RISK,HIGH_03_BLOCKED
The transfer will not be made within the current schedule. The customer has signaled a materially worse payment outcome. The payment could be pushed far beyond the original timeline.,HIGH_RISK,HIGH_05_PROLONGED_DELAY
All review steps have been completed and the invoice is approved. Processing is underway and proceeds according to schedule. There is no sign of a payment problem.,LOW_RISK,LOW_02_APPROVED
Payment has been suspended pending further review. The customer has essentially paused the obligation. The risk of prolonged default is significant.,HIGH_RISK,HIGH_03_BLOCKED
The payment is being delayed because of liquidity concerns. The customer is unable to promise a normal payment schedule. The invoice is being threatened by a real financial limitation.,HIGH_RISK,HIGH_02_CASHFLOW
The invoice has been flagged for additional approval checks. The customer believes the invoice will eventually be paid. The delay appears to be procedural rather than financial.,MEDIUM_RISK,MED_01_APPROVAL_DELAY
"The amount remains due and the customer has not closed the file. The invoice remains payable, just not yet confirmed in cash. There is still a credible path to payment.",MEDIUM_RISK,MED_05_PENDING_BUT_REASONABLE
The customer is dealing with a cash-flow issue that is affecting payment. The account likely needs a more urgent collection strategy. The payment will likely be delayed until liquidity improves.,HIGH_RISK,HIGH_02_CASHFLOW
The payment team is still confirming the invoice details. The amount remains committed but needs the final approval stage. The customer still expects to settle once the review task is completed.,MEDIUM_RISK,MED_02_RECONCILIATION
The payment has been queued but may take a little longer than usual. The case remains open and processing is ongoing. The customer appears willing to pay with a modest push-out.,MEDIUM_RISK,MED_03_SHORT_DELAY
Funds were released this morning. The agreement is satisfied in full. This matter is already settled from a payment perspective.,LOW_RISK,LOW_01_COMPLETE
"The customer needs a little more time to complete the internal review. The case still looks recoverable, but the timing is not final. The invoice remains in play, but the date is still uncertain.",MEDIUM_RISK,MED_04_INTERNAL_REVIEW
There is nothing in the current state that would prevent settlement. The customer has not raised any concerns. This should not impact the expected cash receipt timing.,LOW_RISK,LOW_04_NO_BLOCKER
The payment is likely to slip well beyond the due date. The account should be elevated because the delay is substantial. This is materially worse than a routine administrative delay.,HIGH_RISK,HIGH_05_PROLONGED_DELAY
The customer cannot provide a reliable payment commitment. The invoice should be considered at high risk until payment is actually received. The current communication is insufficient to support a strong recovery expectation.,HIGH_RISK,HIGH_06_FAILURE_TO_COMMIT
The customer cannot provide a reliable payment commitment. The payment horizon remains highly uncertain. The amount should be managed with a high-risk posture.,HIGH_RISK,HIGH_06_FAILURE_TO_COMMIT
The invoice is fully settled. The transaction is fully reconciled. The customer has completed the requested transfer.,LOW_RISK,LOW_01_COMPLETE
Payment can be released immediately. No problem is currently visible in the payment chain. There is no sign that settlement will be deferred.,LOW_RISK,LOW_05_READY_TO_PAY
The invoice has been approved and positioned for release. Processing is underway and proceeds according to schedule. There is no sign of a payment problem.,LOW_RISK,LOW_02_APPROVED
The custodian has confirmed the payment release window. The process is moving forward normally. The customer has no reason to defer payment.,LOW_RISK,LOW_03_SCHEDULED
The payment team is still confirming the invoice details. There may be a moderate postponement before release. The payment date is not fully fixed yet.,MEDIUM_RISK,MED_02_RECONCILIATION
The account has already been credited. No further action is required. The funds are already reflected in the account.,LOW_RISK,LOW_01_COMPLETE
The transfer has been put on hold. The payment may not be possible until the blocking issue is resolved. The customer has not established a credible payment plan.,HIGH_RISK,HIGH_03_BLOCKED
The customer has moved the invoice into the payment pipeline. The invoice is clean and ready for release. There is no present risk of nonpayment.,LOW_RISK,LOW_05_READY_TO_PAY
The customer is facing a brief operational delay in payment execution. The amount remains due and the payment plan is still active. The invoice still has a realistic path to payment.,MEDIUM_RISK,MED_03_SHORT_DELAY
The payment is expected to arrive on the committed date. The transfer matches the agreed schedule. The customer has no reason to defer payment.,LOW_RISK,LOW_03_SCHEDULED
Funds were released this morning. The remittance advice has been delivered. The due date is effectively resolved.,LOW_RISK,LOW_01_COMPLETE
The customer cannot provide a reliable payment commitment. This suggests a serious risk of missed or delayed payment. The amount should be managed with a high-risk posture.,HIGH_RISK,HIGH_06_FAILURE_TO_COMMIT
The customer is unable to make the transfer today because of cash constraints. The customer has not provided an immediate path to settlement. This case is not simply administrative; there is a genuine cash issue.,HIGH_RISK,HIGH_02_CASHFLOW
Funds are planned to be released this week. The transfer matches the agreed schedule. The payment commitment appears solid.,LOW_RISK,LOW_03_SCHEDULED
The payment request has been cleared internally. The transfer will be processed as planned. The outstanding amount is expected to clear on schedule.,LOW_RISK,LOW_02_APPROVED
"The transfer is delayed by normal processing timing. The payment is not cancelled, only deferred for a short period. The situation is manageable but needs close monitoring.",MEDIUM_RISK,MED_03_SHORT_DELAY
"The invoice is undergoing internal review. The case still looks recoverable, but the timing is not final. A few more administrative steps are necessary before the payment can be released.",MEDIUM_RISK,MED_04_INTERNAL_REVIEW
"The customer is finishing a reconciliation check before releasing funds. The payment should occur after the outstanding administrative tasks are closed. We have not seen evidence of refusal, only a processing pause.",MEDIUM_RISK,MED_02_RECONCILIATION
The customer is experiencing a short-term cash shortage. There is a strong likelihood that settlement will be late. The invoice is being threatened by a real financial limitation.,HIGH_RISK,HIGH_02_CASHFLOW
The customer has not provided a firm settlement date. The customer may be unable to release the funds in the near term. There is no visible payment certainty at this point.,HIGH_RISK,HIGH_01_NO_DATE
Treasury has confirmed the invoice is ready to pay. The transfer will be processed as planned. The outstanding amount is expected to clear on schedule.,LOW_RISK,LOW_02_APPROVED
Payment was executed and the transaction is complete. The case does not require any further follow-up. There is no unresolved payment issue in this case.,LOW_RISK,LOW_06_CONFIRMED
Internal approval has already been secured. The funds are scheduled to move according to the agreement. There is no indication of refusal or cancellation.,LOW_RISK,LOW_02_APPROVED
The company is currently constrained by cash-flow pressure. The customer is unable to promise a normal payment schedule. The cash-flow disruption may result in a prolonged delay.,HIGH_RISK,HIGH_02_CASHFLOW
The payment date is still unresolved. The account should be treated as highly uncertain until payment is verified. This is a meaningful nonpayment risk scenario.,HIGH_RISK,HIGH_01_NO_DATE
The customer is refusing payment while the invoice is being contested. The dispute introduces a real barrier to collection. The customer is not acknowledging the invoice as payable.,HIGH_RISK,HIGH_04_DISPUTE
The customer is finishing a reconciliation check before releasing funds. A brief delay is expected while the file is completed. The invoice is still considered recoverable.,MEDIUM_RISK,MED_02_RECONCILIATION
There is currently no confirmed payment date. The account should be treated as highly uncertain until payment is verified. The customer appears unable or unwilling to commit.,HIGH_RISK,HIGH_01_NO_DATE
"The customer says the transfer will be made later than originally planned. The payment is still intended and should come through soon. The customer has not rejected the invoice, only shifted the timing.",MEDIUM_RISK,MED_03_SHORT_DELAY
The invoice is pending internal reconciliation. The payment should occur after the outstanding administrative tasks are closed. The delay is tied to internal confirmation rather than a hard repudiation.,MEDIUM_RISK,MED_02_RECONCILIATION
The customer has confirmed that the funds were released. The customer has met its payment obligation. The customer appears fully current.,LOW_RISK,LOW_06_CONFIRMED
"The invoice remains open, and the buyer has not yet finalized the transfer. The invoice remains payable, just not yet confirmed in cash. A short extension is the most plausible outcome.",MEDIUM_RISK,MED_05_PENDING_BUT_REASONABLE
The company is currently constrained by cash-flow pressure. There is a strong likelihood that settlement will be late. This case is not simply administrative; there is a genuine cash issue.,HIGH_RISK,HIGH_02_CASHFLOW
The invoice has been approved and positioned for release. Processing is underway and proceeds according to schedule. The invoice is aligned with the existing payment plan.,LOW_RISK,LOW_02_APPROVED
"The customer needs a little more time to complete the internal review. The amount remains owed and the buyer is engaged. This is a genuine delay risk, but not necessarily a total default.",MEDIUM_RISK,MED_04_INTERNAL_REVIEW
Internal approval has already been secured. The transfer will be processed as planned. There is no sign of a payment problem.,LOW_RISK,LOW_02_APPROVED
The finance team reports that the invoice is ready to pay. The funds are likely to be released within the agreed window. The invoice should be treated as low-risk from a payment standpoint.,LOW_RISK,LOW_04_NO_BLOCKER
"The customer is still verifying the invoice details before payment. The payment may move later than originally intended. This is a genuine delay risk, but not necessarily a total default.",MEDIUM_RISK,MED_04_INTERNAL_REVIEW
The customer is unwilling to pay until the dispute is resolved. The invoice has become a high-risk collection matter. This should be classified as high risk.,HIGH_RISK,HIGH_04_DISPUTE
The transfer is delayed until reconciliation is complete. The transfer is still on the roadmap but needs the paperwork to finish. The delay is tied to internal confirmation rather than a hard repudiation.,MEDIUM_RISK,MED_02_RECONCILIATION
The customer is reviewing the invoice before release. The terms are still being worked through. The risk profile is elevated compared with a fully settled invoice.,MEDIUM_RISK,MED_04_INTERNAL_REVIEW
"The payment is outstanding but still expected. The invoice remains payable, just not yet confirmed in cash. The buyer is engaged, but the payment date remains provisional.",MEDIUM_RISK,MED_05_PENDING_BUT_REASONABLE
There is nothing in the current state that would prevent settlement. The funds are likely to be released within the agreed window. There is no evidence of a temporary or prolonged delay.,LOW_RISK,LOW_04_NO_BLOCKER
The payment team has not finalized the transfer yet. The transfer is likely but the date remains flexible. The account should be watched closely over the next few days.,MEDIUM_RISK,MED_04_INTERNAL_REVIEW
The invoice is waiting on a reconciliation step. The payment should occur after the outstanding administrative tasks are closed. This appears to be a temporary administrative delay.,MEDIUM_RISK,MED_02_RECONCILIATION
The payment was completed on schedule. The customer has already satisfied the obligation. The due date is effectively resolved.,LOW_RISK,LOW_01_COMPLETE
The payment is prepared and awaiting execution. There is no delay indicated by the finance team. No special payment follow-up should be necessary.,LOW_RISK,LOW_05_READY_TO_PAY
The business is unable to state a dependable payment timeline. The customer is not providing the level of confidence needed for low-risk treatment. The amount should be managed with a high-risk posture.,HIGH_RISK,HIGH_06_FAILURE_TO_COMMIT
"The customer is reviewing the invoice before release. The amount remains owed and the buyer is engaged. The customer has not refused payment, only slowed the process.",MEDIUM_RISK,MED_04_INTERNAL_REVIEW
The payment has been queued but may take a little longer than usual. The customer is hopeful the invoice will be settled shortly. The situation is manageable but needs close monitoring.,MEDIUM_RISK,MED_03_SHORT_DELAY
The invoice is approved and there is no payment blocker. The current status suggests no special intervention is needed. The payment plan remains on track.,LOW_RISK,LOW_04_NO_BLOCKER
The finance team reports that the invoice is ready to pay. There is no sign of disruption in the payment workflow. This should not impact the expected cash receipt timing.,LOW_RISK,LOW_04_NO_BLOCKER
The payment is expected to arrive on the committed date. The scheduled transfer is already underway. The timing appears consistent with the prior agreement.,LOW_RISK,LOW_03_SCHEDULED
The customer cannot commit to a payment date right now. The buyer has not provided the necessary assurance that the amount will be paid. This is a meaningful nonpayment risk scenario.,HIGH_RISK,HIGH_01_NO_DATE
"The payment is still expected, but a temporary problem is slowing the process. The amount is still expected, but no fixed date has been confirmed. The customer remains engaged and has not closed the account.",MEDIUM_RISK,MED_06_TEMPORARY_ISSUE
There is nothing in the current state that would prevent settlement. The current status suggests no special intervention is needed. The outstanding amount is still expected to be resolved on time.,LOW_RISK,LOW_04_NO_BLOCKER
The customer has not offered a credible commitment to settlement. The customer has not demonstrated the ability to meet the invoice promptly. The invoice may remain unsettled for an extended period.,HIGH_RISK,HIGH_06_FAILURE_TO_COMMIT
The customer has not offered a credible commitment to settlement. The customer is not providing the level of confidence needed for low-risk treatment. The customer is not giving enough assurance to classify this as low or medium risk.,HIGH_RISK,HIGH_06_FAILURE_TO_COMMIT
The invoice has already been paid in full. There is no pending payment action. The record should show that the invoice is paid.,LOW_RISK,LOW_06_CONFIRMED
Finance has approved the invoice for payment. The bank transfer is expected to go out on time. The outstanding amount is expected to clear on schedule.,LOW_RISK,LOW_02_APPROVED
Treasury has confirmed the invoice is ready to pay. The release is already prepared in the payment queue. This should meet the original due date.,LOW_RISK,LOW_02_APPROVED
The invoice is effectively stalled because the transfer has been blocked. The buyer is not able to provide a realistic payment date. There is no immediate evidence of a viable recovery path.,HIGH_RISK,HIGH_03_BLOCKED
The business is currently constrained by limited liquidity. The payment may be pushed back materially while the shortfall is managed. This case is not simply administrative; there is a genuine cash issue.,HIGH_RISK,HIGH_02_CASHFLOW
"The customer has a temporary issue preventing immediate settlement. The payment path is still alive, though delayed. The situation requires a moderate-risk handling strategy.",MEDIUM_RISK,MED_06_TEMPORARY_ISSUE
The payment release is currently blocked by internal constraints. The customer has essentially paused the obligation. This situation warrants urgent commercial action.,HIGH_RISK,HIGH_03_BLOCKED
The payment is likely to slip well beyond the due date. The expected cash timing is far outside the normal expectation. The collection team should plan for significant delay and limited immediate recovery.,HIGH_RISK,HIGH_05_PROLONGED_DELAY
The customer is prepared to complete the transfer without change. The current status suggests no special intervention is needed. This is a routine collection case with no material risk.,LOW_RISK,LOW_04_NO_BLOCKER
"There is a temporary slowdown in the payment cycle. The delay is temporary and tied to current operations. The customer has not rejected the invoice, only shifted the timing.",MEDIUM_RISK,MED_03_SHORT_DELAY
The customer is experiencing a short-term cash shortage. The invoice is at risk because the customer cannot confirm a repayment date. The payment will likely be delayed until liquidity improves.,HIGH_RISK,HIGH_02_CASHFLOW
The settlement is already reflected in the account. The case does not require any further follow-up. The collection team can close the case.,LOW_RISK,LOW_06_CONFIRMED
The customer is unwilling to pay until the dispute is resolved. The customer is not confirming any immediate payment timeline. The relationship is currently strained and the amount may not be recovered quickly.,HIGH_RISK,HIGH_04_DISPUTE
The customer is unwilling to pay until the dispute is resolved. The customer is not confirming any immediate payment timeline. The outstanding invoice may remain unpaid for an extended period.,HIGH_RISK,HIGH_04_DISPUTE
Funds were released this morning. The transaction is fully reconciled. The due date is effectively resolved.,LOW_RISK,LOW_01_COMPLETE
Treasury has confirmed the invoice is ready to pay. The bank transfer is expected to go out on time. The customer intends to settle without any interruption.,LOW_RISK,LOW_02_APPROVED
The finance team reports that the invoice is ready to pay. The invoice remains in good standing. The customer has not indicated any reason to postpone payment.,LOW_RISK,LOW_04_NO_BLOCKER
"The payment was not completed yet, but the customer is still engaged. The situation suggests a moderate payment risk rather than immediate default. The case looks moderate rather than severe.",MEDIUM_RISK,MED_05_PENDING_BUT_REASONABLE
The business is unable to state a dependable payment timeline. The customer has not demonstrated the ability to meet the invoice promptly. The business is effectively signaling uncertainty about settlement.,HIGH_RISK,HIGH_06_FAILURE_TO_COMMIT
The customer is prepared to complete the transfer without change. The payment should proceed normally. The payment plan remains on track.,LOW_RISK,LOW_04_NO_BLOCKER
"The customer is matching documents before approval is granted. The invoice is still likely to be paid, but the timing is uncertain. The payment is being worked through the normal operations flow.",MEDIUM_RISK,MED_02_RECONCILIATION
"The invoice is undergoing internal review. The payment may move later than originally intended. The customer has not refused payment, only slowed the process.",MEDIUM_RISK,MED_04_INTERNAL_REVIEW
The customer disputes the invoice and will not release funds until the issue is resolved. The customer is not confirming any immediate payment timeline. The case may require dispute resolution before any cash movement occurs.,HIGH_RISK,HIGH_04_DISPUTE
The invoice is undergoing internal review. There is a moderate chance of delay while the review concludes. A few more administrative steps are necessary before the payment can be released.,MEDIUM_RISK,MED_04_INTERNAL_REVIEW
"The invoice remains open, and the buyer has not yet finalized the transfer. A delayed release is likely, but the underlying contract remains active. The case looks moderate rather than severe.",MEDIUM_RISK,MED_05_PENDING_BUT_REASONABLE
The transfer is delayed by normal processing timing. The amount remains due and the payment plan is still active. The outstanding amount is still expected to be settled in the near term.,MEDIUM_RISK,MED_03_SHORT_DELAY
Funds are planned to be released this week. The transfer matches the agreed schedule. We are not seeing a payment disruption at this time.,LOW_RISK,LOW_03_SCHEDULED
The invoice has already been paid in full. The outstanding balance is resolved. The account reflects a completed transaction.,LOW_RISK,LOW_06_CONFIRMED
"The payment was not completed yet, but the customer is still engaged. The customer still appears willing to settle, but timing remains unclear. There is still a credible path to payment.",MEDIUM_RISK,MED_05_PENDING_BUT_REASONABLE
The transfer was successfully sent. The invoice is now closed. The funds are already reflected in the account.,LOW_RISK,LOW_01_COMPLETE
The customer is still verifying the invoice details before payment. The payment may move later than originally intended. The payment status should be reevaluated after the review finishes.,MEDIUM_RISK,MED_04_INTERNAL_REVIEW
"The customer is dealing with a brief constraint that could shift the transfer. The amount is still expected, but no fixed date has been confirmed. The payment might still happen, but not necessarily on the original date.",MEDIUM_RISK,MED_06_TEMPORARY_ISSUE
Everything is in place for the payment to be sent soon. No further approvals are presently blocking completion. The timing appears consistent with the prior agreement.,LOW_RISK,LOW_03_SCHEDULED
"The transfer is delayed by normal processing timing. The customer is hopeful the invoice will be settled shortly. The account may show a short delay, but not a permanent issue.",MEDIUM_RISK,MED_03_SHORT_DELAY
The invoice is approved and there is no payment blocker. The invoice remains in good standing. The buyer appears willing and able to meet the obligation.,LOW_RISK,LOW_04_NO_BLOCKER
The transaction has been approved and is in the release queue. No problem is currently visible in the payment chain. There is no present risk of nonpayment.,LOW_RISK,LOW_05_READY_TO_PAY
The payment is being held for reconciliation. The process is moving forward but not yet final. The invoice is still considered recoverable.,MEDIUM_RISK,MED_02_RECONCILIATION
The customer has confirmed that the funds were released. The transfer is complete and verified. The record should show that the invoice is paid.,LOW_RISK,LOW_06_CONFIRMED
The customer is unable to provide a reliable payment schedule. The lack of a confirmed schedule suggests payment may be delayed materially. There is no visible payment certainty at this point.,HIGH_RISK,HIGH_01_NO_DATE
The invoice is currently contested and payment cannot proceed. The buyer may be unable to settle until the dispute is closed. The account appears to have material unresolved issues.,HIGH_RISK,HIGH_04_DISPUTE
The transfer is blocked because the customer is disputing the charge. The customer is not confirming any immediate payment timeline. The outstanding invoice may remain unpaid for an extended period.,HIGH_RISK,HIGH_04_DISPUTE
The payment release is currently blocked by internal constraints. The case requires immediate follow-up and escalation. This is a high-risk nonpayment scenario.,HIGH_RISK,HIGH_03_BLOCKED
The invoice is currently contested and payment cannot proceed. The payment date remains uncertain and likely to move back significantly. The account appears to have material unresolved issues.,HIGH_RISK,HIGH_04_DISPUTE
"The amount remains due and the customer has not closed the file. A delayed release is likely, but the underlying contract remains active. There is still a credible path to payment.",MEDIUM_RISK,MED_05_PENDING_BUT_REASONABLE
There are currently no issues preventing payment. The customer has not raised any concerns. The buyer appears willing and able to meet the obligation.,LOW_RISK,LOW_04_NO_BLOCKER
The invoice is approved and there is no payment blocker. The funds are likely to be released within the agreed window. This is a routine collection case with no material risk.,LOW_RISK,LOW_04_NO_BLOCKER
The transfer has been put on hold. There is a strong likelihood that the invoice will remain unpaid for a long period. The customer is not close to making a payment decision.,HIGH_RISK,HIGH_03_BLOCKED
The invoice is currently contested and payment cannot proceed. The dispute introduces a real barrier to collection. The financial outcome is uncertain and potentially adverse.,HIGH_RISK,HIGH_04_DISPUTE
The customer disputes the invoice and will not release funds until the issue is resolved. The dispute introduces a real barrier to collection. The financial outcome is uncertain and potentially adverse.,HIGH_RISK,HIGH_04_DISPUTE
The customer is waiting on internal approval before payment can be released. The transfer should happen once the review step is finished. There is no indication that the invoice has been rejected.,MEDIUM_RISK,MED_01_APPROVAL_DELAY
The transfer will not be made within the current schedule. The account should be elevated because the delay is substantial. The customer is not demonstrating a credible near-term path to payment.,HIGH_RISK,HIGH_05_PROLONGED_DELAY
"The customer is reviewing the invoice before release. The case still looks recoverable, but the timing is not final. The case should be handled as a moderate risk until payment is confirmed.",MEDIUM_RISK,MED_04_INTERNAL_REVIEW
The payment is scheduled for tomorrow. The payment should reach the account without issue. This does not look like a default scenario.,LOW_RISK,LOW_03_SCHEDULED
The customer is reviewing the invoice before release. The amount remains owed and the buyer is engaged. The risk profile is elevated compared with a fully settled invoice.,MEDIUM_RISK,MED_04_INTERNAL_REVIEW
The payment was completed on schedule. The customer has already satisfied the obligation. There is no current blocker on the account.,LOW_RISK,LOW_01_COMPLETE
The payment was completed on schedule. The transaction is fully reconciled. The due date is effectively resolved.,LOW_RISK,LOW_01_COMPLETE
The invoice is pending internal reconciliation. The process is moving forward but not yet final. The payment date is not fully fixed yet.,MEDIUM_RISK,MED_02_RECONCILIATION
"A review step is currently in progress before disbursement. The case still looks recoverable, but the timing is not final. The case should be handled as a moderate risk until payment is confirmed.",MEDIUM_RISK,MED_04_INTERNAL_REVIEW
The payment is paused due to a disagreement over the invoice details. The payment date remains uncertain and likely to move back significantly. The customer is not acknowledging the invoice as payable.,HIGH_RISK,HIGH_04_DISPUTE
The invoice is currently contested and payment cannot proceed. The payment date remains uncertain and likely to move back significantly. The financial outcome is uncertain and potentially adverse.,HIGH_RISK,HIGH_04_DISPUTE
The business is unable to state a dependable payment timeline. The customer has not demonstrated the ability to meet the invoice promptly. This should not be treated as a routine payment case.,HIGH_RISK,HIGH_06_FAILURE_TO_COMMIT
The customer is waiting on internal approval before payment can be released. The timing may shift by a few business days. The customer expects to meet the obligation after the approval process.,MEDIUM_RISK,MED_01_APPROVAL_DELAY
The account is healthy and the outstanding amount is still on track. The payment timing is considered routine. This is a routine collection case with no material risk.,LOW_RISK,LOW_04_NO_BLOCKER
The customer expects to transfer the amount shortly. The process is moving forward normally. The invoice remains on track for on-time settlement.,LOW_RISK,LOW_03_SCHEDULED
The customer needs a little more time to complete the internal review. The payment may move later than originally intended. A few more administrative steps are necessary before the payment can be released.,MEDIUM_RISK,MED_04_INTERNAL_REVIEW
The customer is unable to make the transfer today because of cash constraints. The customer has admitted an ongoing financial constraint. No reliable date can be given at this stage.,HIGH_RISK,HIGH_02_CASHFLOW
The customer has not provided a firm settlement date. This raises a serious concern about when the invoice will be settled. There is no visible payment certainty at this point.,HIGH_RISK,HIGH_01_NO_DATE
The customer is unable to meet the normal settlement window and expects a major delay. The expected cash timing is far outside the normal expectation. The invoice should be monitored as high risk.,HIGH_RISK,HIGH_05_PROLONGED_DELAY
"The customer says they are still planning to pay. The account needs continued monitoring because the release date is not yet fixed. The buyer is engaged, but the payment date remains provisional.",MEDIUM_RISK,MED_05_PENDING_BUT_REASONABLE
The payment is paused due to a disagreement over the invoice details. The dispute introduces a real barrier to collection. This should be classified as high risk.,HIGH_RISK,HIGH_04_DISPUTE
The payment has been processed and the bank confirmation is on file. The outstanding balance is resolved. The account reflects a completed transaction.,LOW_RISK,LOW_06_CONFIRMED
The business is unable to state a dependable payment timeline. This suggests a serious risk of missed or delayed payment. The likelihood of a prolonged delay remains high.,HIGH_RISK,HIGH_06_FAILURE_TO_COMMIT
"The customer is still verifying the invoice details before payment. The transfer is likely but the date remains flexible. The invoice remains in play, but the date is still uncertain.",MEDIUM_RISK,MED_04_INTERNAL_REVIEW
A final approval step is required before the payment can be sent. The transfer should happen once the review step is finished. The customer confirms the payment is likely but not yet confirmed.,MEDIUM_RISK,MED_01_APPROVAL_DELAY
The payment is prepared and awaiting execution. No problem is currently visible in the payment chain. There is no present risk of nonpayment.,LOW_RISK,LOW_05_READY_TO_PAY
The invoice is effectively stalled because the transfer has been blocked. There is a strong likelihood that the invoice will remain unpaid for a long period. A sustained delay appears likely.,HIGH_RISK,HIGH_03_BLOCKED
The business is currently constrained by limited liquidity. The customer is unable to promise a normal payment schedule. No reliable date can be given at this stage.,HIGH_RISK,HIGH_02_CASHFLOW
There is a temporary funding problem preventing immediate settlement. The customer has not provided an immediate path to settlement. This should be treated as a serious payment risk.,HIGH_RISK,HIGH_02_CASHFLOW
Payment can be released immediately. The release is a straightforward part of the normal process. There is no sign that settlement will be deferred.,LOW_RISK,LOW_05_READY_TO_PAY
Payment has already been completed. The customer has already satisfied the obligation. The invoice should not require any additional follow-up.,LOW_RISK,LOW_01_COMPLETE
The customer is unable to meet the normal settlement window and expects a major delay. The account should be elevated because the delay is substantial. No immediate recovery should be assumed.,HIGH_RISK,HIGH_05_PROLONGED_DELAY
The funds are available and the transfer is ready. The payment should clear without additional review. The customer is organized and prepared to pay.,LOW_RISK,LOW_05_READY_TO_PAY
The transfer has been put on hold. The invoice is at serious risk of a major delay. The risk of prolonged default is significant.,HIGH_RISK,HIGH_03_BLOCKED
The customer expects the payment to be delayed significantly beyond the original due date. The expected cash timing is far outside the normal expectation. No immediate recovery should be assumed.,HIGH_RISK,HIGH_05_PROLONGED_DELAY
The invoice has been flagged for additional approval checks. A small postponement is expected while approval completes. The customer confirms the payment is likely but not yet confirmed.,MEDIUM_RISK,MED_01_APPROVAL_DELAY
"The customer needs a little more time to complete the internal review. The terms are still being worked through. The invoice remains in play, but the date is still uncertain.",MEDIUM_RISK,MED_04_INTERNAL_REVIEW
The payment is authorized and waiting for the transfer step. The transfer should happen without additional delay. The payment timing is considered normal.,LOW_RISK,LOW_02_APPROVED
Internal approval has already been secured. The bank transfer is expected to go out on time. This should meet the original due date.,LOW_RISK,LOW_02_APPROVED
The payment timing remains uncertain. The situation should be treated as serious until the cash movement is confirmed. The invoice should be escalated for urgent follow-up.,HIGH_RISK,HIGH_01_NO_DATE
We have already made the payment. The invoice is no longer outstanding. The payment outcome is already confirmed.,LOW_RISK,LOW_06_CONFIRMED
The payment is expected to arrive on the committed date. The process is moving forward normally. The timing appears consistent with the prior agreement.,LOW_RISK,LOW_03_SCHEDULED
"The invoice is delayed by a temporary operational issue. The issue seems temporary, but the payment may arrive later than anticipated. The risk is meaningful but not yet acute.",MEDIUM_RISK,MED_06_TEMPORARY_ISSUE
The customer cannot confirm whether the invoice will be paid on time. The payment horizon remains highly uncertain. The likelihood of a prolonged delay remains high.,HIGH_RISK,HIGH_06_FAILURE_TO_COMMIT
"The buyer says the payment will likely occur after a short disruption. The customer still intends to pay, but the date is not guaranteed yet. The customer is still in communication and wants to resolve the invoice.",MEDIUM_RISK,MED_06_TEMPORARY_ISSUE
"The invoice is still pending a release decision. A delayed release is likely, but the underlying contract remains active. A short extension is the most plausible outcome.",MEDIUM_RISK,MED_05_PENDING_BUT_REASONABLE
The funds are available and the transfer is ready. The payment should clear without additional review. The current status supports a low-risk customer communication.,LOW_RISK,LOW_05_READY_TO_PAY
The customer says the invoice is under dispute and therefore no payment will be made. This is not a routine case and should be treated seriously. This should be classified as high risk.,HIGH_RISK,HIGH_04_DISPUTE
The payment request has been cleared internally. The funds are scheduled to move according to the agreement. The outstanding amount is expected to clear on schedule.,LOW_RISK,LOW_02_APPROVED
"The amount remains due and the customer has not closed the file. The account needs continued monitoring because the release date is not yet fixed. The customer is not saying no, only that timing is still being worked out.",MEDIUM_RISK,MED_05_PENDING_BUT_REASONABLE
The buyer says the payment will likely occur after a short disruption. The payment timeline is under review and likely to move. The situation requires a moderate-risk handling strategy.,MEDIUM_RISK,MED_06_TEMPORARY_ISSUE
Treasury has confirmed the invoice is ready to pay. The release is already prepared in the payment queue. The account is expected to reflect the transfer soon.,LOW_RISK,LOW_02_APPROVED
"The invoice is pending internal reconciliation. There may be a moderate postponement before release. The likely outcome is eventual payment, but the exact date is still pending.",MEDIUM_RISK,MED_02_RECONCILIATION
Internal approval has already been secured. The release is already prepared in the payment queue. The account is expected to reflect the transfer soon.,LOW_RISK,LOW_02_APPROVED
The customer has not offered a credible commitment to settlement. This suggests a serious risk of missed or delayed payment. The current communication is insufficient to support a strong recovery expectation.,HIGH_RISK,HIGH_06_FAILURE_TO_COMMIT
The business is currently constrained by limited liquidity. The invoice is at risk because the customer cannot confirm a repayment date. The cash-flow disruption may result in a prolonged delay.,HIGH_RISK,HIGH_02_CASHFLOW
We cannot confirm when the payment will be made. The lack of a confirmed schedule suggests payment may be delayed materially. There is no visible payment certainty at this point.,HIGH_RISK,HIGH_01_NO_DATE
Payment has already been completed. The payment status is confirmed. The funds are already reflected in the account.,LOW_RISK,LOW_01_COMPLETE
The customer says the transfer will be made later than originally planned. The customer expects payment to land within a few days. The delay should not be interpreted as a complete nonpayment.,MEDIUM_RISK,MED_03_SHORT_DELAY
The transfer has been arranged and should go through promptly. The release is part of the regular payment cycle. The customer has no reason to defer payment.,LOW_RISK,LOW_03_SCHEDULED
The customer cannot proceed with the payment right now. The customer has essentially paused the obligation. The invoice should be managed as a blocked account.,HIGH_RISK,HIGH_03_BLOCKED
The customer is dealing with a cash-flow issue that is affecting payment. There is a strong likelihood that settlement will be late. The risk of nonpayment is elevated until the situation changes.,HIGH_RISK,HIGH_02_CASHFLOW
Payment can be released immediately. The payment should clear without additional review. The customer is organized and prepared to pay.,LOW_RISK,LOW_05_READY_TO_PAY
The customer is unable to make the transfer today because of cash constraints. The customer has admitted an ongoing financial constraint. This case is not simply administrative; there is a genuine cash issue.,HIGH_RISK,HIGH_02_CASHFLOW
We are expecting a short delay while the payment is processed. The case remains open and processing is ongoing. The situation is manageable but needs close monitoring.,MEDIUM_RISK,MED_03_SHORT_DELAY
The transfer is blocked because the customer is disputing the charge. The customer is not confirming any immediate payment timeline. The customer is not acknowledging the invoice as payable.,HIGH_RISK,HIGH_04_DISPUTE
A review step is currently in progress before disbursement. The terms are still being worked through. The risk profile is elevated compared with a fully settled invoice.,MEDIUM_RISK,MED_04_INTERNAL_REVIEW
The payment is paused due to a disagreement over the invoice details. This indicates a significant risk of missed or prolonged payment. The outstanding invoice may remain unpaid for an extended period.,HIGH_RISK,HIGH_04_DISPUTE
The transfer is blocked because the customer is disputing the charge. The buyer may be unable to settle until the dispute is closed. No payment can be expected until the dispute is addressed.,HIGH_RISK,HIGH_04_DISPUTE
The customer is completing the internal sign-off needed for settlement. The transfer should happen once the review step is finished. The customer expects to meet the obligation after the approval process.,MEDIUM_RISK,MED_01_APPROVAL_DELAY
The invoice is queued for payment as agreed. The release is part of the regular payment cycle. There is a clear payment plan in place.,LOW_RISK,LOW_03_SCHEDULED
"The payment is being held pending internal checks. The expected outcome is still a payment, but the schedule is uncertain. This is a genuine delay risk, but not necessarily a total default.",MEDIUM_RISK,MED_04_INTERNAL_REVIEW
The customer has indicated that settlement will be much later than agreed. The outstanding amount is likely to remain open for a prolonged period. The business is effectively saying the payment may be late for a long time.,HIGH_RISK,HIGH_05_PROLONGED_DELAY
The invoice is fully settled. The customer has already satisfied the obligation. The due date is effectively resolved.,LOW_RISK,LOW_01_COMPLETE
The payment is expected to arrive on the committed date. The customer expects timely settlement. There is a clear payment plan in place.,LOW_RISK,LOW_03_SCHEDULED
The invoice is still pending a release decision. The most likely outcome is payment after a short additional delay. The case looks moderate rather than severe.,MEDIUM_RISK,MED_05_PENDING_BUT_REASONABLE
There is currently no confirmed payment date. The customer may be unable to release the funds in the near term. The amount may not be collected on time.,HIGH_RISK,HIGH_01_NO_DATE
"The customer needs a little more time to complete the internal review. The payment may move later than originally intended. This is a genuine delay risk, but not necessarily a total default.",MEDIUM_RISK,MED_04_INTERNAL_REVIEW
The customer is unable to provide a reliable payment schedule. There is a substantial chance that payment will move far beyond the original due date. There is no visible payment certainty at this point.,HIGH_RISK,HIGH_01_NO_DATE
The customer expects the payment to be delayed significantly beyond the original due date. The account should be elevated because the delay is substantial. The payment could be pushed far beyond the original timeline.,HIGH_RISK,HIGH_05_PROLONGED_DELAY
The invoice is approved and there is no payment blocker. The payment timing is considered routine. The buyer appears willing and able to meet the obligation.,LOW_RISK,LOW_04_NO_BLOCKER
Treasury has confirmed the invoice is ready to pay. The transfer should happen without additional delay. The customer intends to settle without any interruption.,LOW_RISK,LOW_02_APPROVED
The invoice has already been paid in full. The case does not require any further follow-up. This should be treated as fully settled.,LOW_RISK,LOW_06_CONFIRMED
"The invoice is still pending a release decision. The most likely outcome is payment after a short additional delay. The buyer is engaged, but the payment date remains provisional.",MEDIUM_RISK,MED_05_PENDING_BUT_REASONABLE
"The customer is waiting on internal approval before payment can be released. The release is pending but the situation is manageable. The timeline may slip slightly, but the payment is still intended.",MEDIUM_RISK,MED_01_APPROVAL_DELAY
The customer cannot confirm whether the invoice will be paid on time. The payment horizon remains highly uncertain. The business is effectively signaling uncertainty about settlement.,HIGH_RISK,HIGH_06_FAILURE_TO_COMMIT
The finance team is still reviewing the invoice. There is a reasonable chance of a minor processing delay. There is no indication that the invoice has been rejected.,MEDIUM_RISK,MED_01_APPROVAL_DELAY
Funds were released this morning. The transaction is fully reconciled. The funds are already reflected in the account.,LOW_RISK,LOW_01_COMPLETE
"The customer is reviewing the invoice before release. The expected outcome is still a payment, but the schedule is uncertain. The risk profile is elevated compared with a fully settled invoice.",MEDIUM_RISK,MED_04_INTERNAL_REVIEW
The transfer is blocked because the customer is disputing the charge. This indicates a significant risk of missed or prolonged payment. The account appears to have material unresolved issues.,HIGH_RISK,HIGH_04_DISPUTE
The invoice has already been paid in full. The transfer is complete and verified. There is no unresolved payment issue in this case.,LOW_RISK,LOW_06_CONFIRMED
The payment is outstanding but still expected. The situation suggests a moderate payment risk rather than immediate default. The customer has not outright refused the invoice.,MEDIUM_RISK,MED_05_PENDING_BUT_REASONABLE
The customer says the invoice is under dispute and therefore no payment will be made. The dispute introduces a real barrier to collection. The customer is not acknowledging the invoice as payable.,HIGH_RISK,HIGH_04_DISPUTE
"The customer is finishing a reconciliation check before releasing funds. The process is moving forward but not yet final. The likely outcome is eventual payment, but the exact date is still pending.",MEDIUM_RISK,MED_02_RECONCILIATION
Payment was executed and the transaction is complete. There is no pending payment action. The record should show that the invoice is paid.,LOW_RISK,LOW_06_CONFIRMED
The company is currently constrained by cash-flow pressure. The invoice is at risk because the customer cannot confirm a repayment date. The payment will likely be delayed until liquidity improves.,HIGH_RISK,HIGH_02_CASHFLOW
The customer has not offered a credible commitment to settlement. The invoice should be considered at high risk until payment is actually received. The likelihood of a prolonged delay remains high.,HIGH_RISK,HIGH_06_FAILURE_TO_COMMIT
The customer is unable to meet the normal settlement window and expects a major delay. The customer has not offered a firm near-term date. The invoice should be monitored as high risk.,HIGH_RISK,HIGH_05_PROLONGED_DELAY
The invoice cannot be paid at this time. The buyer is not able to provide a realistic payment date. The invoice should be managed as a blocked account.,HIGH_RISK,HIGH_03_BLOCKED
The funds are available and the transfer is ready. There is no delay indicated by the finance team. The current status supports a low-risk customer communication.,LOW_RISK,LOW_05_READY_TO_PAY
The customer has not given a dependable statement about when cash will move. The customer has not demonstrated the ability to meet the invoice promptly. The likelihood of a prolonged delay remains high.,HIGH_RISK,HIGH_06_FAILURE_TO_COMMIT
The payment was completed on schedule. There are no outstanding payment issues. The customer has completed the requested transfer.,LOW_RISK,LOW_01_COMPLETE
The customer expects the payment to be delayed significantly beyond the original due date. The invoice should be treated as high risk until payment is actually received. The customer is not demonstrating a credible near-term path to payment.,HIGH_RISK,HIGH_05_PROLONGED_DELAY
"The invoice remains open, and the buyer has not yet finalized the transfer. Settlement still appears possible if the internal process moves smoothly. The buyer is engaged, but the payment date remains provisional.",MEDIUM_RISK,MED_05_PENDING_BUT_REASONABLE
The finance team is still reviewing the invoice. There is a reasonable chance of a minor processing delay. The delay appears to be procedural rather than financial.,MEDIUM_RISK,MED_01_APPROVAL_DELAY
"The payment team has not finalized the transfer yet. The customer has not indicated disruption, only continued review. This is a genuine delay risk, but not necessarily a total default.",MEDIUM_RISK,MED_04_INTERNAL_REVIEW
The customer is still verifying the invoice details before payment. The transfer is likely but the date remains flexible. The case should be handled as a moderate risk until payment is confirmed.,MEDIUM_RISK,MED_04_INTERNAL_REVIEW
The payment is being held for reconciliation. A brief delay is expected while the file is completed. The delay is tied to internal confirmation rather than a hard repudiation.,MEDIUM_RISK,MED_02_RECONCILIATION
Treasury has confirmed the invoice is ready to pay. The release is already prepared in the payment queue. The customer intends to settle without any interruption.,LOW_RISK,LOW_02_APPROVED
This invoice was paid and the remittance has been completed. The outstanding balance is resolved. The collection team can close the case.,LOW_RISK,LOW_06_CONFIRMED
The invoice is undergoing internal review. There is a moderate chance of delay while the review concludes. The risk profile is elevated compared with a fully settled invoice.,MEDIUM_RISK,MED_04_INTERNAL_REVIEW
The customer is unable to make the transfer today because of cash constraints. There is a strong likelihood that settlement will be late. The customer is signaling real strain in meeting the obligation.,HIGH_RISK,HIGH_02_CASHFLOW
The invoice cannot be paid at this time. The case requires immediate follow-up and escalation. The invoice should be managed as a blocked account.,HIGH_RISK,HIGH_03_BLOCKED
The invoice is queued for payment as agreed. The customer expects timely settlement. We are not seeing a payment disruption at this time.,LOW_RISK,LOW_03_SCHEDULED
The customer cannot proceed with the payment right now. The case requires immediate follow-up and escalation. The customer is not close to making a payment decision.,HIGH_RISK,HIGH_03_BLOCKED
The customer needs a little more time to complete the internal review. The terms are still being worked through. The risk profile is elevated compared with a fully settled invoice.,MEDIUM_RISK,MED_04_INTERNAL_REVIEW
The payment is scheduled for tomorrow. The release is part of the regular payment cycle. There is a clear payment plan in place.,LOW_RISK,LOW_03_SCHEDULED
The buyer is not prepared to confirm when the invoice will be paid. This suggests a serious risk of missed or delayed payment. The invoice may remain unsettled for an extended period.,HIGH_RISK,HIGH_06_FAILURE_TO_COMMIT
The company is currently constrained by cash-flow pressure. The invoice is at risk because the customer cannot confirm a repayment date. This case is not simply administrative; there is a genuine cash issue.,HIGH_RISK,HIGH_02_CASHFLOW
"The customer has a temporary issue preventing immediate settlement. The amount is still expected, but no fixed date has been confirmed. The risk is meaningful but not yet acute.",MEDIUM_RISK,MED_06_TEMPORARY_ISSUE
This invoice was paid and the remittance has been completed. There is no pending payment action. The collection team can close the case.,LOW_RISK,LOW_06_CONFIRMED
The customer has not provided a firm settlement date. The customer may be unable to release the funds in the near term. The risk of a prolonged delay is high.,HIGH_RISK,HIGH_01_NO_DATE
The payment is authorized and waiting for the transfer step. The release is already prepared in the payment queue. The invoice is aligned with the existing payment plan.,LOW_RISK,LOW_02_APPROVED
The customer has not given a dependable statement about when cash will move. This suggests a serious risk of missed or delayed payment. The amount should be managed with a high-risk posture.,HIGH_RISK,HIGH_06_FAILURE_TO_COMMIT
Treasury has confirmed the invoice is ready to pay. The payment is on track for settlement. The account is expected to reflect the transfer soon.,LOW_RISK,LOW_02_APPROVED
"The amount remains due and the customer has not closed the file. The account needs continued monitoring because the release date is not yet fixed. The buyer is engaged, but the payment date remains provisional.",MEDIUM_RISK,MED_05_PENDING_BUT_REASONABLE
"The customer is waiting on internal approval before payment can be released. The payment is likely to land within a short delay. The timeline may slip slightly, but the payment is still intended.",MEDIUM_RISK,MED_01_APPROVAL_DELAY
The organization is not in a position to guarantee payment. This suggests a serious risk of missed or delayed payment. The current communication is insufficient to support a strong recovery expectation.,HIGH_RISK,HIGH_06_FAILURE_TO_COMMIT
The company is currently constrained by cash-flow pressure. The customer is unable to promise a normal payment schedule. The risk of nonpayment is elevated until the situation changes.,HIGH_RISK,HIGH_02_CASHFLOW
The payment is expected to arrive on the committed date. The scheduled transfer is already underway. Any delay would be limited to routine processing.,LOW_RISK,LOW_03_SCHEDULED
The business is unable to state a dependable payment timeline. A prolonged delay or nonpayment appears plausible. The invoice may remain unsettled for an extended period.,HIGH_RISK,HIGH_06_FAILURE_TO_COMMIT
The customer is matching documents before approval is granted. The customer expects to settle once the review is complete. The payment date is not fully fixed yet.,MEDIUM_RISK,MED_02_RECONCILIATION
The payment is being delayed because of liquidity concerns. The account likely needs a more urgent collection strategy. The risk of nonpayment is elevated until the situation changes.,HIGH_RISK,HIGH_02_CASHFLOW
The customer cannot commit to a payment date right now. The buyer has not provided the necessary assurance that the amount will be paid. The invoice should be escalated for urgent follow-up.,HIGH_RISK,HIGH_01_NO_DATE
The payment has been processed and the bank confirmation is on file. The case does not require any further follow-up. The account reflects a completed transaction.,LOW_RISK,LOW_06_CONFIRMED
"The payment is still expected, but a temporary problem is slowing the process. The payment timeline is under review and likely to move. The payment might still happen, but not necessarily on the original date.",MEDIUM_RISK,MED_06_TEMPORARY_ISSUE
The customer has moved the invoice into the payment pipeline. There is no delay indicated by the finance team. The account is in a good position for settlement.,LOW_RISK,LOW_05_READY_TO_PAY
The payment is likely to slip well beyond the due date. The expected cash timing is far outside the normal expectation. The invoice should be monitored as high risk.,HIGH_RISK,HIGH_05_PROLONGED_DELAY
There is nothing in the current state that would prevent settlement. The funds are likely to be released within the agreed window. This is a routine collection case with no material risk.,LOW_RISK,LOW_04_NO_BLOCKER
The customer is unable to provide a reliable payment schedule. The account should be treated as highly uncertain until payment is verified. The amount may not be collected on time.,HIGH_RISK,HIGH_01_NO_DATE
The payment date is still unresolved. There is a substantial chance that payment will move far beyond the original due date. The payment outcome is not yet dependable.,HIGH_RISK,HIGH_01_NO_DATE
The payment is likely to slip well beyond the due date. The expected cash timing is far outside the normal expectation. The payment could be pushed far beyond the original timeline.,HIGH_RISK,HIGH_05_PROLONGED_DELAY
The customer needs a little more time to complete the internal review. The payment may move later than originally intended. The case should be handled as a moderate risk until payment is confirmed.,MEDIUM_RISK,MED_04_INTERNAL_REVIEW
A final approval step is required before the payment can be sent. The transfer should happen once the review step is finished. The payment should be visible once the administrative hold is cleared.,MEDIUM_RISK,MED_01_APPROVAL_DELAY
The customer is experiencing a short-term cash shortage. The customer has not provided an immediate path to settlement. The customer is signaling real strain in meeting the obligation.,HIGH_RISK,HIGH_02_CASHFLOW
Funds were released this morning. The payment status is confirmed. The customer has completed the requested transfer.,LOW_RISK,LOW_01_COMPLETE
The settlement is already reflected in the account. The collection process is effectively finished. The record should show that the invoice is paid.,LOW_RISK,LOW_06_CONFIRMED
The payment is not proceeding because the customer is unable to release funds. The payment may not be possible until the blocking issue is resolved. The invoice should be managed as a blocked account.,HIGH_RISK,HIGH_03_BLOCKED
The invoice has already been paid in full. There is no pending payment action. The account reflects a completed transaction.,LOW_RISK,LOW_06_CONFIRMED
The customer has confirmed the invoice and expects no delay. The customer has not raised any concerns. There is no evidence of a temporary or prolonged delay.,LOW_RISK,LOW_04_NO_BLOCKER
The customer needs a little more time to complete the internal review. The payment may move later than originally intended. The risk profile is elevated compared with a fully settled invoice.,MEDIUM_RISK,MED_04_INTERNAL_REVIEW
The settlement is already reflected in the account. The case does not require any further follow-up. The customer appears fully current.,LOW_RISK,LOW_06_CONFIRMED
The transfer is delayed by normal processing timing. The customer expects payment to land within a few days. The delay should not be interpreted as a complete nonpayment.,MEDIUM_RISK,MED_03_SHORT_DELAY
The customer has confirmed the invoice is ready for settlement. This is expected to happen on the agreed date. There is no present risk of nonpayment.,LOW_RISK,LOW_05_READY_TO_PAY
The transfer has been put on hold. The payment path appears compromised. The risk of prolonged default is significant.,HIGH_RISK,HIGH_03_BLOCKED
"The customer is matching documents before approval is granted. The transfer is still on the roadmap but needs the paperwork to finish. The likely outcome is eventual payment, but the exact date is still pending.",MEDIUM_RISK,MED_02_RECONCILIATION
The organization is not in a position to guarantee payment. The customer has not demonstrated the ability to meet the invoice promptly. The customer is not giving enough assurance to classify this as low or medium risk.,HIGH_RISK,HIGH_06_FAILURE_TO_COMMIT
A final approval step is required before the payment can be sent. The release is pending but the situation is manageable. The customer expects to meet the obligation after the approval process.,MEDIUM_RISK,MED_01_APPROVAL_DELAY
The customer has not offered a credible commitment to settlement. The payment horizon remains highly uncertain. The business is effectively signaling uncertainty about settlement.,HIGH_RISK,HIGH_06_FAILURE_TO_COMMIT
The customer expects to transfer the amount shortly. The scheduled transfer is already underway. The customer has no reason to defer payment.,LOW_RISK,LOW_03_SCHEDULED
The invoice is effectively stalled because the transfer has been blocked. The payment may not be possible until the blocking issue is resolved. There is no immediate evidence of a viable recovery path.,HIGH_RISK,HIGH_03_BLOCKED
The payment is paused due to a disagreement over the invoice details. This indicates a significant risk of missed or prolonged payment. The relationship is currently strained and the amount may not be recovered quickly.,HIGH_RISK,HIGH_04_DISPUTE
Payment has been suspended pending further review. There is a strong likelihood that the invoice will remain unpaid for a long period. The risk of prolonged default is significant.,HIGH_RISK,HIGH_03_BLOCKED
"A final approval step is required before the payment can be sent. The timing may shift by a few business days. The invoice is not canceled, only waiting on internal completion.",MEDIUM_RISK,MED_01_APPROVAL_DELAY
"The customer says they are still planning to pay. The buyer is aware of the obligation and is still working through it. The customer is not saying no, only that timing is still being worked out.",MEDIUM_RISK,MED_05_PENDING_BUT_REASONABLE
Settlement is confirmed and the remittance has been posted. The remittance advice has been delivered. The funds are already reflected in the account.,LOW_RISK,LOW_01_COMPLETE
The account is healthy and the outstanding amount is still on track. The payment should proceed normally. The outstanding amount is still expected to be resolved on time.,LOW_RISK,LOW_04_NO_BLOCKER
The payment has been queued but may take a little longer than usual. The payment is still intended and should come through soon. The delay should not be interpreted as a complete nonpayment.,MEDIUM_RISK,MED_03_SHORT_DELAY
The customer cannot confirm whether the invoice will be paid on time. A prolonged delay or nonpayment appears plausible. The payment outcome is not dependable today.,HIGH_RISK,HIGH_06_FAILURE_TO_COMMIT
The outstanding balance has been cleared. The invoice is now closed. There is no current blocker on the account.,LOW_RISK,LOW_01_COMPLETE
The payment team has not finalized the transfer yet. The transfer is likely but the date remains flexible. The case should be handled as a moderate risk until payment is confirmed.,MEDIUM_RISK,MED_04_INTERNAL_REVIEW
The customer says the invoice is under dispute and therefore no payment will be made. The payment date remains uncertain and likely to move back significantly. The case may require dispute resolution before any cash movement occurs.,HIGH_RISK,HIGH_04_DISPUTE
The customer says they are still planning to pay. The most likely outcome is payment after a short additional delay. A short extension is the most plausible outcome.,MEDIUM_RISK,MED_05_PENDING_BUT_REASONABLE
The invoice is still open and the release date has not been set. This raises a serious concern about when the invoice will be settled. The risk of a prolonged delay is high.,HIGH_RISK,HIGH_01_NO_DATE
The payment request has been cleared internally. The payment is on track for settlement. The payment timing is considered normal.,LOW_RISK,LOW_02_APPROVED
We have already made the payment. There is no pending payment action. There is no unresolved payment issue in this case.,LOW_RISK,LOW_06_CONFIRMED
The invoice will likely be paid only after an extended period. The invoice should be treated as high risk until payment is actually received. The payment could be pushed far beyond the original timeline.,HIGH_RISK,HIGH_05_PROLONGED_DELAY
The customer says the transfer will be made later than originally planned. The customer is hopeful the invoice will be settled shortly. The invoice still has a realistic path to payment.,MEDIUM_RISK,MED_03_SHORT_DELAY
"The customer has not confirmed the payment date, only their intent to pay. The customer still appears willing to settle, but timing remains unclear. The buyer is engaged, but the payment date remains provisional.",MEDIUM_RISK,MED_05_PENDING_BUT_REASONABLE
"The invoice is delayed because the payment batch is still running. The delay is temporary and tied to current operations. The customer has not rejected the invoice, only shifted the timing.",MEDIUM_RISK,MED_03_SHORT_DELAY
"There is a current operational bottleneck affecting payment release. The issue seems temporary, but the payment may arrive later than anticipated. The payment event is delayed but not abandoned.",MEDIUM_RISK,MED_06_TEMPORARY_ISSUE
The invoice is effectively stalled because the transfer has been blocked. The case requires immediate follow-up and escalation. The customer has not established a credible payment plan.,HIGH_RISK,HIGH_03_BLOCKED
The customer says the invoice is under dispute and therefore no payment will be made. This is not a routine case and should be treated seriously. The customer is not acknowledging the invoice as payable.,HIGH_RISK,HIGH_04_DISPUTE
The invoice is still open and the release date has not been set. The lack of a confirmed schedule suggests payment may be delayed materially. This is a meaningful nonpayment risk scenario.,HIGH_RISK,HIGH_01_NO_DATE
The organization is not in a position to guarantee payment. We should assume the account requires immediate attention. The customer is not giving enough assurance to classify this as low or medium risk.,HIGH_RISK,HIGH_06_FAILURE_TO_COMMIT
The payment is not facing any material obstacle. The current status suggests no special intervention is needed. There is no evidence of a temporary or prolonged delay.,LOW_RISK,LOW_04_NO_BLOCKER
The customer is refusing payment while the invoice is being contested. The buyer may be unable to settle until the dispute is closed. The customer is not acknowledging the invoice as payable.,HIGH_RISK,HIGH_04_DISPUTE
"The payment is still expected, but a temporary problem is slowing the process. The payment path is still alive, though delayed. The risk is meaningful but not yet acute.",MEDIUM_RISK,MED_06_TEMPORARY_ISSUE
The transaction has been approved and is in the release queue. The invoice is clean and ready for release. The customer is organized and prepared to pay.,LOW_RISK,LOW_05_READY_TO_PAY
The invoice is approved and there is no payment blocker. The transaction is expected to clear as scheduled. The customer has not indicated any reason to postpone payment.,LOW_RISK,LOW_04_NO_BLOCKER
The invoice is still open and the release date has not been set. The invoice remains at risk because the customer has not committed to a date. The risk of a prolonged delay is high.,HIGH_RISK,HIGH_01_NO_DATE
The payment date is still unresolved. The lack of a confirmed schedule suggests payment may be delayed materially. The payment outcome is not yet dependable.,HIGH_RISK,HIGH_01_NO_DATE
The customer is refusing payment while the invoice is being contested. This indicates a significant risk of missed or prolonged payment. No payment can be expected until the dispute is addressed.,HIGH_RISK,HIGH_04_DISPUTE
The invoice is fully settled. The remittance advice has been delivered. There is no current blocker on the account.,LOW_RISK,LOW_01_COMPLETE
The payment is not yet approved but is moving through the internal process. The payment is likely to land within a short delay. The customer confirms the payment is likely but not yet confirmed.,MEDIUM_RISK,MED_01_APPROVAL_DELAY
The payment is paused due to a disagreement over the invoice details. The buyer may be unable to settle until the dispute is closed. This should be classified as high risk.,HIGH_RISK,HIGH_04_DISPUTE
The invoice is facing a serious schedule extension. The invoice should be treated as high risk until payment is actually received. The payment could be pushed far beyond the original timeline.,HIGH_RISK,HIGH_05_PROLONGED_DELAY
The customer is experiencing a temporary issue that may affect payment timing. The case is unresolved and should be followed closely. This is an operational delay rather than a full repudiation.,MEDIUM_RISK,MED_06_TEMPORARY_ISSUE
The payment is authorized and waiting for the transfer step. The funds are scheduled to move according to the agreement. The payment timing is considered normal.,LOW_RISK,LOW_02_APPROVED
The payment will likely come through after the current batch closes. The amount remains due and the payment plan is still active. There is not yet enough evidence to classify the account as high risk.,MEDIUM_RISK,MED_03_SHORT_DELAY
The payment is authorized and waiting for the transfer step. The release is already prepared in the payment queue. This should meet the original due date.,LOW_RISK,LOW_02_APPROVED
The payment has been processed and the bank confirmation is on file. The collection process is effectively finished. The customer appears fully current.,LOW_RISK,LOW_06_CONFIRMED
The customer is forecasting a prolonged delay rather than a normal payment cycle. The invoice should be treated as high risk until payment is actually received. This is materially worse than a routine administrative delay.,HIGH_RISK,HIGH_05_PROLONGED_DELAY
The account has already been credited. No further action is required. The due date is effectively resolved.,LOW_RISK,LOW_01_COMPLETE
The customer is facing a brief operational delay in payment execution. The payment is still intended and should come through soon. The situation is manageable but needs close monitoring.,MEDIUM_RISK,MED_03_SHORT_DELAY
Internal approval has already been secured. The release is already prepared in the payment queue. The payment timing is considered normal.,LOW_RISK,LOW_02_APPROVED
The customer has confirmed the invoice and expects no delay. The payment should proceed normally. There is no evidence of a temporary or prolonged delay.,LOW_RISK,LOW_04_NO_BLOCKER
The customer cannot commit to a payment date right now. The situation should be treated as serious until the cash movement is confirmed. The customer appears unable or unwilling to commit.,HIGH_RISK,HIGH_01_NO_DATE
The payment is scheduled for tomorrow. The release is part of the regular payment cycle. Any delay would be limited to routine processing.,LOW_RISK,LOW_03_SCHEDULED
The payment team is still confirming the invoice details. The payment should occur after the outstanding administrative tasks are closed. The invoice is still considered recoverable.,MEDIUM_RISK,MED_02_RECONCILIATION
The invoice is still open and the release date has not been set. The account should be treated as highly uncertain until payment is verified. This is a meaningful nonpayment risk scenario.,HIGH_RISK,HIGH_01_NO_DATE
"The customer is finishing a reconciliation check before releasing funds. The invoice is still likely to be paid, but the timing is uncertain. The customer still expects to settle once the review task is completed.",MEDIUM_RISK,MED_02_RECONCILIATION
"The payment was not completed yet, but the customer is still engaged. The buyer is aware of the obligation and is still working through it. There is still a credible path to payment.",MEDIUM_RISK,MED_05_PENDING_BUT_REASONABLE
"The invoice is going through the standard internal review process. The transfer is likely but the date remains flexible. This is a genuine delay risk, but not necessarily a total default.",MEDIUM_RISK,MED_04_INTERNAL_REVIEW
The customer is unable to provide a reliable payment schedule. The customer may be unable to release the funds in the near term. The invoice should be escalated for urgent follow-up.,HIGH_RISK,HIGH_01_NO_DATE
"The payment is still expected, but a temporary problem is slowing the process. The customer has not canceled the invoice, only rescheduled the release. The payment might still happen, but not necessarily on the original date.",MEDIUM_RISK,MED_06_TEMPORARY_ISSUE
The invoice is ready to be paid. This is expected to happen on the agreed date. There is no present risk of nonpayment.,LOW_RISK,LOW_05_READY_TO_PAY
The account is healthy and the outstanding amount is still on track. The invoice remains in good standing. The invoice should be treated as low-risk from a payment standpoint.,LOW_RISK,LOW_04_NO_BLOCKER
"Finance is verifying account details before processing the payment. The transfer is still on the roadmap but needs the paperwork to finish. The likely outcome is eventual payment, but the exact date is still pending.",MEDIUM_RISK,MED_02_RECONCILIATION
The payment date is still unresolved. The lack of a confirmed schedule suggests payment may be delayed materially. The amount may not be collected on time.,HIGH_RISK,HIGH_01_NO_DATE
The invoice is waiting on a reconciliation step. The payment should occur after the outstanding administrative tasks are closed. The customer still expects to settle once the review task is completed.,MEDIUM_RISK,MED_02_RECONCILIATION
Payment was executed and the transaction is complete. There is no pending payment action. There is no unresolved payment issue in this case.,LOW_RISK,LOW_06_CONFIRMED
The invoice is facing a serious schedule extension. The invoice should be treated as high risk until payment is actually received. The invoice should be monitored as high risk.,HIGH_RISK,HIGH_05_PROLONGED_DELAY
The invoice is waiting on a reconciliation step. The customer expects to settle once the review is complete. The customer still expects to settle once the review task is completed.,MEDIUM_RISK,MED_02_RECONCILIATION
The customer is unable to make the transfer today because of cash constraints. The collection team should expect a difficult and delayed outcome. The cash-flow disruption may result in a prolonged delay.,HIGH_RISK,HIGH_02_CASHFLOW
Payment can be released immediately. The invoice is clean and ready for release. The customer is organized and prepared to pay.,LOW_RISK,LOW_05_READY_TO_PAY
The customer is unable to make the transfer today because of cash constraints. The account likely needs a more urgent collection strategy. The cash-flow disruption may result in a prolonged delay.,HIGH_RISK,HIGH_02_CASHFLOW
The custodian has confirmed the payment release window. The process is moving forward normally. Any delay would be limited to routine processing.,LOW_RISK,LOW_03_SCHEDULED
The customer is unable to meet the normal settlement window and expects a major delay. The chance of a timely collection is low in this scenario. The amount could remain unsettled for a meaningful stretch.,HIGH_RISK,HIGH_05_PROLONGED_DELAY
The finance team is still reviewing the invoice. The transfer should happen once the review step is finished. The delay appears to be procedural rather than financial.,MEDIUM_RISK,MED_01_APPROVAL_DELAY
Settlement is confirmed and the remittance has been posted. There are no outstanding payment issues. The customer has completed the requested transfer.,LOW_RISK,LOW_01_COMPLETE
There is currently no confirmed payment date. The lack of a confirmed schedule suggests payment may be delayed materially. The amount may not be collected on time.,HIGH_RISK,HIGH_01_NO_DATE
The customer is matching documents before approval is granted. The payment should occur after the outstanding administrative tasks are closed. The payment is being worked through the normal operations flow.,MEDIUM_RISK,MED_02_RECONCILIATION
The customer is unable to provide a reliable payment schedule. The situation should be treated as serious until the cash movement is confirmed. The customer has not established a credible near-term settlement plan.,HIGH_RISK,HIGH_01_NO_DATE
"The customer has not confirmed the payment date, only their intent to pay. The situation suggests a moderate payment risk rather than immediate default. There is still a credible path to payment.",MEDIUM_RISK,MED_05_PENDING_BUT_REASONABLE
The invoice has already been paid in full. The outstanding balance is resolved. The payment outcome is already confirmed.,LOW_RISK,LOW_06_CONFIRMED
Internal approval has already been secured. The bank transfer is expected to go out on time. The payment timing is considered normal.,LOW_RISK,LOW_02_APPROVED
The invoice is still open and the release date has not been set. There is a substantial chance that payment will move far beyond the original due date. The amount may not be collected on time.,HIGH_RISK,HIGH_01_NO_DATE
Finance has approved the invoice for payment. The transfer should happen without additional delay. The outstanding amount is expected to clear on schedule.,LOW_RISK,LOW_02_APPROVED
The payment request has been cleared internally. The funds are scheduled to move according to the agreement. The payment timing is considered normal.,LOW_RISK,LOW_02_APPROVED
The customer cannot proceed with the payment right now. The invoice is at serious risk of a major delay. This situation warrants urgent commercial action.,HIGH_RISK,HIGH_03_BLOCKED
The invoice is fully settled. There are no outstanding payment issues. The payment activity has already been completed.,LOW_RISK,LOW_01_COMPLETE
The payment was completed on schedule. The customer has already satisfied the obligation. The payment activity has already been completed.,LOW_RISK,LOW_01_COMPLETE
"The invoice is still pending a release decision. A delayed release is likely, but the underlying contract remains active. The amount should still be treated as recoverable but not yet settled.",MEDIUM_RISK,MED_05_PENDING_BUT_REASONABLE
The customer cannot proceed with the payment right now. The payment path appears compromised. This situation warrants urgent commercial action.,HIGH_RISK,HIGH_03_BLOCKED
The payment is not proceeding because the customer is unable to release funds. The customer has essentially paused the obligation. The customer has not established a credible payment plan.,HIGH_RISK,HIGH_03_BLOCKED
All review steps have been completed and the invoice is approved. The payment is on track for settlement. The invoice is aligned with the existing payment plan.,LOW_RISK,LOW_02_APPROVED
The payment is expected to arrive on the committed date. The transfer matches the agreed schedule. We are not seeing a payment disruption at this time.,LOW_RISK,LOW_03_SCHEDULED
The invoice is approved and there is no payment blocker. There is no sign of disruption in the payment workflow. There is no evidence of a temporary or prolonged delay.,LOW_RISK,LOW_04_NO_BLOCKER
The payment date is still unresolved. The customer may be unable to release the funds in the near term. The amount may not be collected on time.,HIGH_RISK,HIGH_01_NO_DATE
Payment was executed and the transaction is complete. There is no pending payment action. The payment outcome is already confirmed.,LOW_RISK,LOW_06_CONFIRMED
The business is unable to state a dependable payment timeline. A prolonged delay or nonpayment appears plausible. The current communication is insufficient to support a strong recovery expectation.,HIGH_RISK,HIGH_06_FAILURE_TO_COMMIT
"The customer has not confirmed the payment date, only their intent to pay. The buyer is aware of the obligation and is still working through it. A short extension is the most plausible outcome.",MEDIUM_RISK,MED_05_PENDING_BUT_REASONABLE
There is currently no confirmed payment date. There is a substantial chance that payment will move far beyond the original due date. The customer appears unable or unwilling to commit.,HIGH_RISK,HIGH_01_NO_DATE
The customer has confirmed the invoice is ready for settlement. No problem is currently visible in the payment chain. This appears to be routine and regular.,LOW_RISK,LOW_05_READY_TO_PAY
The invoice cannot be paid at this time. The customer has essentially paused the obligation. This situation warrants urgent commercial action.,HIGH_RISK,HIGH_03_BLOCKED
The account has already been credited. The payment status is confirmed. This matter is already settled from a payment perspective.,LOW_RISK,LOW_01_COMPLETE
The customer is reviewing the invoice before release. The transfer is likely but the date remains flexible. The case should be handled as a moderate risk until payment is confirmed.,MEDIUM_RISK,MED_04_INTERNAL_REVIEW
The customer is facing a brief operational delay in payment execution. The delay is temporary and tied to current operations. The situation is manageable but needs close monitoring.,MEDIUM_RISK,MED_03_SHORT_DELAY
The payment is not proceeding because the customer is unable to release funds. The buyer is not able to provide a realistic payment date. The invoice should be managed as a blocked account.,HIGH_RISK,HIGH_03_BLOCKED
The customer cannot proceed with the payment right now. The payment may not be possible until the blocking issue is resolved. This is a high-risk nonpayment scenario.,HIGH_RISK,HIGH_03_BLOCKED
The business is unable to state a dependable payment timeline. The invoice should be considered at high risk until payment is actually received. The current communication is insufficient to support a strong recovery expectation.,HIGH_RISK,HIGH_06_FAILURE_TO_COMMIT
"The transfer is delayed until reconciliation is complete. The amount remains committed but needs the final approval stage. The likely outcome is eventual payment, but the exact date is still pending.",MEDIUM_RISK,MED_02_RECONCILIATION
The invoice is fully settled. The customer has already satisfied the obligation. This matter is already settled from a payment perspective.,LOW_RISK,LOW_01_COMPLETE
The customer is unable to meet the normal settlement window and expects a major delay. The expected cash timing is far outside the normal expectation. This is materially worse than a routine administrative delay.,HIGH_RISK,HIGH_05_PROLONGED_DELAY
The invoice cannot be paid at this time. The payment may not be possible until the blocking issue is resolved. There is no immediate evidence of a viable recovery path.,HIGH_RISK,HIGH_03_BLOCKED
The payment has been blocked. The invoice is at serious risk of a major delay. The risk of prolonged default is significant.,HIGH_RISK,HIGH_03_BLOCKED
There is a temporary funding problem preventing immediate settlement. The account likely needs a more urgent collection strategy. The risk of nonpayment is elevated until the situation changes.,HIGH_RISK,HIGH_02_CASHFLOW
The payment is not yet approved but is moving through the internal process. There is a reasonable chance of a minor processing delay. The customer confirms the payment is likely but not yet confirmed.,MEDIUM_RISK,MED_01_APPROVAL_DELAY
The payment is outstanding but still expected. Settlement still appears possible if the internal process moves smoothly. The amount should still be treated as recoverable but not yet settled.,MEDIUM_RISK,MED_05_PENDING_BUT_REASONABLE
The invoice is approved and there is no payment blocker. The payment should proceed normally. The invoice should be treated as low-risk from a payment standpoint.,LOW_RISK,LOW_04_NO_BLOCKER
The customer is dealing with a cash-flow issue that is affecting payment. The payment may be pushed back materially while the shortfall is managed. The risk of nonpayment is elevated until the situation changes.,HIGH_RISK,HIGH_02_CASHFLOW
"There is a current operational bottleneck affecting payment release. The issue seems temporary, but the payment may arrive later than anticipated. The payment might still happen, but not necessarily on the original date.",MEDIUM_RISK,MED_06_TEMPORARY_ISSUE
The payment is scheduled for tomorrow. The transfer matches the agreed schedule. Any delay would be limited to routine processing.,LOW_RISK,LOW_03_SCHEDULED
The customer is experiencing a short-term cash shortage. The collection team should expect a difficult and delayed outcome. This case is not simply administrative; there is a genuine cash issue.,HIGH_RISK,HIGH_02_CASHFLOW
The transfer will not be made within the current schedule. The customer has signaled a materially worse payment outcome. The customer is not demonstrating a credible near-term path to payment.,HIGH_RISK,HIGH_05_PROLONGED_DELAY
"The customer has a temporary issue preventing immediate settlement. The customer still intends to pay, but the date is not guaranteed yet. The case should remain in watchlist status until release is confirmed.",MEDIUM_RISK,MED_06_TEMPORARY_ISSUE
The invoice has already been paid in full. The invoice is no longer outstanding. There is no unresolved payment issue in this case.,LOW_RISK,LOW_06_CONFIRMED
The customer has confirmed the invoice and its payment is approved. The transfer will be processed as planned. The payment timing is considered normal.,LOW_RISK,LOW_02_APPROVED
"The invoice is delayed by a temporary operational issue. The customer has not canceled the invoice, only rescheduled the release. The case should remain in watchlist status until release is confirmed.",MEDIUM_RISK,MED_06_TEMPORARY_ISSUE
Payment has been suspended pending further review. The invoice is at serious risk of a major delay. There is no immediate evidence of a viable recovery path.,HIGH_RISK,HIGH_03_BLOCKED
"The customer is completing the internal sign-off needed for settlement. The transfer should happen once the review step is finished. The timeline may slip slightly, but the payment is still intended.",MEDIUM_RISK,MED_01_APPROVAL_DELAY
The customer is experiencing a short-term cash shortage. The collection team should expect a difficult and delayed outcome. The cash-flow disruption may result in a prolonged delay.,HIGH_RISK,HIGH_02_CASHFLOW
The customer is unable to provide a reliable payment schedule. This raises a serious concern about when the invoice will be settled. The customer has not established a credible near-term settlement plan.,HIGH_RISK,HIGH_01_NO_DATE
The invoice has been approved and positioned for release. The transfer will be processed as planned. There is no indication of refusal or cancellation.,LOW_RISK,LOW_02_APPROVED
There are currently no issues preventing payment. The transaction is expected to clear as scheduled. The payment plan remains on track.,LOW_RISK,LOW_04_NO_BLOCKER
The customer is dealing with a cash-flow issue that is affecting payment. The payment may be pushed back materially while the shortfall is managed. This case is not simply administrative; there is a genuine cash issue.,HIGH_RISK,HIGH_02_CASHFLOW
Treasury confirms the account can send the payment now. The payment progression is on schedule. No special payment follow-up should be necessary.,LOW_RISK,LOW_05_READY_TO_PAY
The payment team has not finalized the transfer yet. The amount remains owed and the buyer is engaged. A few more administrative steps are necessary before the payment can be released.,MEDIUM_RISK,MED_04_INTERNAL_REVIEW
"The payment will likely come through after the current batch closes. The payment is not cancelled, only deferred for a short period. The situation is manageable but needs close monitoring.",MEDIUM_RISK,MED_03_SHORT_DELAY
We are expecting a short delay while the payment is processed. The payment is still intended and should come through soon. The invoice still has a realistic path to payment.,MEDIUM_RISK,MED_03_SHORT_DELAY
The payment is not proceeding because the customer is unable to release funds. The payment path appears compromised. The invoice should be managed as a blocked account.,HIGH_RISK,HIGH_03_BLOCKED
The customer cannot provide a reliable payment commitment. A prolonged delay or nonpayment appears plausible. The likelihood of a prolonged delay remains high.,HIGH_RISK,HIGH_06_FAILURE_TO_COMMIT
The customer cannot proceed with the payment right now. The buyer is not able to provide a realistic payment date. The risk of prolonged default is significant.,HIGH_RISK,HIGH_03_BLOCKED
The payment is authorized and waiting for the transfer step. Processing is underway and proceeds according to schedule. The account is expected to reflect the transfer soon.,LOW_RISK,LOW_02_APPROVED
The invoice is fully settled. The payment status is confirmed. There is no current blocker on the account.,LOW_RISK,LOW_01_COMPLETE
The customer has indicated that settlement will be much later than agreed. The outstanding amount is likely to remain open for a prolonged period. The amount could remain unsettled for a meaningful stretch.,HIGH_RISK,HIGH_05_PROLONGED_DELAY
The payment is being delayed because of liquidity concerns. The collection team should expect a difficult and delayed outcome. The customer is signaling real strain in meeting the obligation.,HIGH_RISK,HIGH_02_CASHFLOW
The customer says the invoice is under dispute and therefore no payment will be made. The invoice has become a high-risk collection matter. No payment can be expected until the dispute is addressed.,HIGH_RISK,HIGH_04_DISPUTE
The custodian has confirmed the payment release window. The transfer matches the agreed schedule. This does not look like a default scenario.,LOW_RISK,LOW_03_SCHEDULED
The customer has confirmed the invoice and its payment is approved. The transfer should happen without additional delay. The payment timing is considered normal.,LOW_RISK,LOW_02_APPROVED
All review steps have been completed and the invoice is approved. The payment has been routed for execution. There is no indication of refusal or cancellation.,LOW_RISK,LOW_02_APPROVED
The finance team reports that the invoice is ready to pay. The payment timing is considered routine. The buyer appears willing and able to meet the obligation.,LOW_RISK,LOW_04_NO_BLOCKER
"The invoice is still pending a release decision. The situation suggests a moderate payment risk rather than immediate default. The buyer is engaged, but the payment date remains provisional.",MEDIUM_RISK,MED_05_PENDING_BUT_REASONABLE
"The customer is facing a brief operational delay in payment execution. The customer is not refusing the invoice, but timing may slip slightly. The outstanding amount is still expected to be settled in the near term.",MEDIUM_RISK,MED_03_SHORT_DELAY
There is nothing in the current state that would prevent settlement. The payment should proceed normally. The outstanding amount is still expected to be resolved on time.,LOW_RISK,LOW_04_NO_BLOCKER
"The customer is waiting on internal approval before payment can be released. A small postponement is expected while approval completes. The invoice is not canceled, only waiting on internal completion.",MEDIUM_RISK,MED_01_APPROVAL_DELAY
The customer has confirmed the invoice is ready for settlement. The invoice is clean and ready for release. There is no sign that settlement will be deferred.,LOW_RISK,LOW_05_READY_TO_PAY
The payment is being held pending internal checks. The amount remains owed and the buyer is engaged. The case should be handled as a moderate risk until payment is confirmed.,MEDIUM_RISK,MED_04_INTERNAL_REVIEW
The customer is unable to provide a reliable payment schedule. The invoice remains at risk because the customer has not committed to a date. The risk of a prolonged delay is high.,HIGH_RISK,HIGH_01_NO_DATE
"The customer is matching documents before approval is granted. The process is moving forward but not yet final. The likely outcome is eventual payment, but the exact date is still pending.",MEDIUM_RISK,MED_02_RECONCILIATION
The customer disputes the invoice and will not release funds until the issue is resolved. This is not a routine case and should be treated seriously. The account appears to have material unresolved issues.,HIGH_RISK,HIGH_04_DISPUTE
The transfer is blocked because the customer is disputing the charge. The payment date remains uncertain and likely to move back significantly. This should be classified as high risk.,HIGH_RISK,HIGH_04_DISPUTE
Payment can be released immediately. This is expected to happen on the agreed date. There is no sign that settlement will be deferred.,LOW_RISK,LOW_05_READY_TO_PAY
Treasury has confirmed the invoice is ready to pay. The transfer should happen without additional delay. The account is expected to reflect the transfer soon.,LOW_RISK,LOW_02_APPROVED
The customer expects the payment to be delayed significantly beyond the original due date. This is not a short process delay but an extended postponement. The payment could be pushed far beyond the original timeline.,HIGH_RISK,HIGH_05_PROLONGED_DELAY
The invoice is fully settled. No further action is required. The customer has completed the requested transfer.,LOW_RISK,LOW_01_COMPLETE
The customer has confirmed the invoice and expects no delay. The current status suggests no special intervention is needed. This is a routine collection case with no material risk.,LOW_RISK,LOW_04_NO_BLOCKER
We are facing a temporary liquidity problem. The collection team should expect a difficult and delayed outcome. The invoice is being threatened by a real financial limitation.,HIGH_RISK,HIGH_02_CASHFLOW
The customer is unable to meet the normal settlement window and expects a major delay. The customer has not offered a firm near-term date. The amount could remain unsettled for a meaningful stretch.,HIGH_RISK,HIGH_05_PROLONGED_DELAY
The transfer will not be made within the current schedule. The customer has not offered a firm near-term date. The business is effectively saying the payment may be late for a long time.,HIGH_RISK,HIGH_05_PROLONGED_DELAY
Finance has approved the invoice for payment. The payment is on track for settlement. The account is expected to reflect the transfer soon.,LOW_RISK,LOW_02_APPROVED
The transfer was sent successfully. The outstanding balance is resolved. The record should show that the invoice is paid.,LOW_RISK,LOW_06_CONFIRMED
The invoice is still open and the release date has not been set. The buyer has not provided the necessary assurance that the amount will be paid. The amount may not be collected on time.,HIGH_RISK,HIGH_01_NO_DATE
The customer has not given a dependable statement about when cash will move. The payment horizon remains highly uncertain. The amount should be managed with a high-risk posture.,HIGH_RISK,HIGH_06_FAILURE_TO_COMMIT
The payment is not proceeding because the customer is unable to release funds. The amount is not currently in motion. The customer has not established a credible payment plan.,HIGH_RISK,HIGH_03_BLOCKED
The payment request has been cleared internally. The payment has been routed for execution. There is no indication of refusal or cancellation.,LOW_RISK,LOW_02_APPROVED
The invoice is going through the standard internal review process. The payment may move later than originally intended. The risk profile is elevated compared with a fully settled invoice.,MEDIUM_RISK,MED_04_INTERNAL_REVIEW
The business is unable to state a dependable payment timeline. The customer is not providing the level of confidence needed for low-risk treatment. The likelihood of a prolonged delay remains high.,HIGH_RISK,HIGH_06_FAILURE_TO_COMMIT
The customer is reviewing the invoice before release. The amount remains owed and the buyer is engaged. The account should be watched closely over the next few days.,MEDIUM_RISK,MED_04_INTERNAL_REVIEW
"The payment status is unresolved but the customer is still communicating. The account needs continued monitoring because the release date is not yet fixed. The buyer is engaged, but the payment date remains provisional.",MEDIUM_RISK,MED_05_PENDING_BUT_REASONABLE
Internal approval has already been secured. Processing is underway and proceeds according to schedule. The outstanding amount is expected to clear on schedule.,LOW_RISK,LOW_02_APPROVED
The invoice has already been paid in full. The transfer is complete and verified. This should be treated as fully settled.,LOW_RISK,LOW_06_CONFIRMED
The customer expects to transfer the amount shortly. No further approvals are presently blocking completion. The customer has no reason to defer payment.,LOW_RISK,LOW_03_SCHEDULED
The custodian has confirmed the payment release window. The process is moving forward normally. The invoice remains on track for on-time settlement.,LOW_RISK,LOW_03_SCHEDULED
The payment is not yet approved but is moving through the internal process. The transfer should happen once the review step is finished. There is no indication that the invoice has been rejected.,MEDIUM_RISK,MED_01_APPROVAL_DELAY
The customer is matching documents before approval is granted. The amount remains committed but needs the final approval stage. The payment is being worked through the normal operations flow.,MEDIUM_RISK,MED_02_RECONCILIATION
The company is currently constrained by cash-flow pressure. The collection team should expect a difficult and delayed outcome. This case is not simply administrative; there is a genuine cash issue.,HIGH_RISK,HIGH_02_CASHFLOW
The custodian has confirmed the payment release window. The process is moving forward normally. This does not look like a default scenario.,LOW_RISK,LOW_03_SCHEDULED
"The payment will likely come through after the current batch closes. The payment is not cancelled, only deferred for a short period. The customer appears willing to pay with a modest push-out.",MEDIUM_RISK,MED_03_SHORT_DELAY
The invoice is effectively stalled because the transfer has been blocked. The amount is not currently in motion. This is a high-risk nonpayment scenario.,HIGH_RISK,HIGH_03_BLOCKED
The invoice is fully settled. The invoice is now closed. The due date is effectively resolved.,LOW_RISK,LOW_01_COMPLETE
The payment is being held for reconciliation. The customer expects to settle once the review is complete. The payment date is not fully fixed yet.,MEDIUM_RISK,MED_02_RECONCILIATION
The business is currently constrained by limited liquidity. The customer has not provided an immediate path to settlement. The risk of nonpayment is elevated until the situation changes.,HIGH_RISK,HIGH_02_CASHFLOW
The customer says they are still planning to pay. The account needs continued monitoring because the release date is not yet fixed. The current information supports caution rather than escalation.,MEDIUM_RISK,MED_05_PENDING_BUT_REASONABLE
The payment is scheduled for tomorrow. The payment path is already approved. The invoice remains on track for on-time settlement.,LOW_RISK,LOW_03_SCHEDULED
The customer is unable to make the transfer today because of cash constraints. The collection team should expect a difficult and delayed outcome. The customer is signaling real strain in meeting the obligation.,HIGH_RISK,HIGH_02_CASHFLOW
The funds are available and the transfer is ready. No problem is currently visible in the payment chain. There is no sign that settlement will be deferred.,LOW_RISK,LOW_05_READY_TO_PAY
The invoice is queued for payment as agreed. The process is moving forward normally. There is a clear payment plan in place.,LOW_RISK,LOW_03_SCHEDULED
The invoice is currently contested and payment cannot proceed. The invoice has become a high-risk collection matter. This should be classified as high risk.,HIGH_RISK,HIGH_04_DISPUTE
"The customer is completing the internal sign-off needed for settlement. The payment remains possible but not yet locked in. The timeline may slip slightly, but the payment is still intended.",MEDIUM_RISK,MED_01_APPROVAL_DELAY
"The payment was not completed yet, but the customer is still engaged. Settlement still appears possible if the internal process moves smoothly. There is still a credible path to payment.",MEDIUM_RISK,MED_05_PENDING_BUT_REASONABLE
"The customer has not confirmed the payment date, only their intent to pay. The most likely outcome is payment after a short additional delay. The amount should still be treated as recoverable but not yet settled.",MEDIUM_RISK,MED_05_PENDING_BUT_REASONABLE
There are currently no issues preventing payment. There is no sign of disruption in the payment workflow. This should not impact the expected cash receipt timing.,LOW_RISK,LOW_04_NO_BLOCKER
The customer cannot provide a reliable payment commitment. The payment horizon remains highly uncertain. The invoice may remain unsettled for an extended period.,HIGH_RISK,HIGH_06_FAILURE_TO_COMMIT
Treasury has confirmed the invoice is ready to pay. The transfer should happen without additional delay. There is no indication of refusal or cancellation.,LOW_RISK,LOW_02_APPROVED
The invoice is ready to be paid. The release is a straightforward part of the normal process. The customer is organized and prepared to pay.,LOW_RISK,LOW_05_READY_TO_PAY
There is currently no confirmed payment date. The account should be treated as highly uncertain until payment is verified. The payment outcome is not yet dependable.,HIGH_RISK,HIGH_01_NO_DATE
The customer has not provided a firm settlement date. The buyer has not provided the necessary assurance that the amount will be paid. The payment outcome is not yet dependable.,HIGH_RISK,HIGH_01_NO_DATE
The custodian has confirmed the payment release window. The release is part of the regular payment cycle. The invoice remains on track for on-time settlement.,LOW_RISK,LOW_03_SCHEDULED
Treasury confirms the account can send the payment now. The timing should remain stable. The account is in a good position for settlement.,LOW_RISK,LOW_05_READY_TO_PAY
The customer is unable to provide a reliable payment schedule. The lack of a confirmed schedule suggests payment may be delayed materially. The payment outcome is not yet dependable.,HIGH_RISK,HIGH_01_NO_DATE
The invoice is delayed by a temporary operational issue. A short-term interruption is currently the main concern. The customer is still in communication and wants to resolve the invoice.,MEDIUM_RISK,MED_06_TEMPORARY_ISSUE
"The invoice is undergoing internal review. The expected outcome is still a payment, but the schedule is uncertain. The payment status should be reevaluated after the review finishes.",MEDIUM_RISK,MED_04_INTERNAL_REVIEW
There are currently no issues preventing payment. The customer has not raised any concerns. This should not impact the expected cash receipt timing.,LOW_RISK,LOW_04_NO_BLOCKER
The transfer has been arranged and should go through promptly. The payment path is already approved. The timing appears consistent with the prior agreement.,LOW_RISK,LOW_03_SCHEDULED
"There is a current operational bottleneck affecting payment release. The customer still intends to pay, but the date is not guaranteed yet. This is an operational delay rather than a full repudiation.",MEDIUM_RISK,MED_06_TEMPORARY_ISSUE
"The amount remains due and the customer has not closed the file. The invoice remains payable, just not yet confirmed in cash. The current information supports caution rather than escalation.",MEDIUM_RISK,MED_05_PENDING_BUT_REASONABLE
The account currently lacks a trustworthy repayment plan. The customer has not demonstrated the ability to meet the invoice promptly. The amount should be managed with a high-risk posture.,HIGH_RISK,HIGH_06_FAILURE_TO_COMMIT
The account is healthy and the outstanding amount is still on track. The current status suggests no special intervention is needed. The customer has not indicated any reason to postpone payment.,LOW_RISK,LOW_04_NO_BLOCKER
The payment is not proceeding because the customer is unable to release funds. The payment may not be possible until the blocking issue is resolved. The risk of prolonged default is significant.,HIGH_RISK,HIGH_03_BLOCKED
This invoice was paid and the remittance has been completed. The collection process is effectively finished. The customer appears fully current.,LOW_RISK,LOW_06_CONFIRMED
The invoice is fully settled. The payment status is confirmed. The payment activity has already been completed.,LOW_RISK,LOW_01_COMPLETE
There is nothing in the current state that would prevent settlement. The transaction is expected to clear as scheduled. The outstanding amount is still expected to be resolved on time.,LOW_RISK,LOW_04_NO_BLOCKER
There is a temporary slowdown in the payment cycle. The payment is still intended and should come through soon. The invoice still has a realistic path to payment.,MEDIUM_RISK,MED_03_SHORT_DELAY
The transfer will not be made within the current schedule. The chance of a timely collection is low in this scenario. The customer is not demonstrating a credible near-term path to payment.,HIGH_RISK,HIGH_05_PROLONGED_DELAY
The transfer has been arranged and should go through promptly. The transfer matches the agreed schedule. The invoice remains on track for on-time settlement.,LOW_RISK,LOW_03_SCHEDULED
The payment is being withheld because of a dispute. The invoice has become a high-risk collection matter. The financial outcome is uncertain and potentially adverse.,HIGH_RISK,HIGH_04_DISPUTE
"The payment is not yet approved but is moving through the internal process. The release is pending but the situation is manageable. The invoice is not canceled, only waiting on internal completion.",MEDIUM_RISK,MED_01_APPROVAL_DELAY
The finance team reports that the invoice is ready to pay. The payment timing is considered routine. There is no evidence of a temporary or prolonged delay.,LOW_RISK,LOW_04_NO_BLOCKER
Treasury has confirmed the invoice is ready to pay. The funds are scheduled to move according to the agreement. The customer intends to settle without any interruption.,LOW_RISK,LOW_02_APPROVED
All review steps have been completed and the invoice is approved. The payment is on track for settlement. The outstanding amount is expected to clear on schedule.,LOW_RISK,LOW_02_APPROVED
The payment is authorized and waiting for the transfer step. The payment has been routed for execution. This should meet the original due date.,LOW_RISK,LOW_02_APPROVED
The finance team is still reviewing the invoice. The timing may shift by a few business days. The customer expects to meet the obligation after the approval process.,MEDIUM_RISK,MED_01_APPROVAL_DELAY
The customer cannot commit to a payment date right now. The customer may be unable to release the funds in the near term. The customer appears unable or unwilling to commit.,HIGH_RISK,HIGH_01_NO_DATE
Settlement is confirmed and the remittance has been posted. There are no outstanding payment issues. The invoice should not require any additional follow-up.,LOW_RISK,LOW_01_COMPLETE
The invoice is pending internal reconciliation. The amount remains committed but needs the final approval stage. The customer still expects to settle once the review task is completed.,MEDIUM_RISK,MED_02_RECONCILIATION
The customer expects the payment to be delayed significantly beyond the original due date. The outstanding amount is likely to remain open for a prolonged period. The amount could remain unsettled for a meaningful stretch.,HIGH_RISK,HIGH_05_PROLONGED_DELAY
The invoice is under review and awaiting approval. The transfer should happen once the review step is finished. The payment should be visible once the administrative hold is cleared.,MEDIUM_RISK,MED_01_APPROVAL_DELAY
The payment is paused due to a disagreement over the invoice details. This is not a routine case and should be treated seriously. The case may require dispute resolution before any cash movement occurs.,HIGH_RISK,HIGH_04_DISPUTE
The account currently lacks a trustworthy repayment plan. The payment horizon remains highly uncertain. The amount should be managed with a high-risk posture.,HIGH_RISK,HIGH_06_FAILURE_TO_COMMIT
The payment is being withheld because of a dispute. The dispute introduces a real barrier to collection. The account appears to have material unresolved issues.,HIGH_RISK,HIGH_04_DISPUTE
"We are expecting a short delay while the payment is processed. The customer is not refusing the invoice, but timing may slip slightly. The delay should not be interpreted as a complete nonpayment.",MEDIUM_RISK,MED_03_SHORT_DELAY
"The payment has been queued but may take a little longer than usual. The customer is not refusing the invoice, but timing may slip slightly. The account may show a short delay, but not a permanent issue.",MEDIUM_RISK,MED_03_SHORT_DELAY
The payment was completed on schedule. The payment status is confirmed. The payment activity has already been completed.,LOW_RISK,LOW_01_COMPLETE
"A final approval step is required before the payment can be sent. The payment remains possible but not yet locked in. The timeline may slip slightly, but the payment is still intended.",MEDIUM_RISK,MED_01_APPROVAL_DELAY
The payment is not facing any material obstacle. There is no sign of disruption in the payment workflow. The payment plan remains on track.,LOW_RISK,LOW_04_NO_BLOCKER
The customer says the transfer will be made later than originally planned. The amount remains due and the payment plan is still active. The outstanding amount is still expected to be settled in the near term.,MEDIUM_RISK,MED_03_SHORT_DELAY
The customer is experiencing a temporary issue that may affect payment timing. The case is unresolved and should be followed closely. The case should remain in watchlist status until release is confirmed.,MEDIUM_RISK,MED_06_TEMPORARY_ISSUE
The invoice is waiting on a reconciliation step. The process is moving forward but not yet final. The delay is tied to internal confirmation rather than a hard repudiation.,MEDIUM_RISK,MED_02_RECONCILIATION
The invoice is facing a serious schedule extension. The customer has signaled a materially worse payment outcome. The customer is not demonstrating a credible near-term path to payment.,HIGH_RISK,HIGH_05_PROLONGED_DELAY
The payment is authorized and waiting for the transfer step. The payment has been routed for execution. There is no sign of a payment problem.,LOW_RISK,LOW_02_APPROVED
"There is a temporary slowdown in the payment cycle. The payment is still intended and should come through soon. The customer has not rejected the invoice, only shifted the timing.",MEDIUM_RISK,MED_03_SHORT_DELAY
"The customer says they are still planning to pay. The customer still appears willing to settle, but timing remains unclear. The customer is not saying no, only that timing is still being worked out.",MEDIUM_RISK,MED_05_PENDING_BUT_REASONABLE
The account currently lacks a trustworthy repayment plan. This suggests a serious risk of missed or delayed payment. The customer is not giving enough assurance to classify this as low or medium risk.,HIGH_RISK,HIGH_06_FAILURE_TO_COMMIT
The customer is prepared to complete the transfer without change. The customer has not raised any concerns. The invoice should be treated as low-risk from a payment standpoint.,LOW_RISK,LOW_04_NO_BLOCKER
The customer is waiting on internal approval before payment can be released. The timing may shift by a few business days. The account is still expected to receive the funds shortly.,MEDIUM_RISK,MED_01_APPROVAL_DELAY
The customer cannot commit to a payment date right now. The invoice remains at risk because the customer has not committed to a date. This is a meaningful nonpayment risk scenario.,HIGH_RISK,HIGH_01_NO_DATE
The transfer was sent successfully. There is no pending payment action. There is no unresolved payment issue in this case.,LOW_RISK,LOW_06_CONFIRMED
The customer expects to transfer the amount shortly. The release is part of the regular payment cycle. The timing appears consistent with the prior agreement.,LOW_RISK,LOW_03_SCHEDULED
The funds are available and the transfer is ready. No problem is currently visible in the payment chain. No special payment follow-up should be necessary.,LOW_RISK,LOW_05_READY_TO_PAY
The customer cannot confirm whether the invoice will be paid on time. We should assume the account requires immediate attention. The customer is not giving enough assurance to classify this as low or medium risk.,HIGH_RISK,HIGH_06_FAILURE_TO_COMMIT
The customer is matching documents before approval is granted. There may be a moderate postponement before release. The customer still expects to settle once the review task is completed.,MEDIUM_RISK,MED_02_RECONCILIATION
The invoice is still open and the release date has not been set. The situation should be treated as serious until the cash movement is confirmed. There is no visible payment certainty at this point.,HIGH_RISK,HIGH_01_NO_DATE
The invoice is going through the standard internal review process. There is a moderate chance of delay while the review concludes. The payment status should be reevaluated after the review finishes.,MEDIUM_RISK,MED_04_INTERNAL_REVIEW
The transfer was sent successfully. No additional cash collection effort is needed. This should be treated as fully settled.,LOW_RISK,LOW_06_CONFIRMED
The invoice has been approved and positioned for release. The payment is on track for settlement. There is no sign of a payment problem.,LOW_RISK,LOW_02_APPROVED
The transfer was successfully sent. There are no outstanding payment issues. The funds are already reflected in the account.,LOW_RISK,LOW_01_COMPLETE
The customer has indicated that settlement will be much later than agreed. The expected cash timing is far outside the normal expectation. The amount could remain unsettled for a meaningful stretch.,HIGH_RISK,HIGH_05_PROLONGED_DELAY
The customer expects to transfer the amount shortly. The payment path is already approved. The timing appears consistent with the prior agreement.,LOW_RISK,LOW_03_SCHEDULED
Payment can be released immediately. The release is a straightforward part of the normal process. The invoice should be processed without issue.,LOW_RISK,LOW_05_READY_TO_PAY
The invoice is currently contested and payment cannot proceed. This indicates a significant risk of missed or prolonged payment. The outstanding invoice may remain unpaid for an extended period.,HIGH_RISK,HIGH_04_DISPUTE
The customer is finishing a reconciliation check before releasing funds. There may be a moderate postponement before release. This appears to be a temporary administrative delay.,MEDIUM_RISK,MED_02_RECONCILIATION
The customer is prepared to complete the transfer without change. The funds are likely to be released within the agreed window. The invoice should be treated as low-risk from a payment standpoint.,LOW_RISK,LOW_04_NO_BLOCKER
The customer is matching documents before approval is granted. There may be a moderate postponement before release. The payment is being worked through the normal operations flow.,MEDIUM_RISK,MED_02_RECONCILIATION
"A review step is currently in progress before disbursement. The case still looks recoverable, but the timing is not final. The account should be watched closely over the next few days.",MEDIUM_RISK,MED_04_INTERNAL_REVIEW
The account is healthy and the outstanding amount is still on track. The payment timing is considered routine. There is no evidence of a temporary or prolonged delay.,LOW_RISK,LOW_04_NO_BLOCKER
The payment team has not finalized the transfer yet. There is a moderate chance of delay while the review concludes. A few more administrative steps are necessary before the payment can be released.,MEDIUM_RISK,MED_04_INTERNAL_REVIEW
The payment is prepared and awaiting execution. There is no delay indicated by the finance team. There is no present risk of nonpayment.,LOW_RISK,LOW_05_READY_TO_PAY
The invoice is effectively stalled because the transfer has been blocked. The amount is not currently in motion. The customer is not close to making a payment decision.,HIGH_RISK,HIGH_03_BLOCKED
The payment is being withheld because of a dispute. This indicates a significant risk of missed or prolonged payment. The financial outcome is uncertain and potentially adverse.,HIGH_RISK,HIGH_04_DISPUTE
The invoice is approved and there is no payment blocker. The funds are likely to be released within the agreed window. The buyer appears willing and able to meet the obligation.,LOW_RISK,LOW_04_NO_BLOCKER
The customer has indicated that settlement will be much later than agreed. This is not a short process delay but an extended postponement. This is materially worse than a routine administrative delay.,HIGH_RISK,HIGH_05_PROLONGED_DELAY
The customer is prepared to complete the transfer without change. The current status suggests no special intervention is needed. The outstanding amount is still expected to be resolved on time.,LOW_RISK,LOW_04_NO_BLOCKER
The customer is waiting on internal approval before payment can be released. A small postponement is expected while approval completes. The customer expects to meet the obligation after the approval process.,MEDIUM_RISK,MED_01_APPROVAL_DELAY
The business is currently constrained by limited liquidity. The customer is unable to promise a normal payment schedule. The payment will likely be delayed until liquidity improves.,HIGH_RISK,HIGH_02_CASHFLOW
"The customer is completing the internal sign-off needed for settlement. The customer believes the invoice will eventually be paid. The timeline may slip slightly, but the payment is still intended.",MEDIUM_RISK,MED_01_APPROVAL_DELAY
The customer says the transfer will be made later than originally planned. The delay is temporary and tied to current operations. There is not yet enough evidence to classify the account as high risk.,MEDIUM_RISK,MED_03_SHORT_DELAY
This invoice was paid and the remittance has been completed. No additional cash collection effort is needed. The payment outcome is already confirmed.,LOW_RISK,LOW_06_CONFIRMED
There is currently no confirmed payment date. The invoice remains at risk because the customer has not committed to a date. The payment outcome is not yet dependable.,HIGH_RISK,HIGH_01_NO_DATE
The transfer is delayed by normal processing timing. The delay is temporary and tied to current operations. The invoice still has a realistic path to payment.,MEDIUM_RISK,MED_03_SHORT_DELAY
The organization is not in a position to guarantee payment. The payment horizon remains highly uncertain. The amount should be managed with a high-risk posture.,HIGH_RISK,HIGH_06_FAILURE_TO_COMMIT
The payment is scheduled for tomorrow. The payment should reach the account without issue. The payment commitment appears solid.,LOW_RISK,LOW_03_SCHEDULED
The customer has moved the invoice into the payment pipeline. There is no delay indicated by the finance team. This appears to be routine and regular.,LOW_RISK,LOW_05_READY_TO_PAY
The customer has not offered a credible commitment to settlement. This suggests a serious risk of missed or delayed payment. The business is effectively signaling uncertainty about settlement.,HIGH_RISK,HIGH_06_FAILURE_TO_COMMIT
The payment team has not finalized the transfer yet. The terms are still being worked through. The payment status should be reevaluated after the review finishes.,MEDIUM_RISK,MED_04_INTERNAL_REVIEW
The payment is authorized and waiting for the transfer step. The funds are scheduled to move according to the agreement. The invoice is aligned with the existing payment plan.,LOW_RISK,LOW_02_APPROVED
The customer is forecasting a prolonged delay rather than a normal payment cycle. The expected cash timing is far outside the normal expectation. The invoice should be monitored as high risk.,HIGH_RISK,HIGH_05_PROLONGED_DELAY
The transaction has been approved and is in the release queue. The payment progression is on schedule. No special payment follow-up should be necessary.,LOW_RISK,LOW_05_READY_TO_PAY
The payment release is currently blocked by internal constraints. There is a strong likelihood that the invoice will remain unpaid for a long period. The risk of prolonged default is significant.,HIGH_RISK,HIGH_03_BLOCKED
The customer cannot provide a reliable payment commitment. The customer has not demonstrated the ability to meet the invoice promptly. This should not be treated as a routine payment case.,HIGH_RISK,HIGH_06_FAILURE_TO_COMMIT
"The payment team is still confirming the invoice details. The invoice is still likely to be paid, but the timing is uncertain. The likely outcome is eventual payment, but the exact date is still pending.",MEDIUM_RISK,MED_02_RECONCILIATION
The payment release is currently blocked by internal constraints. There is a strong likelihood that the invoice will remain unpaid for a long period. The customer has not established a credible payment plan.,HIGH_RISK,HIGH_03_BLOCKED
"The invoice remains open, and the buyer has not yet finalized the transfer. The customer still appears willing to settle, but timing remains unclear. The current information supports caution rather than escalation.",MEDIUM_RISK,MED_05_PENDING_BUT_REASONABLE
The customer is refusing payment while the invoice is being contested. The buyer may be unable to settle until the dispute is closed. No payment can be expected until the dispute is addressed.,HIGH_RISK,HIGH_04_DISPUTE
We have already made the payment. The customer has met its payment obligation. The account reflects a completed transaction.,LOW_RISK,LOW_06_CONFIRMED
The payment is likely to slip well beyond the due date. The expected cash timing is far outside the normal expectation. The business is effectively saying the payment may be late for a long time.,HIGH_RISK,HIGH_05_PROLONGED_DELAY
The business is currently constrained by limited liquidity. The customer is unable to promise a normal payment schedule. This should be treated as a serious payment risk.,HIGH_RISK,HIGH_02_CASHFLOW
Everything is in place for the payment to be sent soon. The process is moving forward normally. There is a clear payment plan in place.,LOW_RISK,LOW_03_SCHEDULED
Funds are planned to be released this week. The transfer matches the agreed schedule. The invoice remains on track for on-time settlement.,LOW_RISK,LOW_03_SCHEDULED
The transfer will not be made within the current schedule. The account should be elevated because the delay is substantial. This is materially worse than a routine administrative delay.,HIGH_RISK,HIGH_05_PROLONGED_DELAY
The invoice cannot be paid at this time. The invoice is at serious risk of a major delay. The customer has not established a credible payment plan.,HIGH_RISK,HIGH_03_BLOCKED
The transfer has been arranged and should go through promptly. The release is part of the regular payment cycle. The invoice remains on track for on-time settlement.,LOW_RISK,LOW_03_SCHEDULED
The payment has been processed and the bank confirmation is on file. No additional cash collection effort is needed. There is no unresolved payment issue in this case.,LOW_RISK,LOW_06_CONFIRMED
The customer has moved the invoice into the payment pipeline. The release is a straightforward part of the normal process. The account is in a good position for settlement.,LOW_RISK,LOW_05_READY_TO_PAY
The invoice is currently contested and payment cannot proceed. The dispute introduces a real barrier to collection. The case may require dispute resolution before any cash movement occurs.,HIGH_RISK,HIGH_04_DISPUTE
The payment release is currently blocked by internal constraints. There is a strong likelihood that the invoice will remain unpaid for a long period. A sustained delay appears likely.,HIGH_RISK,HIGH_03_BLOCKED
"There is a short-term obstacle affecting the payment process. The customer still intends to pay, but the date is not guaranteed yet. This is an operational delay rather than a full repudiation.",MEDIUM_RISK,MED_06_TEMPORARY_ISSUE
The customer is facing a brief operational delay in payment execution. The case remains open and processing is ongoing. There is not yet enough evidence to classify the account as high risk.,MEDIUM_RISK,MED_03_SHORT_DELAY
The customer is forecasting a prolonged delay rather than a normal payment cycle. The expected cash timing is far outside the normal expectation. This is materially worse than a routine administrative delay.,HIGH_RISK,HIGH_05_PROLONGED_DELAY
The customer has confirmed the invoice is ready for settlement. The timing should remain stable. The account is in a good position for settlement.,LOW_RISK,LOW_05_READY_TO_PAY
The invoice has already been paid in full. The transfer is complete and verified. The record should show that the invoice is paid.,LOW_RISK,LOW_06_CONFIRMED
The payment is not proceeding because the customer is unable to release funds. The payment may not be possible until the blocking issue is resolved. A sustained delay appears likely.,HIGH_RISK,HIGH_03_BLOCKED
The customer is dealing with a cash-flow issue that is affecting payment. The customer is unable to promise a normal payment schedule. This case is not simply administrative; there is a genuine cash issue.,HIGH_RISK,HIGH_02_CASHFLOW
"The customer has not confirmed the payment date, only their intent to pay. The situation suggests a moderate payment risk rather than immediate default. The current information supports caution rather than escalation.",MEDIUM_RISK,MED_05_PENDING_BUT_REASONABLE
The account is healthy and the outstanding amount is still on track. The transaction is expected to clear as scheduled. This is a routine collection case with no material risk.,LOW_RISK,LOW_04_NO_BLOCKER
The payment status is unresolved but the customer is still communicating. The situation suggests a moderate payment risk rather than immediate default. The customer has not outright refused the invoice.,MEDIUM_RISK,MED_05_PENDING_BUT_REASONABLE
"The invoice is under review and awaiting approval. A small postponement is expected while approval completes. The timeline may slip slightly, but the payment is still intended.",MEDIUM_RISK,MED_01_APPROVAL_DELAY
"The amount remains due and the customer has not closed the file. The invoice remains payable, just not yet confirmed in cash. The customer is not saying no, only that timing is still being worked out.",MEDIUM_RISK,MED_05_PENDING_BUT_REASONABLE
The finance team is still reviewing the invoice. The payment remains possible but not yet locked in. There is no indication that the invoice has been rejected.,MEDIUM_RISK,MED_01_APPROVAL_DELAY
Payment has been suspended pending further review. The invoice is at serious risk of a major delay. This is a high-risk nonpayment scenario.,HIGH_RISK,HIGH_03_BLOCKED
"The customer is still verifying the invoice details before payment. The terms are still being worked through. The customer has not refused payment, only slowed the process.",MEDIUM_RISK,MED_04_INTERNAL_REVIEW
The customer says they are still planning to pay. The buyer is aware of the obligation and is still working through it. A short extension is the most plausible outcome.,MEDIUM_RISK,MED_05_PENDING_BUT_REASONABLE
The settlement is already reflected in the account. The case does not require any further follow-up. This should be treated as fully settled.,LOW_RISK,LOW_06_CONFIRMED
The customer cannot provide a reliable payment commitment. The customer is not providing the level of confidence needed for low-risk treatment. The invoice may remain unsettled for an extended period.,HIGH_RISK,HIGH_06_FAILURE_TO_COMMIT
The invoice is delayed by a temporary operational issue. The payment timeline is under review and likely to move. The risk is meaningful but not yet acute.,MEDIUM_RISK,MED_06_TEMPORARY_ISSUE
"The customer has a temporary issue preventing immediate settlement. The customer still intends to pay, but the date is not guaranteed yet. The situation requires a moderate-risk handling strategy.",MEDIUM_RISK,MED_06_TEMPORARY_ISSUE
The customer is unable to meet the normal settlement window and expects a major delay. The customer has signaled a materially worse payment outcome. The amount could remain unsettled for a meaningful stretch.,HIGH_RISK,HIGH_05_PROLONGED_DELAY
The customer cannot provide a reliable payment commitment. The invoice should be considered at high risk until payment is actually received. The likelihood of a prolonged delay remains high.,HIGH_RISK,HIGH_06_FAILURE_TO_COMMIT
The invoice has already been paid in full. The case does not require any further follow-up. There is no unresolved payment issue in this case.,LOW_RISK,LOW_06_CONFIRMED
The transfer has been arranged and should go through promptly. The scheduled transfer is already underway. The payment commitment appears solid.,LOW_RISK,LOW_03_SCHEDULED
"The customer says the transfer will be made later than originally planned. The payment is not cancelled, only deferred for a short period. The account may show a short delay, but not a permanent issue.",MEDIUM_RISK,MED_03_SHORT_DELAY
The payment is authorized and waiting for the transfer step. The payment has been routed for execution. The customer intends to settle without any interruption.,LOW_RISK,LOW_02_APPROVED
There is a temporary funding problem preventing immediate settlement. The customer has not provided an immediate path to settlement. No reliable date can be given at this stage.,HIGH_RISK,HIGH_02_CASHFLOW
The invoice is fully settled. There are no outstanding payment issues. The due date is effectively resolved.,LOW_RISK,LOW_01_COMPLETE
The payment date is still unresolved. The customer may be unable to release the funds in the near term. The customer has not established a credible near-term settlement plan.,HIGH_RISK,HIGH_01_NO_DATE
Settlement is confirmed and the remittance has been posted. The remittance advice has been delivered. The invoice should not require any additional follow-up.,LOW_RISK,LOW_01_COMPLETE
There is currently no confirmed payment date. The account should be treated as highly uncertain until payment is verified. The invoice should be escalated for urgent follow-up.,HIGH_RISK,HIGH_01_NO_DATE
All review steps have been completed and the invoice is approved. The bank transfer is expected to go out on time. The invoice is aligned with the existing payment plan.,LOW_RISK,LOW_02_APPROVED
There is a short-term obstacle affecting the payment process. The payment timeline is under review and likely to move. The situation requires a moderate-risk handling strategy.,MEDIUM_RISK,MED_06_TEMPORARY_ISSUE
"The customer needs a little more time to complete the internal review. The expected outcome is still a payment, but the schedule is uncertain. The payment status should be reevaluated after the review finishes.",MEDIUM_RISK,MED_04_INTERNAL_REVIEW
The invoice is waiting on a reconciliation step. The process is moving forward but not yet final. The invoice is still considered recoverable.,MEDIUM_RISK,MED_02_RECONCILIATION
The customer is completing the internal sign-off needed for settlement. The timing may shift by a few business days. There is no indication that the invoice has been rejected.,MEDIUM_RISK,MED_01_APPROVAL_DELAY
The customer has moved the invoice into the payment pipeline. No problem is currently visible in the payment chain. There is no present risk of nonpayment.,LOW_RISK,LOW_05_READY_TO_PAY
"There is a current operational bottleneck affecting payment release. The amount is still expected, but no fixed date has been confirmed. This is an operational delay rather than a full repudiation.",MEDIUM_RISK,MED_06_TEMPORARY_ISSUE
The transfer is delayed by normal processing timing. The amount remains due and the payment plan is still active. There is not yet enough evidence to classify the account as high risk.,MEDIUM_RISK,MED_03_SHORT_DELAY
The business is currently constrained by limited liquidity. The customer is unable to promise a normal payment schedule. The cash-flow disruption may result in a prolonged delay.,HIGH_RISK,HIGH_02_CASHFLOW
This invoice was paid and the remittance has been completed. The customer has met its payment obligation. The collection team can close the case.,LOW_RISK,LOW_06_CONFIRMED
The invoice is ready to be paid. The payment progression is on schedule. The account is in a good position for settlement.,LOW_RISK,LOW_05_READY_TO_PAY
The customer is refusing payment while the invoice is being contested. The invoice has become a high-risk collection matter. No payment can be expected until the dispute is addressed.,HIGH_RISK,HIGH_04_DISPUTE
The business is unable to state a dependable payment timeline. The obligation is not being honored with enough clarity or certainty. The payment outcome is not dependable today.,HIGH_RISK,HIGH_06_FAILURE_TO_COMMIT
The transaction has been approved and is in the release queue. No problem is currently visible in the payment chain. This appears to be routine and regular.,LOW_RISK,LOW_05_READY_TO_PAY
The invoice is effectively stalled because the transfer has been blocked. The customer has essentially paused the obligation. There is no immediate evidence of a viable recovery path.,HIGH_RISK,HIGH_03_BLOCKED
The payment is expected to arrive on the committed date. No further approvals are presently blocking completion. This does not look like a default scenario.,LOW_RISK,LOW_03_SCHEDULED
"The customer is finishing a reconciliation check before releasing funds. A brief delay is expected while the file is completed. We have not seen evidence of refusal, only a processing pause.",MEDIUM_RISK,MED_02_RECONCILIATION
The customer is facing a brief operational delay in payment execution. The amount remains due and the payment plan is still active. There is not yet enough evidence to classify the account as high risk.,MEDIUM_RISK,MED_03_SHORT_DELAY
The invoice is fully settled. The transaction is fully reconciled. The invoice should not require any additional follow-up.,LOW_RISK,LOW_01_COMPLETE
The payment has been blocked. The payment may not be possible until the blocking issue is resolved. The customer has not established a credible payment plan.,HIGH_RISK,HIGH_03_BLOCKED
The invoice has been flagged for additional approval checks. The release is pending but the situation is manageable. The account is still expected to receive the funds shortly.,MEDIUM_RISK,MED_01_APPROVAL_DELAY
Payment can be released immediately. The payment progression is on schedule. The customer is organized and prepared to pay.,LOW_RISK,LOW_05_READY_TO_PAY
The payment is being withheld because of a dispute. The customer is not confirming any immediate payment timeline. The financial outcome is uncertain and potentially adverse.,HIGH_RISK,HIGH_04_DISPUTE
The customer has confirmed the invoice is ready for settlement. The payment progression is on schedule. The account is in a good position for settlement.,LOW_RISK,LOW_05_READY_TO_PAY
All review steps have been completed and the invoice is approved. The funds are scheduled to move according to the agreement. There is no indication of refusal or cancellation.,LOW_RISK,LOW_02_APPROVED
The customer has confirmed the invoice is ready for settlement. The release is a straightforward part of the normal process. The customer is organized and prepared to pay.,LOW_RISK,LOW_05_READY_TO_PAY
The buyer is not prepared to confirm when the invoice will be paid. The payment horizon remains highly uncertain. This should not be treated as a routine payment case.,HIGH_RISK,HIGH_06_FAILURE_TO_COMMIT
The buyer is not prepared to confirm when the invoice will be paid. The payment horizon remains highly uncertain. The business is effectively signaling uncertainty about settlement.,HIGH_RISK,HIGH_06_FAILURE_TO_COMMIT
Payment has already been completed. There are no outstanding payment issues. The invoice should not require any additional follow-up.,LOW_RISK,LOW_01_COMPLETE
The customer has confirmed the invoice and its payment is approved. The payment is on track for settlement. The invoice is aligned with the existing payment plan.,LOW_RISK,LOW_02_APPROVED
The invoice is delayed by a temporary operational issue. The case is unresolved and should be followed closely. This is an operational delay rather than a full repudiation.,MEDIUM_RISK,MED_06_TEMPORARY_ISSUE
"The invoice is delayed by a temporary operational issue. The customer has not canceled the invoice, only rescheduled the release. The risk is meaningful but not yet acute.",MEDIUM_RISK,MED_06_TEMPORARY_ISSUE
There is currently no confirmed payment date. The buyer has not provided the necessary assurance that the amount will be paid. The customer has not established a credible near-term settlement plan.,HIGH_RISK,HIGH_01_NO_DATE
The customer cannot proceed with the payment right now. The payment path appears compromised. The risk of prolonged default is significant.,HIGH_RISK,HIGH_03_BLOCKED
Internal approval has already been secured. The funds are scheduled to move according to the agreement. The customer intends to settle without any interruption.,LOW_RISK,LOW_02_APPROVED
There is currently no confirmed payment date. This raises a serious concern about when the invoice will be settled. The invoice should be escalated for urgent follow-up.,HIGH_RISK,HIGH_01_NO_DATE
"The payment team has not finalized the transfer yet. The expected outcome is still a payment, but the schedule is uncertain. A few more administrative steps are necessary before the payment can be released.",MEDIUM_RISK,MED_04_INTERNAL_REVIEW
The customer is unable to provide a reliable payment schedule. There is a substantial chance that payment will move far beyond the original due date. The risk of a prolonged delay is high.,HIGH_RISK,HIGH_01_NO_DATE
"The payment was not completed yet, but the customer is still engaged. The buyer is aware of the obligation and is still working through it. A short extension is the most plausible outcome.",MEDIUM_RISK,MED_05_PENDING_BUT_REASONABLE
Finance is verifying account details before processing the payment. The transfer is still on the roadmap but needs the paperwork to finish. The payment date is not fully fixed yet.,MEDIUM_RISK,MED_02_RECONCILIATION
The transfer has been put on hold. The buyer is not able to provide a realistic payment date. This situation warrants urgent commercial action.,HIGH_RISK,HIGH_03_BLOCKED
The invoice has been approved and positioned for release. The release is already prepared in the payment queue. The account is expected to reflect the transfer soon.,LOW_RISK,LOW_02_APPROVED
The customer is unable to make the transfer today because of cash constraints. The invoice is at risk because the customer cannot confirm a repayment date. The risk of nonpayment is elevated until the situation changes.,HIGH_RISK,HIGH_02_CASHFLOW
The payment is expected to arrive on the committed date. The payment path is already approved. The customer has no reason to defer payment.,LOW_RISK,LOW_03_SCHEDULED
Payment is still pending final approval. The payment remains possible but not yet locked in. There is no indication that the invoice has been rejected.,MEDIUM_RISK,MED_01_APPROVAL_DELAY
"The payment team has not finalized the transfer yet. The terms are still being worked through. This is a genuine delay risk, but not necessarily a total default.",MEDIUM_RISK,MED_04_INTERNAL_REVIEW
The invoice has been flagged for additional approval checks. The payment is likely to land within a short delay. There is no indication that the invoice has been rejected.,MEDIUM_RISK,MED_01_APPROVAL_DELAY
Treasury confirms the account can send the payment now. The invoice is clean and ready for release. The customer is organized and prepared to pay.,LOW_RISK,LOW_05_READY_TO_PAY
The custodian has confirmed the payment release window. The customer expects timely settlement. This does not look like a default scenario.,LOW_RISK,LOW_03_SCHEDULED
There is currently no confirmed payment date. There is a substantial chance that payment will move far beyond the original due date. The payment outcome is not yet dependable.,HIGH_RISK,HIGH_01_NO_DATE
The settlement is already reflected in the account. The customer has met its payment obligation. The collection team can close the case.,LOW_RISK,LOW_06_CONFIRMED
The invoice is effectively stalled because the transfer has been blocked. The invoice is at serious risk of a major delay. The customer is not close to making a payment decision.,HIGH_RISK,HIGH_03_BLOCKED
The customer cannot commit to a payment date right now. The invoice remains at risk because the customer has not committed to a date. The risk of a prolonged delay is high.,HIGH_RISK,HIGH_01_NO_DATE
The payment has been queued but may take a little longer than usual. The case remains open and processing is ongoing. The delay should not be interpreted as a complete nonpayment.,MEDIUM_RISK,MED_03_SHORT_DELAY
The customer says they are still planning to pay. The situation suggests a moderate payment risk rather than immediate default. The amount should still be treated as recoverable but not yet settled.,MEDIUM_RISK,MED_05_PENDING_BUT_REASONABLE
The payment is being withheld because of a dispute. The payment date remains uncertain and likely to move back significantly. No payment can be expected until the dispute is addressed.,HIGH_RISK,HIGH_04_DISPUTE
The payment timing remains uncertain. The lack of a confirmed schedule suggests payment may be delayed materially. The customer appears unable or unwilling to commit.,HIGH_RISK,HIGH_01_NO_DATE
The customer is still verifying the invoice details before payment. The terms are still being worked through. A few more administrative steps are necessary before the payment can be released.,MEDIUM_RISK,MED_04_INTERNAL_REVIEW
The customer is reviewing the invoice before release. The transfer is likely but the date remains flexible. A few more administrative steps are necessary before the payment can be released.,MEDIUM_RISK,MED_04_INTERNAL_REVIEW
"The customer has a temporary issue preventing immediate settlement. The issue seems temporary, but the payment may arrive later than anticipated. The payment event is delayed but not abandoned.",MEDIUM_RISK,MED_06_TEMPORARY_ISSUE
The payment is prepared and awaiting execution. There is no delay indicated by the finance team. The customer is organized and prepared to pay.,LOW_RISK,LOW_05_READY_TO_PAY
The customer has not provided a firm settlement date. The account should be treated as highly uncertain until payment is verified. There is no visible payment certainty at this point.,HIGH_RISK,HIGH_01_NO_DATE
"The payment will likely come through after the current batch closes. The amount remains due and the payment plan is still active. The account may show a short delay, but not a permanent issue.",MEDIUM_RISK,MED_03_SHORT_DELAY
The payment is authorized and waiting for the transfer step. The payment has been routed for execution. There is no indication of refusal or cancellation.,LOW_RISK,LOW_02_APPROVED
Treasury confirms the account can send the payment now. This is expected to happen on the agreed date. The current status supports a low-risk customer communication.,LOW_RISK,LOW_05_READY_TO_PAY
"The invoice is under review and awaiting approval. A small postponement is expected while approval completes. The invoice is not canceled, only waiting on internal completion.",MEDIUM_RISK,MED_01_APPROVAL_DELAY
The payment is likely to slip well beyond the due date. The outstanding amount is likely to remain open for a prolonged period. The amount could remain unsettled for a meaningful stretch.,HIGH_RISK,HIGH_05_PROLONGED_DELAY
We cannot confirm when the payment will be made. The invoice remains at risk because the customer has not committed to a date. There is no visible payment certainty at this point.,HIGH_RISK,HIGH_01_NO_DATE
Funds are planned to be released this week. The scheduled transfer is already underway. We are not seeing a payment disruption at this time.,LOW_RISK,LOW_03_SCHEDULED
The finance team is still reviewing the invoice. The customer believes the invoice will eventually be paid. There is no indication that the invoice has been rejected.,MEDIUM_RISK,MED_01_APPROVAL_DELAY
The customer is unable to make the transfer today because of cash constraints. The invoice is at risk because the customer cannot confirm a repayment date. No reliable date can be given at this stage.,HIGH_RISK,HIGH_02_CASHFLOW
The business is currently constrained by limited liquidity. The account likely needs a more urgent collection strategy. The cash-flow disruption may result in a prolonged delay.,HIGH_RISK,HIGH_02_CASHFLOW
The customer has confirmed the invoice and expects no delay. There is no sign of disruption in the payment workflow. The outstanding amount is still expected to be resolved on time.,LOW_RISK,LOW_04_NO_BLOCKER
"The invoice is waiting on a reconciliation step. The amount remains committed but needs the final approval stage. We have not seen evidence of refusal, only a processing pause.",MEDIUM_RISK,MED_02_RECONCILIATION
Payment can be released immediately. The invoice is clean and ready for release. The account is in a good position for settlement.,LOW_RISK,LOW_05_READY_TO_PAY
The transfer is blocked because the customer is disputing the charge. This indicates a significant risk of missed or prolonged payment. The case may require dispute resolution before any cash movement occurs.,HIGH_RISK,HIGH_04_DISPUTE
The transfer is blocked because the customer is disputing the charge. The customer is not confirming any immediate payment timeline. This should be classified as high risk.,HIGH_RISK,HIGH_04_DISPUTE
The payment has been processed and the bank confirmation is on file. The invoice is no longer outstanding. This should be treated as fully settled.,LOW_RISK,LOW_06_CONFIRMED
The customer says they are still planning to pay. The account needs continued monitoring because the release date is not yet fixed. The amount should still be treated as recoverable but not yet settled.,MEDIUM_RISK,MED_05_PENDING_BUT_REASONABLE
We have already made the payment. The collection process is effectively finished. The customer appears fully current.,LOW_RISK,LOW_06_CONFIRMED
Payment was executed and the transaction is complete. The customer has met its payment obligation. The collection team can close the case.,LOW_RISK,LOW_06_CONFIRMED
The transfer has been arranged and should go through promptly. The payment should reach the account without issue. This does not look like a default scenario.,LOW_RISK,LOW_03_SCHEDULED
The invoice is approved and there is no payment blocker. The payment timing is considered routine. The outstanding amount is still expected to be resolved on time.,LOW_RISK,LOW_04_NO_BLOCKER
"The payment team has not finalized the transfer yet. The customer has not indicated disruption, only continued review. The invoice remains in play, but the date is still uncertain.",MEDIUM_RISK,MED_04_INTERNAL_REVIEW
The business is unable to state a dependable payment timeline. The customer has not demonstrated the ability to meet the invoice promptly. The current communication is insufficient to support a strong recovery expectation.,HIGH_RISK,HIGH_06_FAILURE_TO_COMMIT
The transfer is blocked because the customer is disputing the charge. The customer is effectively withholding funds until the issue is clarified. The relationship is currently strained and the amount may not be recovered quickly.,HIGH_RISK,HIGH_04_DISPUTE
The customer is completing the internal sign-off needed for settlement. The customer believes the invoice will eventually be paid. There is no indication that the invoice has been rejected.,MEDIUM_RISK,MED_01_APPROVAL_DELAY
The payment release is currently blocked by internal constraints. The invoice is at serious risk of a major delay. This situation warrants urgent commercial action.,HIGH_RISK,HIGH_03_BLOCKED
The customer is forecasting a prolonged delay rather than a normal payment cycle. The invoice should be treated as high risk until payment is actually received. The collection team should plan for significant delay and limited immediate recovery.,HIGH_RISK,HIGH_05_PROLONGED_DELAY
The account is healthy and the outstanding amount is still on track. There is no sign of disruption in the payment workflow. There is no evidence of a temporary or prolonged delay.,LOW_RISK,LOW_04_NO_BLOCKER
"The invoice is delayed by a temporary operational issue. The issue seems temporary, but the payment may arrive later than anticipated. The case should remain in watchlist status until release is confirmed.",MEDIUM_RISK,MED_06_TEMPORARY_ISSUE
There is a short-term obstacle affecting the payment process. A short-term interruption is currently the main concern. The case should remain in watchlist status until release is confirmed.,MEDIUM_RISK,MED_06_TEMPORARY_ISSUE
Internal approval has already been secured. The payment is on track for settlement. The invoice is aligned with the existing payment plan.,LOW_RISK,LOW_02_APPROVED
The invoice is pending internal reconciliation. The process is moving forward but not yet final. The customer still expects to settle once the review task is completed.,MEDIUM_RISK,MED_02_RECONCILIATION
The payment status is unresolved but the customer is still communicating. Settlement still appears possible if the internal process moves smoothly. A short extension is the most plausible outcome.,MEDIUM_RISK,MED_05_PENDING_BUT_REASONABLE
The payment is scheduled for tomorrow. The payment path is already approved. There is a clear payment plan in place.,LOW_RISK,LOW_03_SCHEDULED
Treasury has confirmed the invoice is ready to pay. The funds are scheduled to move according to the agreement. The invoice is aligned with the existing payment plan.,LOW_RISK,LOW_02_APPROVED
Payment is still pending final approval. The transfer should happen once the review step is finished. The account is still expected to receive the funds shortly.,MEDIUM_RISK,MED_01_APPROVAL_DELAY
The customer expects the payment to be delayed significantly beyond the original due date. The expected cash timing is far outside the normal expectation. The payment could be pushed far beyond the original timeline.,HIGH_RISK,HIGH_05_PROLONGED_DELAY
The transfer is delayed by normal processing timing. The customer expects payment to land within a few days. There is not yet enough evidence to classify the account as high risk.,MEDIUM_RISK,MED_03_SHORT_DELAY
A final approval step is required before the payment can be sent. The payment remains possible but not yet locked in. There is no indication that the invoice has been rejected.,MEDIUM_RISK,MED_01_APPROVAL_DELAY
"The payment was not completed yet, but the customer is still engaged. The invoice remains payable, just not yet confirmed in cash. The case looks moderate rather than severe.",MEDIUM_RISK,MED_05_PENDING_BUT_REASONABLE
"The invoice is delayed by a temporary operational issue. The case is unresolved and should be followed closely. The payment might still happen, but not necessarily on the original date.",MEDIUM_RISK,MED_06_TEMPORARY_ISSUE
The account has already been credited. The agreement is satisfied in full. This matter is already settled from a payment perspective.,LOW_RISK,LOW_01_COMPLETE
The business is currently constrained by limited liquidity. The invoice is at risk because the customer cannot confirm a repayment date. The risk of nonpayment is elevated until the situation changes.,HIGH_RISK,HIGH_02_CASHFLOW
The company is currently constrained by cash-flow pressure. The collection team should expect a difficult and delayed outcome. This should be treated as a serious payment risk.,HIGH_RISK,HIGH_02_CASHFLOW
The payment is not facing any material obstacle. There is no sign of disruption in the payment workflow. The customer has not indicated any reason to postpone payment.,LOW_RISK,LOW_04_NO_BLOCKER
The payment timing remains uncertain. This raises a serious concern about when the invoice will be settled. The customer has not established a credible near-term settlement plan.,HIGH_RISK,HIGH_01_NO_DATE
Internal approval has already been secured. The bank transfer is expected to go out on time. There is no sign of a payment problem.,LOW_RISK,LOW_02_APPROVED
The customer is unwilling to pay until the dispute is resolved. The invoice has become a high-risk collection matter. The financial outcome is uncertain and potentially adverse.,HIGH_RISK,HIGH_04_DISPUTE
The payment status is unresolved but the customer is still communicating. The account needs continued monitoring because the release date is not yet fixed. The current information supports caution rather than escalation.,MEDIUM_RISK,MED_05_PENDING_BUT_REASONABLE
"The payment is being held pending internal checks. The customer has not indicated disruption, only continued review. The invoice remains in play, but the date is still uncertain.",MEDIUM_RISK,MED_04_INTERNAL_REVIEW
This invoice was paid and the remittance has been completed. The case does not require any further follow-up. The collection team can close the case.,LOW_RISK,LOW_06_CONFIRMED
"The invoice is delayed by a temporary operational issue. The amount is still expected, but no fixed date has been confirmed. The customer remains engaged and has not closed the account.",MEDIUM_RISK,MED_06_TEMPORARY_ISSUE
The payment release is currently blocked by internal constraints. The amount is not currently in motion. The risk of prolonged default is significant.,HIGH_RISK,HIGH_03_BLOCKED
The buyer is not prepared to confirm when the invoice will be paid. The payment horizon remains highly uncertain. The payment outcome is not dependable today.,HIGH_RISK,HIGH_06_FAILURE_TO_COMMIT
The customer has confirmed that the funds were released. The transfer is complete and verified. No late-payment risk is present.,LOW_RISK,LOW_06_CONFIRMED
Payment is still pending final approval. The payment is likely to land within a short delay. The account is still expected to receive the funds shortly.,MEDIUM_RISK,MED_01_APPROVAL_DELAY
The customer has confirmed the invoice is ready for settlement. The release is a straightforward part of the normal process. This appears to be routine and regular.,LOW_RISK,LOW_05_READY_TO_PAY
The payment is expected to arrive on the committed date. The transfer matches the agreed schedule. This does not look like a default scenario.,LOW_RISK,LOW_03_SCHEDULED
Payment has already been completed. The invoice is now closed. There is no current blocker on the account.,LOW_RISK,LOW_01_COMPLETE
The payment has been blocked. The buyer is not able to provide a realistic payment date. A sustained delay appears likely.,HIGH_RISK,HIGH_03_BLOCKED
The payment has been processed and the bank confirmation is on file. No additional cash collection effort is needed. The payment outcome is already confirmed.,LOW_RISK,LOW_06_CONFIRMED
"The payment is being held pending internal checks. The payment may move later than originally intended. This is a genuine delay risk, but not necessarily a total default.",MEDIUM_RISK,MED_04_INTERNAL_REVIEW
The invoice has already been paid in full. The transfer is complete and verified. No late-payment risk is present.,LOW_RISK,LOW_06_CONFIRMED
The customer disputes the invoice and will not release funds until the issue is resolved. The customer is not confirming any immediate payment timeline. This should be classified as high risk.,HIGH_RISK,HIGH_04_DISPUTE
The customer is unwilling to pay until the dispute is resolved. The payment date remains uncertain and likely to move back significantly. The account appears to have material unresolved issues.,HIGH_RISK,HIGH_04_DISPUTE
"Payment is still pending final approval. The customer believes the invoice will eventually be paid. The invoice is not canceled, only waiting on internal completion.",MEDIUM_RISK,MED_01_APPROVAL_DELAY
The invoice is pending internal reconciliation. There may be a moderate postponement before release. The delay is tied to internal confirmation rather than a hard repudiation.,MEDIUM_RISK,MED_02_RECONCILIATION
There are currently no issues preventing payment. The funds are likely to be released within the agreed window. The payment plan remains on track.,LOW_RISK,LOW_04_NO_BLOCKER
The transaction has been approved and is in the release queue. The timing should remain stable. The current status supports a low-risk customer communication.,LOW_RISK,LOW_05_READY_TO_PAY
The payment team is still confirming the invoice details. There may be a moderate postponement before release. The invoice is still considered recoverable.,MEDIUM_RISK,MED_02_RECONCILIATION
The funds are available and the transfer is ready. The timing should remain stable. There is no present risk of nonpayment.,LOW_RISK,LOW_05_READY_TO_PAY
"The invoice remains open, and the buyer has not yet finalized the transfer. The most likely outcome is payment after a short additional delay. The amount should still be treated as recoverable but not yet settled.",MEDIUM_RISK,MED_05_PENDING_BUT_REASONABLE
"The payment is still expected, but a temporary problem is slowing the process. The case is unresolved and should be followed closely. The customer is still in communication and wants to resolve the invoice.",MEDIUM_RISK,MED_06_TEMPORARY_ISSUE
"The invoice is delayed by a temporary operational issue. The amount is still expected, but no fixed date has been confirmed. This is an operational delay rather than a full repudiation.",MEDIUM_RISK,MED_06_TEMPORARY_ISSUE
The finance team is still reviewing the invoice. The payment is likely to land within a short delay. The account is still expected to receive the funds shortly.,MEDIUM_RISK,MED_01_APPROVAL_DELAY
The invoice is facing a serious schedule extension. The expected cash timing is far outside the normal expectation. The business is effectively saying the payment may be late for a long time.,HIGH_RISK,HIGH_05_PROLONGED_DELAY
The invoice is delayed because the payment batch is still running. The customer expects payment to land within a few days. The situation is manageable but needs close monitoring.,MEDIUM_RISK,MED_03_SHORT_DELAY
All review steps have been completed and the invoice is approved. The transfer should happen without additional delay. The outstanding amount is expected to clear on schedule.,LOW_RISK,LOW_02_APPROVED
The payment is being withheld because of a dispute. The dispute introduces a real barrier to collection. No payment can be expected until the dispute is addressed.,HIGH_RISK,HIGH_04_DISPUTE
We are expecting a short delay while the payment is processed. The delay is temporary and tied to current operations. The customer appears willing to pay with a modest push-out.,MEDIUM_RISK,MED_03_SHORT_DELAY
The settlement is already reflected in the account. The customer has met its payment obligation. This should be treated as fully settled.,LOW_RISK,LOW_06_CONFIRMED
"The transfer is delayed until reconciliation is complete. A brief delay is expected while the file is completed. We have not seen evidence of refusal, only a processing pause.",MEDIUM_RISK,MED_02_RECONCILIATION
The payment is being delayed because of liquidity concerns. The invoice is at risk because the customer cannot confirm a repayment date. The payment will likely be delayed until liquidity improves.,HIGH_RISK,HIGH_02_CASHFLOW
The customer has confirmed the invoice and expects no delay. The invoice remains in good standing. This should not impact the expected cash receipt timing.,LOW_RISK,LOW_04_NO_BLOCKER
The customer is reviewing the invoice before release. There is a moderate chance of delay while the review concludes. The payment status should be reevaluated after the review finishes.,MEDIUM_RISK,MED_04_INTERNAL_REVIEW
There are currently no issues preventing payment. The transaction is expected to clear as scheduled. The buyer appears willing and able to meet the obligation.,LOW_RISK,LOW_04_NO_BLOCKER
The payment is being held for reconciliation. The customer expects to settle once the review is complete. This appears to be a temporary administrative delay.,MEDIUM_RISK,MED_02_RECONCILIATION
The funds are available and the transfer is ready. The invoice is clean and ready for release. The current status supports a low-risk customer communication.,LOW_RISK,LOW_05_READY_TO_PAY
The customer has not provided a firm settlement date. The customer may be unable to release the funds in the near term. This is a meaningful nonpayment risk scenario.,HIGH_RISK,HIGH_01_NO_DATE
The customer has not given a dependable statement about when cash will move. The obligation is not being honored with enough clarity or certainty. The likelihood of a prolonged delay remains high.,HIGH_RISK,HIGH_06_FAILURE_TO_COMMIT
The transfer will not be made within the current schedule. The account should be elevated because the delay is substantial. The invoice should be monitored as high risk.,HIGH_RISK,HIGH_05_PROLONGED_DELAY
The customer expects to transfer the amount shortly. The payment should reach the account without issue. The timing appears consistent with the prior agreement.,LOW_RISK,LOW_03_SCHEDULED
The customer has confirmed the invoice and expects no delay. The invoice remains in good standing. The payment plan remains on track.,LOW_RISK,LOW_04_NO_BLOCKER
The transfer was successfully sent. The remittance advice has been delivered. No payment disruption is expected.,LOW_RISK,LOW_01_COMPLETE
There is a temporary funding problem preventing immediate settlement. The account likely needs a more urgent collection strategy. This should be treated as a serious payment risk.,HIGH_RISK,HIGH_02_CASHFLOW
The customer has confirmed the invoice and expects no delay. The invoice remains in good standing. The customer has not indicated any reason to postpone payment.,LOW_RISK,LOW_04_NO_BLOCKER
The account is healthy and the outstanding amount is still on track. The invoice remains in good standing. There is no evidence of a temporary or prolonged delay.,LOW_RISK,LOW_04_NO_BLOCKER
The customer cannot proceed with the payment right now. The amount is not currently in motion. The customer is not close to making a payment decision.,HIGH_RISK,HIGH_03_BLOCKED
There is a temporary funding problem preventing immediate settlement. The customer has admitted an ongoing financial constraint. The risk of nonpayment is elevated until the situation changes.,HIGH_RISK,HIGH_02_CASHFLOW
"The customer is reviewing the invoice before release. The case still looks recoverable, but the timing is not final. The account should be watched closely over the next few days.",MEDIUM_RISK,MED_04_INTERNAL_REVIEW
The payment team has not finalized the transfer yet. The terms are still being worked through. A few more administrative steps are necessary before the payment can be released.,MEDIUM_RISK,MED_04_INTERNAL_REVIEW
There is currently no confirmed payment date. The invoice remains at risk because the customer has not committed to a date. The customer has not established a credible near-term settlement plan.,HIGH_RISK,HIGH_01_NO_DATE
The customer is forecasting a prolonged delay rather than a normal payment cycle. The invoice should be treated as high risk until payment is actually received. No immediate recovery should be assumed.,HIGH_RISK,HIGH_05_PROLONGED_DELAY
The transfer will not be made within the current schedule. This is not a short process delay but an extended postponement. The invoice should be monitored as high risk.,HIGH_RISK,HIGH_05_PROLONGED_DELAY
"The customer needs a little more time to complete the internal review. The case still looks recoverable, but the timing is not final. A few more administrative steps are necessary before the payment can be released.",MEDIUM_RISK,MED_04_INTERNAL_REVIEW
The customer has confirmed the invoice and expects no delay. The payment should proceed normally. This is a routine collection case with no material risk.,LOW_RISK,LOW_04_NO_BLOCKER
"The payment has been queued but may take a little longer than usual. The customer is not refusing the invoice, but timing may slip slightly. The delay should not be interpreted as a complete nonpayment.",MEDIUM_RISK,MED_03_SHORT_DELAY
"The transfer is delayed by normal processing timing. The customer expects payment to land within a few days. The customer has not rejected the invoice, only shifted the timing.",MEDIUM_RISK,MED_03_SHORT_DELAY
The customer is experiencing a short-term cash shortage. The invoice is at risk because the customer cannot confirm a repayment date. The customer is signaling real strain in meeting the obligation.,HIGH_RISK,HIGH_02_CASHFLOW
The customer expects to transfer the amount shortly. The process is moving forward normally. The customer has no reason to defer payment.,LOW_RISK,LOW_03_SCHEDULED
"There is a current operational bottleneck affecting payment release. The customer still intends to pay, but the date is not guaranteed yet. The customer is still in communication and wants to resolve the invoice.",MEDIUM_RISK,MED_06_TEMPORARY_ISSUE
Payment is still pending final approval. The payment is likely to land within a short delay. The customer confirms the payment is likely but not yet confirmed.,MEDIUM_RISK,MED_01_APPROVAL_DELAY
The payment is being withheld because of a dispute. This is not a routine case and should be treated seriously. The case may require dispute resolution before any cash movement occurs.,HIGH_RISK,HIGH_04_DISPUTE
The customer is dealing with a cash-flow issue that is affecting payment. The account likely needs a more urgent collection strategy. This case is not simply administrative; there is a genuine cash issue.,HIGH_RISK,HIGH_02_CASHFLOW
The invoice is queued for payment as agreed. The process is moving forward normally. The payment commitment appears solid.,LOW_RISK,LOW_03_SCHEDULED
The amount remains due and the customer has not closed the file. The situation suggests a moderate payment risk rather than immediate default. The amount should still be treated as recoverable but not yet settled.,MEDIUM_RISK,MED_05_PENDING_BUT_REASONABLE
"The payment is being held pending internal checks. The terms are still being worked through. The customer has not refused payment, only slowed the process.",MEDIUM_RISK,MED_04_INTERNAL_REVIEW
"The invoice is delayed by a temporary operational issue. The customer still intends to pay, but the date is not guaranteed yet. The risk is meaningful but not yet acute.",MEDIUM_RISK,MED_06_TEMPORARY_ISSUE
The invoice has been approved and positioned for release. The bank transfer is expected to go out on time. The outstanding amount is expected to clear on schedule.,LOW_RISK,LOW_02_APPROVED
Payment has already been completed. The payment status is confirmed. The invoice should not require any additional follow-up.,LOW_RISK,LOW_01_COMPLETE
There are currently no issues preventing payment. The invoice remains in good standing. The buyer appears willing and able to meet the obligation.,LOW_RISK,LOW_04_NO_BLOCKER
The customer is prepared to complete the transfer without change. The invoice remains in good standing. This is a routine collection case with no material risk.,LOW_RISK,LOW_04_NO_BLOCKER
"The amount remains due and the customer has not closed the file. A delayed release is likely, but the underlying contract remains active. A short extension is the most plausible outcome.",MEDIUM_RISK,MED_05_PENDING_BUT_REASONABLE
The outstanding balance has been cleared. The invoice is now closed. The invoice should not require any additional follow-up.,LOW_RISK,LOW_01_COMPLETE
"The invoice is going through the standard internal review process. There is a moderate chance of delay while the review concludes. The invoice remains in play, but the date is still uncertain.",MEDIUM_RISK,MED_04_INTERNAL_REVIEW
The transfer was sent successfully. There is no pending payment action. The account reflects a completed transaction.,LOW_RISK,LOW_06_CONFIRMED
"The payment will likely come through after the current batch closes. The payment is not cancelled, only deferred for a short period. The delay should not be interpreted as a complete nonpayment.",MEDIUM_RISK,MED_03_SHORT_DELAY
Funds were released this morning. The payment status is confirmed. No payment disruption is expected.,LOW_RISK,LOW_01_COMPLETE
The invoice is ready to be paid. The timing should remain stable. There is no sign that settlement will be deferred.,LOW_RISK,LOW_05_READY_TO_PAY
"The transfer is delayed by normal processing timing. The payment is not cancelled, only deferred for a short period. The customer appears willing to pay with a modest push-out.",MEDIUM_RISK,MED_03_SHORT_DELAY
"The invoice is waiting on a reconciliation step. There may be a moderate postponement before release. We have not seen evidence of refusal, only a processing pause.",MEDIUM_RISK,MED_02_RECONCILIATION
The payment release is currently blocked by internal constraints. There is a strong likelihood that the invoice will remain unpaid for a long period. There is no immediate evidence of a viable recovery path.,HIGH_RISK,HIGH_03_BLOCKED
The customer is waiting on internal approval before payment can be released. The payment is likely to land within a short delay. There is no indication that the invoice has been rejected.,MEDIUM_RISK,MED_01_APPROVAL_DELAY
The customer has confirmed the invoice and expects no delay. The transaction is expected to clear as scheduled. The buyer appears willing and able to meet the obligation.,LOW_RISK,LOW_04_NO_BLOCKER
The invoice is facing a serious schedule extension. The customer has not offered a firm near-term date. The invoice should be monitored as high risk.,HIGH_RISK,HIGH_05_PROLONGED_DELAY
The payment timing remains uncertain. The situation should be treated as serious until the cash movement is confirmed. The amount may not be collected on time.,HIGH_RISK,HIGH_01_NO_DATE
"The customer has a temporary issue preventing immediate settlement. The issue seems temporary, but the payment may arrive later than anticipated. The customer is still in communication and wants to resolve the invoice.",MEDIUM_RISK,MED_06_TEMPORARY_ISSUE
"The payment has been queued but may take a little longer than usual. The payment is still intended and should come through soon. The customer has not rejected the invoice, only shifted the timing.",MEDIUM_RISK,MED_03_SHORT_DELAY
Funds were released this morning. The invoice is now closed. There is no current blocker on the account.,LOW_RISK,LOW_01_COMPLETE
Internal approval has already been secured. Processing is underway and proceeds according to schedule. The invoice is aligned with the existing payment plan.,LOW_RISK,LOW_02_APPROVED
The customer says the transfer will be made later than originally planned. The amount remains due and the payment plan is still active. The delay should not be interpreted as a complete nonpayment.,MEDIUM_RISK,MED_03_SHORT_DELAY
The payment is authorized and waiting for the transfer step. The payment is on track for settlement. There is no sign of a payment problem.,LOW_RISK,LOW_02_APPROVED
There is currently no confirmed payment date. The lack of a confirmed schedule suggests payment may be delayed materially. The risk of a prolonged delay is high.,HIGH_RISK,HIGH_01_NO_DATE
"The customer says they are still planning to pay. The customer still appears willing to settle, but timing remains unclear. The customer has not outright refused the invoice.",MEDIUM_RISK,MED_05_PENDING_BUT_REASONABLE
There is currently no confirmed payment date. This raises a serious concern about when the invoice will be settled. This is a meaningful nonpayment risk scenario.,HIGH_RISK,HIGH_01_NO_DATE
The customer expects to transfer the amount shortly. No further approvals are presently blocking completion. We are not seeing a payment disruption at this time.,LOW_RISK,LOW_03_SCHEDULED
The customer is dealing with a cash-flow issue that is affecting payment. The customer has not provided an immediate path to settlement. The payment will likely be delayed until liquidity improves.,HIGH_RISK,HIGH_02_CASHFLOW
"The invoice is undergoing internal review. The expected outcome is still a payment, but the schedule is uncertain. A few more administrative steps are necessary before the payment can be released.",MEDIUM_RISK,MED_04_INTERNAL_REVIEW
"The invoice is undergoing internal review. The terms are still being worked through. The customer has not refused payment, only slowed the process.",MEDIUM_RISK,MED_04_INTERNAL_REVIEW
The company is currently constrained by cash-flow pressure. There is a strong likelihood that settlement will be late. The invoice is being threatened by a real financial limitation.,HIGH_RISK,HIGH_02_CASHFLOW
The invoice is delayed by a temporary operational issue. The case is unresolved and should be followed closely. The risk is meaningful but not yet acute.,MEDIUM_RISK,MED_06_TEMPORARY_ISSUE
"The invoice remains open, and the buyer has not yet finalized the transfer. The buyer is aware of the obligation and is still working through it. The customer has not outright refused the invoice.",MEDIUM_RISK,MED_05_PENDING_BUT_REASONABLE
The customer is forecasting a prolonged delay rather than a normal payment cycle. The customer has not offered a firm near-term date. This is materially worse than a routine administrative delay.,HIGH_RISK,HIGH_05_PROLONGED_DELAY
The transfer is delayed until reconciliation is complete. The transfer is still on the roadmap but needs the paperwork to finish. The payment is being worked through the normal operations flow.,MEDIUM_RISK,MED_02_RECONCILIATION
The invoice is currently contested and payment cannot proceed. The payment date remains uncertain and likely to move back significantly. No payment can be expected until the dispute is addressed.,HIGH_RISK,HIGH_04_DISPUTE
The payment request has been cleared internally. The funds are scheduled to move according to the agreement. There is no sign of a payment problem.,LOW_RISK,LOW_02_APPROVED
The invoice is waiting on a reconciliation step. A brief delay is expected while the file is completed. The payment is being worked through the normal operations flow.,MEDIUM_RISK,MED_02_RECONCILIATION
The invoice has been approved and positioned for release. The release is already prepared in the payment queue. The payment timing is considered normal.,LOW_RISK,LOW_02_APPROVED
There is a current operational bottleneck affecting payment release. The payment timeline is under review and likely to move. The payment event is delayed but not abandoned.,MEDIUM_RISK,MED_06_TEMPORARY_ISSUE
There is nothing in the current state that would prevent settlement. The invoice remains in good standing. The outstanding amount is still expected to be resolved on time.,LOW_RISK,LOW_04_NO_BLOCKER
The customer cannot proceed with the payment right now. There is a strong likelihood that the invoice will remain unpaid for a long period. A sustained delay appears likely.,HIGH_RISK,HIGH_03_BLOCKED
"The payment is being held for reconciliation. The invoice is still likely to be paid, but the timing is uncertain. The invoice is still considered recoverable.",MEDIUM_RISK,MED_02_RECONCILIATION
"The invoice is delayed because the payment batch is still running. The customer expects payment to land within a few days. The account may show a short delay, but not a permanent issue.",MEDIUM_RISK,MED_03_SHORT_DELAY
"The invoice remains open, and the buyer has not yet finalized the transfer. Settlement still appears possible if the internal process moves smoothly. There is still a credible path to payment.",MEDIUM_RISK,MED_05_PENDING_BUT_REASONABLE
The payment is expected to arrive on the committed date. The release is part of the regular payment cycle. There is a clear payment plan in place.,LOW_RISK,LOW_03_SCHEDULED
The transfer will not be made within the current schedule. This is not a short process delay but an extended postponement. The amount could remain unsettled for a meaningful stretch.,HIGH_RISK,HIGH_05_PROLONGED_DELAY
The invoice cannot be paid at this time. The payment may not be possible until the blocking issue is resolved. A sustained delay appears likely.,HIGH_RISK,HIGH_03_BLOCKED
The customer expects to transfer the amount shortly. No further approvals are presently blocking completion. The timing appears consistent with the prior agreement.,LOW_RISK,LOW_03_SCHEDULED
The invoice has been flagged for additional approval checks. The customer believes the invoice will eventually be paid. The customer confirms the payment is likely but not yet confirmed.,MEDIUM_RISK,MED_01_APPROVAL_DELAY
"The payment team is still confirming the invoice details. The invoice is still likely to be paid, but the timing is uncertain. The invoice is still considered recoverable.",MEDIUM_RISK,MED_02_RECONCILIATION
"The invoice remains open, and the buyer has not yet finalized the transfer. The situation suggests a moderate payment risk rather than immediate default. The customer is not saying no, only that timing is still being worked out.",MEDIUM_RISK,MED_05_PENDING_BUT_REASONABLE
The account currently lacks a trustworthy repayment plan. The payment horizon remains highly uncertain. The customer is not giving enough assurance to classify this as low or medium risk.,HIGH_RISK,HIGH_06_FAILURE_TO_COMMIT
The finance team is still reviewing the invoice. The release is pending but the situation is manageable. The customer confirms the payment is likely but not yet confirmed.,MEDIUM_RISK,MED_01_APPROVAL_DELAY
The customer has confirmed the invoice and expects no delay. The invoice remains in good standing. This is a routine collection case with no material risk.,LOW_RISK,LOW_04_NO_BLOCKER
"The customer is experiencing a temporary issue that may affect payment timing. The payment path is still alive, though delayed. The situation requires a moderate-risk handling strategy.",MEDIUM_RISK,MED_06_TEMPORARY_ISSUE
The invoice has been flagged for additional approval checks. The transfer should happen once the review step is finished. There is no indication that the invoice has been rejected.,MEDIUM_RISK,MED_01_APPROVAL_DELAY
"The invoice is pending internal reconciliation. The customer expects to settle once the review is complete. The likely outcome is eventual payment, but the exact date is still pending.",MEDIUM_RISK,MED_02_RECONCILIATION
The invoice cannot be paid at this time. The payment may not be possible until the blocking issue is resolved. The customer is not close to making a payment decision.,HIGH_RISK,HIGH_03_BLOCKED
The customer has confirmed the invoice and expects no delay. The current status suggests no special intervention is needed. The invoice should be treated as low-risk from a payment standpoint.,LOW_RISK,LOW_04_NO_BLOCKER
There is currently no confirmed payment date. The customer may be unable to release the funds in the near term. This is a meaningful nonpayment risk scenario.,HIGH_RISK,HIGH_01_NO_DATE
"The invoice remains open, and the buyer has not yet finalized the transfer. The situation suggests a moderate payment risk rather than immediate default. There is still a credible path to payment.",MEDIUM_RISK,MED_05_PENDING_BUT_REASONABLE
"The customer is dealing with a brief constraint that could shift the transfer. The issue seems temporary, but the payment may arrive later than anticipated. The customer is still in communication and wants to resolve the invoice.",MEDIUM_RISK,MED_06_TEMPORARY_ISSUE
The payment is not yet approved but is moving through the internal process. The timing may shift by a few business days. There is no indication that the invoice has been rejected.,MEDIUM_RISK,MED_01_APPROVAL_DELAY
The customer has confirmed the invoice and expects no delay. The customer has not raised any concerns. The outstanding amount is still expected to be resolved on time.,LOW_RISK,LOW_04_NO_BLOCKER
The transfer is blocked because the customer is disputing the charge. The customer is effectively withholding funds until the issue is clarified. This should be classified as high risk.,HIGH_RISK,HIGH_04_DISPUTE
The customer is forecasting a prolonged delay rather than a normal payment cycle. The customer has not offered a firm near-term date. The customer is not demonstrating a credible near-term path to payment.,HIGH_RISK,HIGH_05_PROLONGED_DELAY
The invoice is effectively stalled because the transfer has been blocked. The amount is not currently in motion. The customer has not established a credible payment plan.,HIGH_RISK,HIGH_03_BLOCKED
We are expecting a short delay while the payment is processed. The customer is hopeful the invoice will be settled shortly. The situation is manageable but needs close monitoring.,MEDIUM_RISK,MED_03_SHORT_DELAY
"The invoice remains open, and the buyer has not yet finalized the transfer. A delayed release is likely, but the underlying contract remains active. The customer has not outright refused the invoice.",MEDIUM_RISK,MED_05_PENDING_BUT_REASONABLE
The invoice is ready to be paid. There is no delay indicated by the finance team. There is no sign that settlement will be deferred.,LOW_RISK,LOW_05_READY_TO_PAY
The payment is prepared and awaiting execution. The timing should remain stable. The invoice should be processed without issue.,LOW_RISK,LOW_05_READY_TO_PAY
The customer expects the payment to be delayed significantly beyond the original due date. The chance of a timely collection is low in this scenario. The payment could be pushed far beyond the original timeline.,HIGH_RISK,HIGH_05_PROLONGED_DELAY
The payment timing remains uncertain. There is a substantial chance that payment will move far beyond the original due date. This is a meaningful nonpayment risk scenario.,HIGH_RISK,HIGH_01_NO_DATE
Payment can be released immediately. The release is a straightforward part of the normal process. The customer is organized and prepared to pay.,LOW_RISK,LOW_05_READY_TO_PAY
"The finance team is still reviewing the invoice. The customer believes the invoice will eventually be paid. The invoice is not canceled, only waiting on internal completion.",MEDIUM_RISK,MED_01_APPROVAL_DELAY
"The invoice has been flagged for additional approval checks. The payment is likely to land within a short delay. The invoice is not canceled, only waiting on internal completion.",MEDIUM_RISK,MED_01_APPROVAL_DELAY
The customer is dealing with a brief constraint that could shift the transfer. The case is unresolved and should be followed closely. This is an operational delay rather than a full repudiation.,MEDIUM_RISK,MED_06_TEMPORARY_ISSUE
The payment is prepared and awaiting execution. The timing should remain stable. The account is in a good position for settlement.,LOW_RISK,LOW_05_READY_TO_PAY
The payment is prepared and awaiting execution. The invoice is clean and ready for release. This appears to be routine and regular.,LOW_RISK,LOW_05_READY_TO_PAY
The customer is matching documents before approval is granted. A brief delay is expected while the file is completed. The payment is being worked through the normal operations flow.,MEDIUM_RISK,MED_02_RECONCILIATION
"The customer has a temporary issue preventing immediate settlement. The amount is still expected, but no fixed date has been confirmed. The situation requires a moderate-risk handling strategy.",MEDIUM_RISK,MED_06_TEMPORARY_ISSUE
Funds were released this morning. The agreement is satisfied in full. The payment activity has already been completed.,LOW_RISK,LOW_01_COMPLETE
The customer cannot confirm whether the invoice will be paid on time. The customer is not providing the level of confidence needed for low-risk treatment. The current communication is insufficient to support a strong recovery expectation.,HIGH_RISK,HIGH_06_FAILURE_TO_COMMIT
"The invoice remains open, and the buyer has not yet finalized the transfer. The buyer is aware of the obligation and is still working through it. A short extension is the most plausible outcome.",MEDIUM_RISK,MED_05_PENDING_BUT_REASONABLE
The payment will likely come through after the current batch closes. The amount remains due and the payment plan is still active. The outstanding amount is still expected to be settled in the near term.,MEDIUM_RISK,MED_03_SHORT_DELAY
The account is healthy and the outstanding amount is still on track. There is no sign of disruption in the payment workflow. The outstanding amount is still expected to be resolved on time.,LOW_RISK,LOW_04_NO_BLOCKER
Funds are planned to be released this week. No further approvals are presently blocking completion. We are not seeing a payment disruption at this time.,LOW_RISK,LOW_03_SCHEDULED
The customer is waiting on internal approval before payment can be released. There is a reasonable chance of a minor processing delay. The delay appears to be procedural rather than financial.,MEDIUM_RISK,MED_01_APPROVAL_DELAY
The finance team is still reviewing the invoice. A small postponement is expected while approval completes. There is no indication that the invoice has been rejected.,MEDIUM_RISK,MED_01_APPROVAL_DELAY
The customer is waiting on internal approval before payment can be released. The payment is likely to land within a short delay. The customer expects to meet the obligation after the approval process.,MEDIUM_RISK,MED_01_APPROVAL_DELAY
The customer is still verifying the invoice details before payment. The payment may move later than originally intended. A few more administrative steps are necessary before the payment can be released.,MEDIUM_RISK,MED_04_INTERNAL_REVIEW
There is nothing in the current state that would prevent settlement. The customer has not raised any concerns. The customer has not indicated any reason to postpone payment.,LOW_RISK,LOW_04_NO_BLOCKER
The company is currently constrained by cash-flow pressure. The collection team should expect a difficult and delayed outcome. The invoice is being threatened by a real financial limitation.,HIGH_RISK,HIGH_02_CASHFLOW
Treasury has confirmed the invoice is ready to pay. The payment has been routed for execution. The invoice is aligned with the existing payment plan.,LOW_RISK,LOW_02_APPROVED
Funds are planned to be released this week. The transfer matches the agreed schedule. There is a clear payment plan in place.,LOW_RISK,LOW_03_SCHEDULED
"The customer has not confirmed the payment date, only their intent to pay. The most likely outcome is payment after a short additional delay. The current information supports caution rather than escalation.",MEDIUM_RISK,MED_05_PENDING_BUT_REASONABLE
The payment is being delayed because of liquidity concerns. The customer is unable to promise a normal payment schedule. The customer is signaling real strain in meeting the obligation.,HIGH_RISK,HIGH_02_CASHFLOW
The invoice is ready to be paid. The payment should clear without additional review. The account is in a good position for settlement.,LOW_RISK,LOW_05_READY_TO_PAY
The transfer has been put on hold. The case requires immediate follow-up and escalation. This is a high-risk nonpayment scenario.,HIGH_RISK,HIGH_03_BLOCKED
Treasury has confirmed the invoice is ready to pay. The bank transfer is expected to go out on time. The account is expected to reflect the transfer soon.,LOW_RISK,LOW_02_APPROVED
The payment team is still confirming the invoice details. The process is moving forward but not yet final. The delay is tied to internal confirmation rather than a hard repudiation.,MEDIUM_RISK,MED_02_RECONCILIATION
The invoice has been approved and positioned for release. The funds are scheduled to move according to the agreement. The customer intends to settle without any interruption.,LOW_RISK,LOW_02_APPROVED
"The customer is experiencing a temporary issue that may affect payment timing. The payment path is still alive, though delayed. This is an operational delay rather than a full repudiation.",MEDIUM_RISK,MED_06_TEMPORARY_ISSUE
A review step is currently in progress before disbursement. The transfer is likely but the date remains flexible. The account should be watched closely over the next few days.,MEDIUM_RISK,MED_04_INTERNAL_REVIEW
The customer has moved the invoice into the payment pipeline. This is expected to happen on the agreed date. No special payment follow-up should be necessary.,LOW_RISK,LOW_05_READY_TO_PAY
The business is unable to state a dependable payment timeline. A prolonged delay or nonpayment appears plausible. The customer is not giving enough assurance to classify this as low or medium risk.,HIGH_RISK,HIGH_06_FAILURE_TO_COMMIT
Treasury has confirmed the invoice is ready to pay. The funds are scheduled to move according to the agreement. The payment timing is considered normal.,LOW_RISK,LOW_02_APPROVED
The invoice is going through the standard internal review process. The amount remains owed and the buyer is engaged. A few more administrative steps are necessary before the payment can be released.,MEDIUM_RISK,MED_04_INTERNAL_REVIEW
The invoice is pending internal reconciliation. The payment should occur after the outstanding administrative tasks are closed. The invoice is still considered recoverable.,MEDIUM_RISK,MED_02_RECONCILIATION
The payment date is still unresolved. The invoice remains at risk because the customer has not committed to a date. The risk of a prolonged delay is high.,HIGH_RISK,HIGH_01_NO_DATE
Everything is in place for the payment to be sent soon. The release is part of the regular payment cycle. This does not look like a default scenario.,LOW_RISK,LOW_03_SCHEDULED
"The invoice remains open, and the buyer has not yet finalized the transfer. The buyer is aware of the obligation and is still working through it. The customer is not saying no, only that timing is still being worked out.",MEDIUM_RISK,MED_05_PENDING_BUT_REASONABLE
"There is a temporary slowdown in the payment cycle. The customer is hopeful the invoice will be settled shortly. The account may show a short delay, but not a permanent issue.",MEDIUM_RISK,MED_03_SHORT_DELAY
We cannot confirm when the payment will be made. The situation should be treated as serious until the cash movement is confirmed. The invoice should be escalated for urgent follow-up.,HIGH_RISK,HIGH_01_NO_DATE
Funds were released this morning. No further action is required. No payment disruption is expected.,LOW_RISK,LOW_01_COMPLETE
"The transfer is delayed by normal processing timing. The payment is not cancelled, only deferred for a short period. The customer has not rejected the invoice, only shifted the timing.",MEDIUM_RISK,MED_03_SHORT_DELAY
Payment can be released immediately. There is no delay indicated by the finance team. The invoice should be processed without issue.,LOW_RISK,LOW_05_READY_TO_PAY
The transfer was sent successfully. The case does not require any further follow-up. The account reflects a completed transaction.,LOW_RISK,LOW_06_CONFIRMED
The settlement is already reflected in the account. There is no pending payment action. The payment outcome is already confirmed.,LOW_RISK,LOW_06_CONFIRMED
We have already made the payment. The outstanding balance is resolved. This should be treated as fully settled.,LOW_RISK,LOW_06_CONFIRMED
The finance team reports that the invoice is ready to pay. The current status suggests no special intervention is needed. The buyer appears willing and able to meet the obligation.,LOW_RISK,LOW_04_NO_BLOCKER
The customer is refusing payment while the invoice is being contested. The customer is not confirming any immediate payment timeline. The outstanding invoice may remain unpaid for an extended period.,HIGH_RISK,HIGH_04_DISPUTE
"A review step is currently in progress before disbursement. The case still looks recoverable, but the timing is not final. The customer has not refused payment, only slowed the process.",MEDIUM_RISK,MED_04_INTERNAL_REVIEW
The payment request has been cleared internally. The payment is on track for settlement. The outstanding amount is expected to clear on schedule.,LOW_RISK,LOW_02_APPROVED
The customer has not offered a credible commitment to settlement. We should assume the account requires immediate attention. The amount should be managed with a high-risk posture.,HIGH_RISK,HIGH_06_FAILURE_TO_COMMIT
"The invoice has been flagged for additional approval checks. The customer believes the invoice will eventually be paid. The invoice is not canceled, only waiting on internal completion.",MEDIUM_RISK,MED_01_APPROVAL_DELAY
The payment request has been cleared internally. The transfer should happen without additional delay. The customer intends to settle without any interruption.,LOW_RISK,LOW_02_APPROVED
The customer needs a little more time to complete the internal review. The terms are still being worked through. The payment status should be reevaluated after the review finishes.,MEDIUM_RISK,MED_04_INTERNAL_REVIEW
"The payment is outstanding but still expected. The most likely outcome is payment after a short additional delay. The buyer is engaged, but the payment date remains provisional.",MEDIUM_RISK,MED_05_PENDING_BUT_REASONABLE
The invoice has been flagged for additional approval checks. The timing may shift by a few business days. The account is still expected to receive the funds shortly.,MEDIUM_RISK,MED_01_APPROVAL_DELAY
Everything is in place for the payment to be sent soon. The release is part of the regular payment cycle. We are not seeing a payment disruption at this time.,LOW_RISK,LOW_03_SCHEDULED
The customer expects to transfer the amount shortly. The transfer matches the agreed schedule. The timing appears consistent with the prior agreement.,LOW_RISK,LOW_03_SCHEDULED
The customer has confirmed the invoice and expects no delay. The customer has not raised any concerns. This is a routine collection case with no material risk.,LOW_RISK,LOW_04_NO_BLOCKER
"The invoice is delayed by a temporary operational issue. The customer has not canceled the invoice, only rescheduled the release. This is an operational delay rather than a full repudiation.",MEDIUM_RISK,MED_06_TEMPORARY_ISSUE
"The customer has not confirmed the payment date, only their intent to pay. Settlement still appears possible if the internal process moves smoothly. The amount should still be treated as recoverable but not yet settled.",MEDIUM_RISK,MED_05_PENDING_BUT_REASONABLE
This invoice was paid and the remittance has been completed. The customer has met its payment obligation. The customer appears fully current.,LOW_RISK,LOW_06_CONFIRMED
The business is currently constrained by limited liquidity. The collection team should expect a difficult and delayed outcome. The risk of nonpayment is elevated until the situation changes.,HIGH_RISK,HIGH_02_CASHFLOW
"The payment team has not finalized the transfer yet. The case still looks recoverable, but the timing is not final. The case should be handled as a moderate risk until payment is confirmed.",MEDIUM_RISK,MED_04_INTERNAL_REVIEW
The transfer has been put on hold. The buyer is not able to provide a realistic payment date. There is no immediate evidence of a viable recovery path.,HIGH_RISK,HIGH_03_BLOCKED
The customer cannot provide a reliable payment commitment. This suggests a serious risk of missed or delayed payment. The business is effectively signaling uncertainty about settlement.,HIGH_RISK,HIGH_06_FAILURE_TO_COMMIT
The account is healthy and the outstanding amount is still on track. The current status suggests no special intervention is needed. The outstanding amount is still expected to be resolved on time.,LOW_RISK,LOW_04_NO_BLOCKER
The invoice is facing a serious schedule extension. The account should be elevated because the delay is substantial. This is materially worse than a routine administrative delay.,HIGH_RISK,HIGH_05_PROLONGED_DELAY
The payment is being withheld because of a dispute. The invoice has become a high-risk collection matter. No payment can be expected until the dispute is addressed.,HIGH_RISK,HIGH_04_DISPUTE
"The invoice is delayed because the payment batch is still running. The customer is hopeful the invoice will be settled shortly. The account may show a short delay, but not a permanent issue.",MEDIUM_RISK,MED_03_SHORT_DELAY
The customer has confirmed the invoice is ready for settlement. The payment should clear without additional review. There is no sign that settlement will be deferred.,LOW_RISK,LOW_05_READY_TO_PAY
The customer expects to transfer the amount shortly. The release is part of the regular payment cycle. Any delay would be limited to routine processing.,LOW_RISK,LOW_03_SCHEDULED
The payment is likely to slip well beyond the due date. The customer has signaled a materially worse payment outcome. The business is effectively saying the payment may be late for a long time.,HIGH_RISK,HIGH_05_PROLONGED_DELAY
The account currently lacks a trustworthy repayment plan. A prolonged delay or nonpayment appears plausible. The current communication is insufficient to support a strong recovery expectation.,HIGH_RISK,HIGH_06_FAILURE_TO_COMMIT
"The invoice is delayed because the payment batch is still running. The customer is not refusing the invoice, but timing may slip slightly. The customer has not rejected the invoice, only shifted the timing.",MEDIUM_RISK,MED_03_SHORT_DELAY
The payment release is currently blocked by internal constraints. The case requires immediate follow-up and escalation. The customer is not close to making a payment decision.,HIGH_RISK,HIGH_03_BLOCKED
The customer has confirmed the invoice and its payment is approved. Processing is underway and proceeds according to schedule. The payment timing is considered normal.,LOW_RISK,LOW_02_APPROVED
"The invoice is going through the standard internal review process. The transfer is likely but the date remains flexible. The invoice remains in play, but the date is still uncertain.",MEDIUM_RISK,MED_04_INTERNAL_REVIEW
We are facing a temporary liquidity problem. The invoice is at risk because the customer cannot confirm a repayment date. The invoice is being threatened by a real financial limitation.,HIGH_RISK,HIGH_02_CASHFLOW
"There is a short-term obstacle affecting the payment process. The customer has not canceled the invoice, only rescheduled the release. This is an operational delay rather than a full repudiation.",MEDIUM_RISK,MED_06_TEMPORARY_ISSUE
The payment will likely come through after the current batch closes. The amount remains due and the payment plan is still active. The situation is manageable but needs close monitoring.,MEDIUM_RISK,MED_03_SHORT_DELAY
Settlement is confirmed and the remittance has been posted. The customer has already satisfied the obligation. There is no current blocker on the account.,LOW_RISK,LOW_01_COMPLETE
There is nothing in the current state that would prevent settlement. The transaction is expected to clear as scheduled. The buyer appears willing and able to meet the obligation.,LOW_RISK,LOW_04_NO_BLOCKER
The payment is not facing any material obstacle. The customer has not raised any concerns. The invoice should be treated as low-risk from a payment standpoint.,LOW_RISK,LOW_04_NO_BLOCKER
"The invoice is still pending a release decision. A delayed release is likely, but the underlying contract remains active. The case looks moderate rather than severe.",MEDIUM_RISK,MED_05_PENDING_BUT_REASONABLE
The invoice is pending internal reconciliation. A brief delay is expected while the file is completed. The delay is tied to internal confirmation rather than a hard repudiation.,MEDIUM_RISK,MED_02_RECONCILIATION
"The invoice is under review and awaiting approval. The timing may shift by a few business days. The invoice is not canceled, only waiting on internal completion.",MEDIUM_RISK,MED_01_APPROVAL_DELAY
The invoice is currently contested and payment cannot proceed. The customer is not confirming any immediate payment timeline. The outstanding invoice may remain unpaid for an extended period.,HIGH_RISK,HIGH_04_DISPUTE
The payment is outstanding but still expected. The situation suggests a moderate payment risk rather than immediate default. The amount should still be treated as recoverable but not yet settled.,MEDIUM_RISK,MED_05_PENDING_BUT_REASONABLE
The invoice is facing a serious schedule extension. The account should be elevated because the delay is substantial. The business is effectively saying the payment may be late for a long time.,HIGH_RISK,HIGH_05_PROLONGED_DELAY
"A review step is currently in progress before disbursement. The amount remains owed and the buyer is engaged. This is a genuine delay risk, but not necessarily a total default.",MEDIUM_RISK,MED_04_INTERNAL_REVIEW
The payment has been blocked. The payment path appears compromised. There is no immediate evidence of a viable recovery path.,HIGH_RISK,HIGH_03_BLOCKED
"The payment team is still confirming the invoice details. The invoice is still likely to be paid, but the timing is uncertain. The customer still expects to settle once the review task is completed.",MEDIUM_RISK,MED_02_RECONCILIATION
The payment is prepared and awaiting execution. The invoice is clean and ready for release. There is no sign that settlement will be deferred.,LOW_RISK,LOW_05_READY_TO_PAY
"The invoice has been flagged for additional approval checks. The payment remains possible but not yet locked in. The timeline may slip slightly, but the payment is still intended.",MEDIUM_RISK,MED_01_APPROVAL_DELAY
The customer is facing a brief operational delay in payment execution. The customer is hopeful the invoice will be settled shortly. The situation is manageable but needs close monitoring.,MEDIUM_RISK,MED_03_SHORT_DELAY
The customer has not offered a credible commitment to settlement. We should assume the account requires immediate attention. The current communication is insufficient to support a strong recovery expectation.,HIGH_RISK,HIGH_06_FAILURE_TO_COMMIT
Settlement is confirmed and the remittance has been posted. The customer has already satisfied the obligation. The customer has completed the requested transfer.,LOW_RISK,LOW_01_COMPLETE
The transaction has been approved and is in the release queue. There is no delay indicated by the finance team. The invoice should be processed without issue.,LOW_RISK,LOW_05_READY_TO_PAY
The customer is unable to meet the normal settlement window and expects a major delay. The invoice should be treated as high risk until payment is actually received. The payment could be pushed far beyond the original timeline.,HIGH_RISK,HIGH_05_PROLONGED_DELAY
We are facing a temporary liquidity problem. The payment may be pushed back materially while the shortfall is managed. This should be treated as a serious payment risk.,HIGH_RISK,HIGH_02_CASHFLOW
"There is a current operational bottleneck affecting payment release. The payment path is still alive, though delayed. The payment might still happen, but not necessarily on the original date.",MEDIUM_RISK,MED_06_TEMPORARY_ISSUE
The invoice is pending internal reconciliation. There may be a moderate postponement before release. The payment date is not fully fixed yet.,MEDIUM_RISK,MED_02_RECONCILIATION
"The customer is dealing with a brief constraint that could shift the transfer. The customer has not canceled the invoice, only rescheduled the release. The situation requires a moderate-risk handling strategy.",MEDIUM_RISK,MED_06_TEMPORARY_ISSUE
The invoice is queued for payment as agreed. The payment path is already approved. There is a clear payment plan in place.,LOW_RISK,LOW_03_SCHEDULED
The customer is completing the internal sign-off needed for settlement. The customer believes the invoice will eventually be paid. The customer confirms the payment is likely but not yet confirmed.,MEDIUM_RISK,MED_01_APPROVAL_DELAY
The customer disputes the invoice and will not release funds until the issue is resolved. This is not a routine case and should be treated seriously. The relationship is currently strained and the amount may not be recovered quickly.,HIGH_RISK,HIGH_04_DISPUTE
The customer cannot confirm whether the invoice will be paid on time. The invoice should be considered at high risk until payment is actually received. The customer is not giving enough assurance to classify this as low or medium risk.,HIGH_RISK,HIGH_06_FAILURE_TO_COMMIT
The invoice is queued for payment as agreed. No further approvals are presently blocking completion. The timing appears consistent with the prior agreement.,LOW_RISK,LOW_03_SCHEDULED
The customer has confirmed that the funds were released. The transfer is complete and verified. There is no unresolved payment issue in this case.,LOW_RISK,LOW_06_CONFIRMED
The invoice is still pending a release decision. The situation suggests a moderate payment risk rather than immediate default. A short extension is the most plausible outcome.,MEDIUM_RISK,MED_05_PENDING_BUT_REASONABLE
The customer is experiencing a temporary issue that may affect payment timing. The payment timeline is under review and likely to move. The customer remains engaged and has not closed the account.,MEDIUM_RISK,MED_06_TEMPORARY_ISSUE
There is a temporary funding problem preventing immediate settlement. The customer has not provided an immediate path to settlement. The cash-flow disruption may result in a prolonged delay.,HIGH_RISK,HIGH_02_CASHFLOW
"The customer is dealing with a brief constraint that could shift the transfer. The customer still intends to pay, but the date is not guaranteed yet. The customer is still in communication and wants to resolve the invoice.",MEDIUM_RISK,MED_06_TEMPORARY_ISSUE
The invoice is delayed by a temporary operational issue. The payment timeline is under review and likely to move. The situation requires a moderate-risk handling strategy.,MEDIUM_RISK,MED_06_TEMPORARY_ISSUE
The customer needs a little more time to complete the internal review. The payment may move later than originally intended. The account should be watched closely over the next few days.,MEDIUM_RISK,MED_04_INTERNAL_REVIEW
The payment was completed on schedule. There are no outstanding payment issues. The due date is effectively resolved.,LOW_RISK,LOW_01_COMPLETE
The payment date is still unresolved. This raises a serious concern about when the invoice will be settled. The payment outcome is not yet dependable.,HIGH_RISK,HIGH_01_NO_DATE
The customer has confirmed the invoice is ready for settlement. This is expected to happen on the agreed date. No special payment follow-up should be necessary.,LOW_RISK,LOW_05_READY_TO_PAY
The customer is completing the internal sign-off needed for settlement. The transfer should happen once the review step is finished. The account is still expected to receive the funds shortly.,MEDIUM_RISK,MED_01_APPROVAL_DELAY
The transfer was successfully sent. No further action is required. No payment disruption is expected.,LOW_RISK,LOW_01_COMPLETE
The transfer has been put on hold. The case requires immediate follow-up and escalation. The customer has not established a credible payment plan.,HIGH_RISK,HIGH_03_BLOCKED
The organization is not in a position to guarantee payment. The customer has not demonstrated the ability to meet the invoice promptly. The likelihood of a prolonged delay remains high.,HIGH_RISK,HIGH_06_FAILURE_TO_COMMIT
The payment has been processed and the bank confirmation is on file. No additional cash collection effort is needed. This should be treated as fully settled.,LOW_RISK,LOW_06_CONFIRMED
"The invoice is still pending a release decision. The customer still appears willing to settle, but timing remains unclear. The buyer is engaged, but the payment date remains provisional.",MEDIUM_RISK,MED_05_PENDING_BUT_REASONABLE
Treasury has confirmed the invoice is ready to pay. The funds are scheduled to move according to the agreement. The account is expected to reflect the transfer soon.,LOW_RISK,LOW_02_APPROVED
Everything is in place for the payment to be sent soon. No further approvals are presently blocking completion. The customer has no reason to defer payment.,LOW_RISK,LOW_03_SCHEDULED
The customer expects the payment to be delayed significantly beyond the original due date. The customer has not offered a firm near-term date. No immediate recovery should be assumed.,HIGH_RISK,HIGH_05_PROLONGED_DELAY
The payment is not yet approved but is moving through the internal process. The customer believes the invoice will eventually be paid. The customer confirms the payment is likely but not yet confirmed.,MEDIUM_RISK,MED_01_APPROVAL_DELAY
Everything is in place for the payment to be sent soon. The transfer matches the agreed schedule. Any delay would be limited to routine processing.,LOW_RISK,LOW_03_SCHEDULED
The transfer has been arranged and should go through promptly. The payment path is already approved. The customer has no reason to defer payment.,LOW_RISK,LOW_03_SCHEDULED
The payment is not proceeding because the customer is unable to release funds. The customer has essentially paused the obligation. The customer is not close to making a payment decision.,HIGH_RISK,HIGH_03_BLOCKED
We are facing a temporary liquidity problem. There is a strong likelihood that settlement will be late. This case is not simply administrative; there is a genuine cash issue.,HIGH_RISK,HIGH_02_CASHFLOW
The payment is being delayed because of liquidity concerns. The collection team should expect a difficult and delayed outcome. The invoice is being threatened by a real financial limitation.,HIGH_RISK,HIGH_02_CASHFLOW
"The payment status is unresolved but the customer is still communicating. Settlement still appears possible if the internal process moves smoothly. The buyer is engaged, but the payment date remains provisional.",MEDIUM_RISK,MED_05_PENDING_BUT_REASONABLE
Treasury has confirmed the invoice is ready to pay. The transfer will be processed as planned. The account is expected to reflect the transfer soon.,LOW_RISK,LOW_02_APPROVED
The invoice is queued for payment as agreed. The process is moving forward normally. This does not look like a default scenario.,LOW_RISK,LOW_03_SCHEDULED
"The payment was not completed yet, but the customer is still engaged. A delayed release is likely, but the underlying contract remains active. There is still a credible path to payment.",MEDIUM_RISK,MED_05_PENDING_BUT_REASONABLE
The customer has confirmed the invoice is ready for settlement. No problem is currently visible in the payment chain. The invoice should be processed without issue.,LOW_RISK,LOW_05_READY_TO_PAY
The customer is matching documents before approval is granted. A brief delay is expected while the file is completed. This appears to be a temporary administrative delay.,MEDIUM_RISK,MED_02_RECONCILIATION
"The customer is waiting on internal approval before payment can be released. There is a reasonable chance of a minor processing delay. The timeline may slip slightly, but the payment is still intended.",MEDIUM_RISK,MED_01_APPROVAL_DELAY
The business is currently constrained by limited liquidity. The account likely needs a more urgent collection strategy. The invoice is being threatened by a real financial limitation.,HIGH_RISK,HIGH_02_CASHFLOW
The invoice will likely be paid only after an extended period. The customer has not offered a firm near-term date. This is materially worse than a routine administrative delay.,HIGH_RISK,HIGH_05_PROLONGED_DELAY
A final approval step is required before the payment can be sent. There is a reasonable chance of a minor processing delay. The payment should be visible once the administrative hold is cleared.,MEDIUM_RISK,MED_01_APPROVAL_DELAY
The payment was completed on schedule. No further action is required. The funds are already reflected in the account.,LOW_RISK,LOW_01_COMPLETE
We are facing a temporary liquidity problem. The payment may be pushed back materially while the shortfall is managed. No reliable date can be given at this stage.,HIGH_RISK,HIGH_02_CASHFLOW
The invoice is pending internal reconciliation. A brief delay is expected while the file is completed. This appears to be a temporary administrative delay.,MEDIUM_RISK,MED_02_RECONCILIATION
The payment request has been cleared internally. The bank transfer is expected to go out on time. The outstanding amount is expected to clear on schedule.,LOW_RISK,LOW_02_APPROVED
The customer says the transfer will be made later than originally planned. The customer is hopeful the invoice will be settled shortly. The customer appears willing to pay with a modest push-out.,MEDIUM_RISK,MED_03_SHORT_DELAY
The customer is unable to make the transfer today because of cash constraints. The customer has admitted an ongoing financial constraint. The risk of nonpayment is elevated until the situation changes.,HIGH_RISK,HIGH_02_CASHFLOW
The payment timing remains uncertain. The lack of a confirmed schedule suggests payment may be delayed materially. There is no visible payment certainty at this point.,HIGH_RISK,HIGH_01_NO_DATE
"The invoice is under review and awaiting approval. The payment is likely to land within a short delay. The invoice is not canceled, only waiting on internal completion.",MEDIUM_RISK,MED_01_APPROVAL_DELAY
The customer is experiencing a short-term cash shortage. The customer has admitted an ongoing financial constraint. The cash-flow disruption may result in a prolonged delay.,HIGH_RISK,HIGH_02_CASHFLOW
"The payment is being held pending internal checks. The amount remains owed and the buyer is engaged. The invoice remains in play, but the date is still uncertain.",MEDIUM_RISK,MED_04_INTERNAL_REVIEW
There is a current operational bottleneck affecting payment release. The case is unresolved and should be followed closely. The risk is meaningful but not yet acute.,MEDIUM_RISK,MED_06_TEMPORARY_ISSUE
Treasury has confirmed the invoice is ready to pay. The payment is on track for settlement. There is no indication of refusal or cancellation.,LOW_RISK,LOW_02_APPROVED
"The customer has a temporary issue preventing immediate settlement. The payment path is still alive, though delayed. The payment event is delayed but not abandoned.",MEDIUM_RISK,MED_06_TEMPORARY_ISSUE
The transfer is delayed until reconciliation is complete. The payment should occur after the outstanding administrative tasks are closed. The invoice is still considered recoverable.,MEDIUM_RISK,MED_02_RECONCILIATION
The payment is likely to slip well beyond the due date. The invoice should be treated as high risk until payment is actually received. The customer is not demonstrating a credible near-term path to payment.,HIGH_RISK,HIGH_05_PROLONGED_DELAY
There is nothing in the current state that would prevent settlement. The invoice remains in good standing. The invoice should be treated as low-risk from a payment standpoint.,LOW_RISK,LOW_04_NO_BLOCKER
The buyer says the payment will likely occur after a short disruption. The case is unresolved and should be followed closely. The customer remains engaged and has not closed the account.,MEDIUM_RISK,MED_06_TEMPORARY_ISSUE
The customer disputes the invoice and will not release funds until the issue is resolved. The invoice has become a high-risk collection matter. This should be classified as high risk.,HIGH_RISK,HIGH_04_DISPUTE
The customer disputes the invoice and will not release funds until the issue is resolved. The dispute introduces a real barrier to collection. The relationship is currently strained and the amount may not be recovered quickly.,HIGH_RISK,HIGH_04_DISPUTE
"The customer says the transfer will be made later than originally planned. The amount remains due and the payment plan is still active. The account may show a short delay, but not a permanent issue.",MEDIUM_RISK,MED_03_SHORT_DELAY
The invoice has been flagged for additional approval checks. There is a reasonable chance of a minor processing delay. The customer expects to meet the obligation after the approval process.,MEDIUM_RISK,MED_01_APPROVAL_DELAY
We cannot confirm when the payment will be made. This raises a serious concern about when the invoice will be settled. The customer has not established a credible near-term settlement plan.,HIGH_RISK,HIGH_01_NO_DATE
"Finance is verifying account details before processing the payment. The transfer is still on the roadmap but needs the paperwork to finish. We have not seen evidence of refusal, only a processing pause.",MEDIUM_RISK,MED_02_RECONCILIATION
All review steps have been completed and the invoice is approved. Processing is underway and proceeds according to schedule. The invoice is aligned with the existing payment plan.,LOW_RISK,LOW_02_APPROVED
The customer has confirmed the invoice and expects no delay. The invoice remains in good standing. There is no evidence of a temporary or prolonged delay.,LOW_RISK,LOW_04_NO_BLOCKER
The customer is waiting on internal approval before payment can be released. The transfer should happen once the review step is finished. The customer confirms the payment is likely but not yet confirmed.,MEDIUM_RISK,MED_01_APPROVAL_DELAY
All review steps have been completed and the invoice is approved. The transfer will be processed as planned. The account is expected to reflect the transfer soon.,LOW_RISK,LOW_02_APPROVED
The customer is dealing with a cash-flow issue that is affecting payment. The payment may be pushed back materially while the shortfall is managed. The invoice is being threatened by a real financial limitation.,HIGH_RISK,HIGH_02_CASHFLOW
Treasury has confirmed the invoice is ready to pay. The transfer will be processed as planned. There is no sign of a payment problem.,LOW_RISK,LOW_02_APPROVED
"The invoice is pending internal reconciliation. There may be a moderate postponement before release. We have not seen evidence of refusal, only a processing pause.",MEDIUM_RISK,MED_02_RECONCILIATION
"The customer has a temporary issue preventing immediate settlement. The amount is still expected, but no fixed date has been confirmed. The customer is still in communication and wants to resolve the invoice.",MEDIUM_RISK,MED_06_TEMPORARY_ISSUE
The payment was completed on schedule. The remittance advice has been delivered. The payment activity has already been completed.,LOW_RISK,LOW_01_COMPLETE
The payment is being delayed because of liquidity concerns. The invoice is at risk because the customer cannot confirm a repayment date. The invoice is being threatened by a real financial limitation.,HIGH_RISK,HIGH_02_CASHFLOW
This invoice was paid and the remittance has been completed. The transfer is complete and verified. The collection team can close the case.,LOW_RISK,LOW_06_CONFIRMED
"The amount remains due and the customer has not closed the file. The buyer is aware of the obligation and is still working through it. The customer is not saying no, only that timing is still being worked out.",MEDIUM_RISK,MED_05_PENDING_BUT_REASONABLE
We cannot confirm when the payment will be made. The customer may be unable to release the funds in the near term. The customer has not established a credible near-term settlement plan.,HIGH_RISK,HIGH_01_NO_DATE
All review steps have been completed and the invoice is approved. The release is already prepared in the payment queue. The invoice is aligned with the existing payment plan.,LOW_RISK,LOW_02_APPROVED
The account is healthy and the outstanding amount is still on track. The payment should proceed normally. This should not impact the expected cash receipt timing.,LOW_RISK,LOW_04_NO_BLOCKER
The invoice is waiting on a reconciliation step. There may be a moderate postponement before release. The customer still expects to settle once the review task is completed.,MEDIUM_RISK,MED_02_RECONCILIATION
The payment is outstanding but still expected. Settlement still appears possible if the internal process moves smoothly. The customer has not outright refused the invoice.,MEDIUM_RISK,MED_05_PENDING_BUT_REASONABLE
The payment has been queued but may take a little longer than usual. The case remains open and processing is ongoing. There is not yet enough evidence to classify the account as high risk.,MEDIUM_RISK,MED_03_SHORT_DELAY
The payment has been blocked. There is a strong likelihood that the invoice will remain unpaid for a long period. The customer is not close to making a payment decision.,HIGH_RISK,HIGH_03_BLOCKED
The finance team is still reviewing the invoice. There is a reasonable chance of a minor processing delay. The customer expects to meet the obligation after the approval process.,MEDIUM_RISK,MED_01_APPROVAL_DELAY
The settlement is already reflected in the account. No additional cash collection effort is needed. The payment outcome is already confirmed.,LOW_RISK,LOW_06_CONFIRMED
The customer is reviewing the invoice before release. The transfer is likely but the date remains flexible. The risk profile is elevated compared with a fully settled invoice.,MEDIUM_RISK,MED_04_INTERNAL_REVIEW
The payment is scheduled for tomorrow. The process is moving forward normally. There is a clear payment plan in place.,LOW_RISK,LOW_03_SCHEDULED
The invoice is effectively stalled because the transfer has been blocked. The case requires immediate follow-up and escalation. This situation warrants urgent commercial action.,HIGH_RISK,HIGH_03_BLOCKED
The customer has not provided a firm settlement date. The customer may be unable to release the funds in the near term. The customer has not established a credible near-term settlement plan.,HIGH_RISK,HIGH_01_NO_DATE
"The customer has not confirmed the payment date, only their intent to pay. The situation suggests a moderate payment risk rather than immediate default. The customer is not saying no, only that timing is still being worked out.",MEDIUM_RISK,MED_05_PENDING_BUT_REASONABLE
"The amount remains due and the customer has not closed the file. The customer still appears willing to settle, but timing remains unclear. The amount should still be treated as recoverable but not yet settled.",MEDIUM_RISK,MED_05_PENDING_BUT_REASONABLE
The customer has not offered a credible commitment to settlement. A prolonged delay or nonpayment appears plausible. The invoice may remain unsettled for an extended period.,HIGH_RISK,HIGH_06_FAILURE_TO_COMMIT
Treasury confirms the account can send the payment now. The timing should remain stable. This appears to be routine and regular.,LOW_RISK,LOW_05_READY_TO_PAY
The outstanding balance has been cleared. There are no outstanding payment issues. There is no current blocker on the account.,LOW_RISK,LOW_01_COMPLETE
The payment release is currently blocked by internal constraints. The invoice is at serious risk of a major delay. There is no immediate evidence of a viable recovery path.,HIGH_RISK,HIGH_03_BLOCKED
The transfer was sent successfully. There is no pending payment action. The record should show that the invoice is paid.,LOW_RISK,LOW_06_CONFIRMED
This invoice was paid and the remittance has been completed. The invoice is no longer outstanding. The customer appears fully current.,LOW_RISK,LOW_06_CONFIRMED
"We are expecting a short delay while the payment is processed. The payment is not cancelled, only deferred for a short period. The customer has not rejected the invoice, only shifted the timing.",MEDIUM_RISK,MED_03_SHORT_DELAY
The customer has confirmed the invoice and expects no delay. The customer has not raised any concerns. The payment plan remains on track.,LOW_RISK,LOW_04_NO_BLOCKER
The invoice is approved and there is no payment blocker. The invoice remains in good standing. The payment plan remains on track.,LOW_RISK,LOW_04_NO_BLOCKER
The payment is authorized and waiting for the transfer step. The bank transfer is expected to go out on time. The outstanding amount is expected to clear on schedule.,LOW_RISK,LOW_02_APPROVED
The customer cannot confirm whether the invoice will be paid on time. The invoice should be considered at high risk until payment is actually received. The payment outcome is not dependable today.,HIGH_RISK,HIGH_06_FAILURE_TO_COMMIT
"The customer says the transfer will be made later than originally planned. The customer expects payment to land within a few days. The account may show a short delay, but not a permanent issue.",MEDIUM_RISK,MED_03_SHORT_DELAY
The transfer was sent successfully. The invoice is no longer outstanding. The payment outcome is already confirmed.,LOW_RISK,LOW_06_CONFIRMED
"The payment has been queued but may take a little longer than usual. The delay is temporary and tied to current operations. The customer has not rejected the invoice, only shifted the timing.",MEDIUM_RISK,MED_03_SHORT_DELAY
The customer is dealing with a cash-flow issue that is affecting payment. The invoice is at risk because the customer cannot confirm a repayment date. This case is not simply administrative; there is a genuine cash issue.,HIGH_RISK,HIGH_02_CASHFLOW
The customer is unable to meet the normal settlement window and expects a major delay. The account should be elevated because the delay is substantial. The invoice should be monitored as high risk.,HIGH_RISK,HIGH_05_PROLONGED_DELAY
"There is a short-term obstacle affecting the payment process. The customer still intends to pay, but the date is not guaranteed yet. The situation requires a moderate-risk handling strategy.",MEDIUM_RISK,MED_06_TEMPORARY_ISSUE
The payment is not facing any material obstacle. The funds are likely to be released within the agreed window. This is a routine collection case with no material risk.,LOW_RISK,LOW_04_NO_BLOCKER
"The transfer is delayed until reconciliation is complete. The invoice is still likely to be paid, but the timing is uncertain. The payment is being worked through the normal operations flow.",MEDIUM_RISK,MED_02_RECONCILIATION
The transfer was successfully sent. The invoice is now closed. The invoice should not require any additional follow-up.,LOW_RISK,LOW_01_COMPLETE
"We are expecting a short delay while the payment is processed. The customer is not refusing the invoice, but timing may slip slightly. The customer has not rejected the invoice, only shifted the timing.",MEDIUM_RISK,MED_03_SHORT_DELAY
There is currently no confirmed payment date. The buyer has not provided the necessary assurance that the amount will be paid. There is no visible payment certainty at this point.,HIGH_RISK,HIGH_01_NO_DATE
The customer has moved the invoice into the payment pipeline. The invoice is clean and ready for release. The current status supports a low-risk customer communication.,LOW_RISK,LOW_05_READY_TO_PAY
The invoice is waiting on a reconciliation step. The process is moving forward but not yet final. The payment date is not fully fixed yet.,MEDIUM_RISK,MED_02_RECONCILIATION
"The invoice remains open, and the buyer has not yet finalized the transfer. The most likely outcome is payment after a short additional delay. The case looks moderate rather than severe.",MEDIUM_RISK,MED_05_PENDING_BUT_REASONABLE
The customer has indicated that settlement will be much later than agreed. The outstanding amount is likely to remain open for a prolonged period. The invoice should be monitored as high risk.,HIGH_RISK,HIGH_05_PROLONGED_DELAY
Payment has already been completed. The transaction is fully reconciled. The funds are already reflected in the account.,LOW_RISK,LOW_01_COMPLETE
The payment has been blocked. The payment path appears compromised. This situation warrants urgent commercial action.,HIGH_RISK,HIGH_03_BLOCKED
The outstanding balance has been cleared. The remittance advice has been delivered. The invoice should not require any additional follow-up.,LOW_RISK,LOW_01_COMPLETE
Payment was executed and the transaction is complete. The customer has met its payment obligation. There is no unresolved payment issue in this case.,LOW_RISK,LOW_06_CONFIRMED
This invoice was paid and the remittance has been completed. The collection process is effectively finished. No late-payment risk is present.,LOW_RISK,LOW_06_CONFIRMED
The invoice cannot be paid at this time. The invoice is at serious risk of a major delay. This situation warrants urgent commercial action.,HIGH_RISK,HIGH_03_BLOCKED
There is a temporary funding problem preventing immediate settlement. The customer has not provided an immediate path to settlement. The payment will likely be delayed until liquidity improves.,HIGH_RISK,HIGH_02_CASHFLOW
The transfer has been arranged and should go through promptly. The payment path is already approved. There is a clear payment plan in place.,LOW_RISK,LOW_03_SCHEDULED
The customer has not given a dependable statement about when cash will move. The customer is not providing the level of confidence needed for low-risk treatment. The customer is not giving enough assurance to classify this as low or medium risk.,HIGH_RISK,HIGH_06_FAILURE_TO_COMMIT
The customer is unable to provide a reliable payment schedule. The lack of a confirmed schedule suggests payment may be delayed materially. The customer appears unable or unwilling to commit.,HIGH_RISK,HIGH_01_NO_DATE
The settlement is already reflected in the account. The outstanding balance is resolved. The collection team can close the case.,LOW_RISK,LOW_06_CONFIRMED
The customer has not offered a credible commitment to settlement. This suggests a serious risk of missed or delayed payment. The customer is not giving enough assurance to classify this as low or medium risk.,HIGH_RISK,HIGH_06_FAILURE_TO_COMMIT
The customer is unable to provide a reliable payment schedule. The buyer has not provided the necessary assurance that the amount will be paid. The amount may not be collected on time.,HIGH_RISK,HIGH_01_NO_DATE
All review steps have been completed and the invoice is approved. The transfer will be processed as planned. The payment timing is considered normal.,LOW_RISK,LOW_02_APPROVED
The finance team reports that the invoice is ready to pay. The payment timing is considered routine. The invoice should be treated as low-risk from a payment standpoint.,LOW_RISK,LOW_04_NO_BLOCKER
The payment timing remains uncertain. The buyer has not provided the necessary assurance that the amount will be paid. The customer appears unable or unwilling to commit.,HIGH_RISK,HIGH_01_NO_DATE
Payment has been suspended pending further review. The buyer is not able to provide a realistic payment date. The customer is not close to making a payment decision.,HIGH_RISK,HIGH_03_BLOCKED
Finance has approved the invoice for payment. The bank transfer is expected to go out on time. The customer intends to settle without any interruption.,LOW_RISK,LOW_02_APPROVED
Finance has approved the invoice for payment. The release is already prepared in the payment queue. The invoice is aligned with the existing payment plan.,LOW_RISK,LOW_02_APPROVED
The funds are available and the transfer is ready. The invoice is clean and ready for release. There is no sign that settlement will be deferred.,LOW_RISK,LOW_05_READY_TO_PAY
Internal approval has already been secured. The funds are scheduled to move according to the agreement. There is no sign of a payment problem.,LOW_RISK,LOW_02_APPROVED
The payment is being withheld because of a dispute. The payment date remains uncertain and likely to move back significantly. The financial outcome is uncertain and potentially adverse.,HIGH_RISK,HIGH_04_DISPUTE
The invoice is ready to be paid. The release is a straightforward part of the normal process. The current status supports a low-risk customer communication.,LOW_RISK,LOW_05_READY_TO_PAY
"The payment is still expected, but a temporary problem is slowing the process. A short-term interruption is currently the main concern. The case should remain in watchlist status until release is confirmed.",MEDIUM_RISK,MED_06_TEMPORARY_ISSUE
This invoice was paid and the remittance has been completed. No additional cash collection effort is needed. The account reflects a completed transaction.,LOW_RISK,LOW_06_CONFIRMED
"The payment is still expected, but a temporary problem is slowing the process. The customer has not canceled the invoice, only rescheduled the release. The customer is still in communication and wants to resolve the invoice.",MEDIUM_RISK,MED_06_TEMPORARY_ISSUE
The payment has been blocked. The amount is not currently in motion. This situation warrants urgent commercial action.,HIGH_RISK,HIGH_03_BLOCKED
"The customer is facing a brief operational delay in payment execution. The payment is not cancelled, only deferred for a short period. The delay should not be interpreted as a complete nonpayment.",MEDIUM_RISK,MED_03_SHORT_DELAY
The invoice is effectively stalled because the transfer has been blocked. The case requires immediate follow-up and escalation. The risk of prolonged default is significant.,HIGH_RISK,HIGH_03_BLOCKED
The settlement is already reflected in the account. There is no pending payment action. The account reflects a completed transaction.,LOW_RISK,LOW_06_CONFIRMED
The invoice is fully settled. The customer has already satisfied the obligation. The invoice should not require any additional follow-up.,LOW_RISK,LOW_01_COMPLETE
The customer has confirmed that the funds were released. The customer has met its payment obligation. This should be treated as fully settled.,LOW_RISK,LOW_06_CONFIRMED
The transaction has been approved and is in the release queue. The invoice is clean and ready for release. There is no present risk of nonpayment.,LOW_RISK,LOW_05_READY_TO_PAY
The payment is paused due to a disagreement over the invoice details. The dispute introduces a real barrier to collection. The relationship is currently strained and the amount may not be recovered quickly.,HIGH_RISK,HIGH_04_DISPUTE
The customer has confirmed the invoice and expects no delay. The payment timing is considered routine. There is no evidence of a temporary or prolonged delay.,LOW_RISK,LOW_04_NO_BLOCKER
The payment is not proceeding because the customer is unable to release funds. The amount is not currently in motion. There is no immediate evidence of a viable recovery path.,HIGH_RISK,HIGH_03_BLOCKED
Everything is in place for the payment to be sent soon. The transfer matches the agreed schedule. The timing appears consistent with the prior agreement.,LOW_RISK,LOW_03_SCHEDULED
There is a temporary slowdown in the payment cycle. The case remains open and processing is ongoing. There is not yet enough evidence to classify the account as high risk.,MEDIUM_RISK,MED_03_SHORT_DELAY
The company is currently constrained by cash-flow pressure. The customer is unable to promise a normal payment schedule. The payment will likely be delayed until liquidity improves.,HIGH_RISK,HIGH_02_CASHFLOW
The customer is matching documents before approval is granted. The customer expects to settle once the review is complete. This appears to be a temporary administrative delay.,MEDIUM_RISK,MED_02_RECONCILIATION
The customer is matching documents before approval is granted. There may be a moderate postponement before release. The payment date is not fully fixed yet.,MEDIUM_RISK,MED_02_RECONCILIATION
"The customer has not confirmed the payment date, only their intent to pay. The account needs continued monitoring because the release date is not yet fixed. The case looks moderate rather than severe.",MEDIUM_RISK,MED_05_PENDING_BUT_REASONABLE
"The payment will likely come through after the current batch closes. The customer expects payment to land within a few days. The account may show a short delay, but not a permanent issue.",MEDIUM_RISK,MED_03_SHORT_DELAY
The invoice is queued for payment as agreed. The scheduled transfer is already underway. The timing appears consistent with the prior agreement.,LOW_RISK,LOW_03_SCHEDULED
The business is unable to state a dependable payment timeline. The invoice should be considered at high risk until payment is actually received. The likelihood of a prolonged delay remains high.,HIGH_RISK,HIGH_06_FAILURE_TO_COMMIT
The customer is dealing with a cash-flow issue that is affecting payment. The customer has not provided an immediate path to settlement. This should be treated as a serious payment risk.,HIGH_RISK,HIGH_02_CASHFLOW
Finance is verifying account details before processing the payment. The payment should occur after the outstanding administrative tasks are closed. The payment is being worked through the normal operations flow.,MEDIUM_RISK,MED_02_RECONCILIATION
The company is currently constrained by cash-flow pressure. The customer has admitted an ongoing financial constraint. The risk of nonpayment is elevated until the situation changes.,HIGH_RISK,HIGH_02_CASHFLOW
The payment is not facing any material obstacle. There is no sign of disruption in the payment workflow. There is no evidence of a temporary or prolonged delay.,LOW_RISK,LOW_04_NO_BLOCKER
The payment is authorized and waiting for the transfer step. The payment has been routed for execution. The account is expected to reflect the transfer soon.,LOW_RISK,LOW_02_APPROVED
The invoice is under review and awaiting approval. The transfer should happen once the review step is finished. The account is still expected to receive the funds shortly.,MEDIUM_RISK,MED_01_APPROVAL_DELAY
The customer is unwilling to pay until the dispute is resolved. The invoice has become a high-risk collection matter. The account appears to have material unresolved issues.,HIGH_RISK,HIGH_04_DISPUTE
Funds were released this morning. The invoice is now closed. The customer has completed the requested transfer.,LOW_RISK,LOW_01_COMPLETE
The payment timing remains uncertain. This raises a serious concern about when the invoice will be settled. The risk of a prolonged delay is high.,HIGH_RISK,HIGH_01_NO_DATE
The payment request has been cleared internally. The transfer will be processed as planned. The customer intends to settle without any interruption.,LOW_RISK,LOW_02_APPROVED
Funds are planned to be released this week. No further approvals are presently blocking completion. The customer has no reason to defer payment.,LOW_RISK,LOW_03_SCHEDULED
The customer is unable to provide a reliable payment schedule. The account should be treated as highly uncertain until payment is verified. The customer appears unable or unwilling to commit.,HIGH_RISK,HIGH_01_NO_DATE
The payment was completed on schedule. The agreement is satisfied in full. The customer has completed the requested transfer.,LOW_RISK,LOW_01_COMPLETE
The customer says the transfer will be made later than originally planned. The case remains open and processing is ongoing. The situation is manageable but needs close monitoring.,MEDIUM_RISK,MED_03_SHORT_DELAY
The invoice is fully settled. There are no outstanding payment issues. This matter is already settled from a payment perspective.,LOW_RISK,LOW_01_COMPLETE
The payment was completed on schedule. The invoice is now closed. This matter is already settled from a payment perspective.,LOW_RISK,LOW_01_COMPLETE
The payment is not proceeding because the customer is unable to release funds. The customer has essentially paused the obligation. There is no immediate evidence of a viable recovery path.,HIGH_RISK,HIGH_03_BLOCKED
The business is unable to state a dependable payment timeline. We should assume the account requires immediate attention. This should not be treated as a routine payment case.,HIGH_RISK,HIGH_06_FAILURE_TO_COMMIT
The invoice is pending internal reconciliation. The process is moving forward but not yet final. The invoice is still considered recoverable.,MEDIUM_RISK,MED_02_RECONCILIATION
The customer has a temporary issue preventing immediate settlement. The case is unresolved and should be followed closely. The case should remain in watchlist status until release is confirmed.,MEDIUM_RISK,MED_06_TEMPORARY_ISSUE
The account currently lacks a trustworthy repayment plan. The invoice should be considered at high risk until payment is actually received. The amount should be managed with a high-risk posture.,HIGH_RISK,HIGH_06_FAILURE_TO_COMMIT
The customer expects the payment to be delayed significantly beyond the original due date. The invoice should be treated as high risk until payment is actually received. This is materially worse than a routine administrative delay.,HIGH_RISK,HIGH_05_PROLONGED_DELAY
The payment was completed on schedule. The invoice is now closed. The payment activity has already been completed.,LOW_RISK,LOW_01_COMPLETE
The transfer will not be made within the current schedule. This is not a short process delay but an extended postponement. This is materially worse than a routine administrative delay.,HIGH_RISK,HIGH_05_PROLONGED_DELAY
The transfer is delayed until reconciliation is complete. The payment should occur after the outstanding administrative tasks are closed. The customer still expects to settle once the review task is completed.,MEDIUM_RISK,MED_02_RECONCILIATION
The payment timing remains uncertain. The customer may be unable to release the funds in the near term. The payment outcome is not yet dependable.,HIGH_RISK,HIGH_01_NO_DATE
The invoice will likely be paid only after an extended period. The customer has signaled a materially worse payment outcome. The business is effectively saying the payment may be late for a long time.,HIGH_RISK,HIGH_05_PROLONGED_DELAY
The customer has not given a dependable statement about when cash will move. The customer is not providing the level of confidence needed for low-risk treatment. The business is effectively signaling uncertainty about settlement.,HIGH_RISK,HIGH_06_FAILURE_TO_COMMIT
A review step is currently in progress before disbursement. There is a moderate chance of delay while the review concludes. The account should be watched closely over the next few days.,MEDIUM_RISK,MED_04_INTERNAL_REVIEW
"The payment status is unresolved but the customer is still communicating. The situation suggests a moderate payment risk rather than immediate default. The buyer is engaged, but the payment date remains provisional.",MEDIUM_RISK,MED_05_PENDING_BUT_REASONABLE
Payment can be released immediately. The invoice is clean and ready for release. The invoice should be processed without issue.,LOW_RISK,LOW_05_READY_TO_PAY
"The payment has been queued but may take a little longer than usual. The amount remains due and the payment plan is still active. The account may show a short delay, but not a permanent issue.",MEDIUM_RISK,MED_03_SHORT_DELAY
A review step is currently in progress before disbursement. The amount remains owed and the buyer is engaged. The risk profile is elevated compared with a fully settled invoice.,MEDIUM_RISK,MED_04_INTERNAL_REVIEW
The finance team reports that the invoice is ready to pay. The customer has not raised any concerns. The payment plan remains on track.,LOW_RISK,LOW_04_NO_BLOCKER
There is a temporary slowdown in the payment cycle. The payment is still intended and should come through soon. The customer appears willing to pay with a modest push-out.,MEDIUM_RISK,MED_03_SHORT_DELAY
The invoice has already been paid in full. No additional cash collection effort is needed. The record should show that the invoice is paid.,LOW_RISK,LOW_06_CONFIRMED
The customer disputes the invoice and will not release funds until the issue is resolved. The invoice has become a high-risk collection matter. The case may require dispute resolution before any cash movement occurs.,HIGH_RISK,HIGH_04_DISPUTE
The payment will likely come through after the current batch closes. The delay is temporary and tied to current operations. The customer appears willing to pay with a modest push-out.,MEDIUM_RISK,MED_03_SHORT_DELAY
"The payment status is unresolved but the customer is still communicating. The customer still appears willing to settle, but timing remains unclear. The buyer is engaged, but the payment date remains provisional.",MEDIUM_RISK,MED_05_PENDING_BUT_REASONABLE
The invoice has been approved and positioned for release. Processing is underway and proceeds according to schedule. This should meet the original due date.,LOW_RISK,LOW_02_APPROVED
"There is a short-term obstacle affecting the payment process. The case is unresolved and should be followed closely. The payment might still happen, but not necessarily on the original date.",MEDIUM_RISK,MED_06_TEMPORARY_ISSUE
"The customer needs a little more time to complete the internal review. The transfer is likely but the date remains flexible. The customer has not refused payment, only slowed the process.",MEDIUM_RISK,MED_04_INTERNAL_REVIEW
The invoice is ready to be paid. This is expected to happen on the agreed date. There is no sign that settlement will be deferred.,LOW_RISK,LOW_05_READY_TO_PAY
The transfer has been put on hold. The payment may not be possible until the blocking issue is resolved. The risk of prolonged default is significant.,HIGH_RISK,HIGH_03_BLOCKED
"The customer says the transfer will be made later than originally planned. The customer is not refusing the invoice, but timing may slip slightly. The customer appears willing to pay with a modest push-out.",MEDIUM_RISK,MED_03_SHORT_DELAY
There is a temporary funding problem preventing immediate settlement. The customer has admitted an ongoing financial constraint. The cash-flow disruption may result in a prolonged delay.,HIGH_RISK,HIGH_02_CASHFLOW
The payment is paused due to a disagreement over the invoice details. The payment date remains uncertain and likely to move back significantly. The account appears to have material unresolved issues.,HIGH_RISK,HIGH_04_DISPUTE
The customer is unable to meet the normal settlement window and expects a major delay. The customer has not offered a firm near-term date. The customer is not demonstrating a credible near-term path to payment.,HIGH_RISK,HIGH_05_PROLONGED_DELAY
The invoice has been approved and positioned for release. Processing is underway and proceeds according to schedule. There is no indication of refusal or cancellation.,LOW_RISK,LOW_02_APPROVED
The outstanding balance has been cleared. There are no outstanding payment issues. This matter is already settled from a payment perspective.,LOW_RISK,LOW_01_COMPLETE
"The payment is outstanding but still expected. The customer still appears willing to settle, but timing remains unclear. The case looks moderate rather than severe.",MEDIUM_RISK,MED_05_PENDING_BUT_REASONABLE
"The invoice is under review and awaiting approval. There is a reasonable chance of a minor processing delay. The timeline may slip slightly, but the payment is still intended.",MEDIUM_RISK,MED_01_APPROVAL_DELAY
Everything is in place for the payment to be sent soon. The release is part of the regular payment cycle. The invoice remains on track for on-time settlement.,LOW_RISK,LOW_03_SCHEDULED
The finance team reports that the invoice is ready to pay. The invoice remains in good standing. This should not impact the expected cash receipt timing.,LOW_RISK,LOW_04_NO_BLOCKER
"There is a short-term obstacle affecting the payment process. The amount is still expected, but no fixed date has been confirmed. The customer is still in communication and wants to resolve the invoice.",MEDIUM_RISK,MED_06_TEMPORARY_ISSUE
"There is a current operational bottleneck affecting payment release. The customer has not canceled the invoice, only rescheduled the release. The customer is still in communication and wants to resolve the invoice.",MEDIUM_RISK,MED_06_TEMPORARY_ISSUE
There are currently no issues preventing payment. The customer has not raised any concerns. The invoice should be treated as low-risk from a payment standpoint.,LOW_RISK,LOW_04_NO_BLOCKER
The invoice is delayed by a temporary operational issue. The payment timeline is under review and likely to move. The case should remain in watchlist status until release is confirmed.,MEDIUM_RISK,MED_06_TEMPORARY_ISSUE
The payment is paused due to a disagreement over the invoice details. The payment date remains uncertain and likely to move back significantly. The outstanding invoice may remain unpaid for an extended period.,HIGH_RISK,HIGH_04_DISPUTE
The buyer is not prepared to confirm when the invoice will be paid. The obligation is not being honored with enough clarity or certainty. The business is effectively signaling uncertainty about settlement.,HIGH_RISK,HIGH_06_FAILURE_TO_COMMIT
The customer has indicated that settlement will be much later than agreed. The outstanding amount is likely to remain open for a prolonged period. No immediate recovery should be assumed.,HIGH_RISK,HIGH_05_PROLONGED_DELAY
"The payment will likely come through after the current batch closes. The customer is not refusing the invoice, but timing may slip slightly. The account may show a short delay, but not a permanent issue.",MEDIUM_RISK,MED_03_SHORT_DELAY
The transfer is blocked because the customer is disputing the charge. The invoice has become a high-risk collection matter. The account appears to have material unresolved issues.,HIGH_RISK,HIGH_04_DISPUTE
The payment request has been cleared internally. The payment is on track for settlement. The customer intends to settle without any interruption.,LOW_RISK,LOW_02_APPROVED
Treasury confirms the account can send the payment now. The invoice is clean and ready for release. No special payment follow-up should be necessary.,LOW_RISK,LOW_05_READY_TO_PAY
The customer says the transfer will be made later than originally planned. The delay is temporary and tied to current operations. The invoice still has a realistic path to payment.,MEDIUM_RISK,MED_03_SHORT_DELAY
The customer has confirmed the invoice and expects no delay. The payment timing is considered routine. The customer has not indicated any reason to postpone payment.,LOW_RISK,LOW_04_NO_BLOCKER
The invoice is delayed because the payment batch is still running. The customer is hopeful the invoice will be settled shortly. The outstanding amount is still expected to be settled in the near term.,MEDIUM_RISK,MED_03_SHORT_DELAY
This invoice was paid and the remittance has been completed. The invoice is no longer outstanding. The payment outcome is already confirmed.,LOW_RISK,LOW_06_CONFIRMED
The invoice is queued for payment as agreed. The customer expects timely settlement. The invoice remains on track for on-time settlement.,LOW_RISK,LOW_03_SCHEDULED
The buyer is not prepared to confirm when the invoice will be paid. The invoice should be considered at high risk until payment is actually received. The payment outcome is not dependable today.,HIGH_RISK,HIGH_06_FAILURE_TO_COMMIT
The payment is likely to slip well beyond the due date. The chance of a timely collection is low in this scenario. The amount could remain unsettled for a meaningful stretch.,HIGH_RISK,HIGH_05_PROLONGED_DELAY
The payment status is unresolved but the customer is still communicating. The most likely outcome is payment after a short additional delay. A short extension is the most plausible outcome.,MEDIUM_RISK,MED_05_PENDING_BUT_REASONABLE
The custodian has confirmed the payment release window. The payment should reach the account without issue. The customer has no reason to defer payment.,LOW_RISK,LOW_03_SCHEDULED
Internal approval has already been secured. The transfer should happen without additional delay. The payment timing is considered normal.,LOW_RISK,LOW_02_APPROVED
Payment is still pending final approval. The release is pending but the situation is manageable. The customer expects to meet the obligation after the approval process.,MEDIUM_RISK,MED_01_APPROVAL_DELAY
The customer is prepared to complete the transfer without change. The invoice remains in good standing. The outstanding amount is still expected to be resolved on time.,LOW_RISK,LOW_04_NO_BLOCKER
The customer is prepared to complete the transfer without change. The customer has not raised any concerns. This should not impact the expected cash receipt timing.,LOW_RISK,LOW_04_NO_BLOCKER
The customer is experiencing a short-term cash shortage. The customer has admitted an ongoing financial constraint. This case is not simply administrative; there is a genuine cash issue.,HIGH_RISK,HIGH_02_CASHFLOW
The custodian has confirmed the payment release window. The transfer matches the agreed schedule. The customer has no reason to defer payment.,LOW_RISK,LOW_03_SCHEDULED
The customer is completing the internal sign-off needed for settlement. The transfer should happen once the review step is finished. The customer confirms the payment is likely but not yet confirmed.,MEDIUM_RISK,MED_01_APPROVAL_DELAY
Treasury has confirmed the invoice is ready to pay. The transfer will be processed as planned. The payment timing is considered normal.,LOW_RISK,LOW_02_APPROVED
The invoice is queued for payment as agreed. No further approvals are presently blocking completion. Any delay would be limited to routine processing.,LOW_RISK,LOW_03_SCHEDULED
The organization is not in a position to guarantee payment. We should assume the account requires immediate attention. The current communication is insufficient to support a strong recovery expectation.,HIGH_RISK,HIGH_06_FAILURE_TO_COMMIT
Payment can be released immediately. The invoice is clean and ready for release. This appears to be routine and regular.,LOW_RISK,LOW_05_READY_TO_PAY
The invoice is facing a serious schedule extension. The account should be elevated because the delay is substantial. The collection team should plan for significant delay and limited immediate recovery.,HIGH_RISK,HIGH_05_PROLONGED_DELAY
"The invoice is pending internal reconciliation. The payment should occur after the outstanding administrative tasks are closed. We have not seen evidence of refusal, only a processing pause.",MEDIUM_RISK,MED_02_RECONCILIATION
The transfer is delayed until reconciliation is complete. The customer expects to settle once the review is complete. This appears to be a temporary administrative delay.,MEDIUM_RISK,MED_02_RECONCILIATION
"The payment was not completed yet, but the customer is still engaged. The situation suggests a moderate payment risk rather than immediate default. A short extension is the most plausible outcome.",MEDIUM_RISK,MED_05_PENDING_BUT_REASONABLE
The customer expects the payment to be delayed significantly beyond the original due date. This is not a short process delay but an extended postponement. The invoice should be monitored as high risk.,HIGH_RISK,HIGH_05_PROLONGED_DELAY
The payment was completed on schedule. The agreement is satisfied in full. The funds are already reflected in the account.,LOW_RISK,LOW_01_COMPLETE
The customer cannot confirm whether the invoice will be paid on time. The invoice should be considered at high risk until payment is actually received. The amount should be managed with a high-risk posture.,HIGH_RISK,HIGH_06_FAILURE_TO_COMMIT
The payment is likely to slip well beyond the due date. The customer has signaled a materially worse payment outcome. The invoice should be monitored as high risk.,HIGH_RISK,HIGH_05_PROLONGED_DELAY
The account has already been credited. The customer has already satisfied the obligation. The funds are already reflected in the account.,LOW_RISK,LOW_01_COMPLETE
There is a temporary slowdown in the payment cycle. The case remains open and processing is ongoing. The invoice still has a realistic path to payment.,MEDIUM_RISK,MED_03_SHORT_DELAY
The customer cannot proceed with the payment right now. The payment path appears compromised. The invoice should be managed as a blocked account.,HIGH_RISK,HIGH_03_BLOCKED
"The customer is dealing with a brief constraint that could shift the transfer. The customer has not canceled the invoice, only rescheduled the release. The payment might still happen, but not necessarily on the original date.",MEDIUM_RISK,MED_06_TEMPORARY_ISSUE
The payment is likely to slip well beyond the due date. The invoice should be treated as high risk until payment is actually received. This is materially worse than a routine administrative delay.,HIGH_RISK,HIGH_05_PROLONGED_DELAY
The invoice is effectively stalled because the transfer has been blocked. The customer has essentially paused the obligation. This is a high-risk nonpayment scenario.,HIGH_RISK,HIGH_03_BLOCKED
The payment has been processed and the bank confirmation is on file. The invoice is no longer outstanding. The record should show that the invoice is paid.,LOW_RISK,LOW_06_CONFIRMED
The customer is unable to meet the normal settlement window and expects a major delay. The chance of a timely collection is low in this scenario. This is materially worse than a routine administrative delay.,HIGH_RISK,HIGH_05_PROLONGED_DELAY
The invoice has already been paid in full. The case does not require any further follow-up. The payment outcome is already confirmed.,LOW_RISK,LOW_06_CONFIRMED
The finance team is still reviewing the invoice. The customer believes the invoice will eventually be paid. The account is still expected to receive the funds shortly.,MEDIUM_RISK,MED_01_APPROVAL_DELAY
There is currently no confirmed payment date. The situation should be treated as serious until the cash movement is confirmed. The risk of a prolonged delay is high.,HIGH_RISK,HIGH_01_NO_DATE
The customer is unable to make the transfer today because of cash constraints. The customer has not provided an immediate path to settlement. The payment will likely be delayed until liquidity improves.,HIGH_RISK,HIGH_02_CASHFLOW
The payment has been processed and the bank confirmation is on file. No additional cash collection effort is needed. The customer appears fully current.,LOW_RISK,LOW_06_CONFIRMED
The account currently lacks a trustworthy repayment plan. A prolonged delay or nonpayment appears plausible. The invoice may remain unsettled for an extended period.,HIGH_RISK,HIGH_06_FAILURE_TO_COMMIT
The invoice cannot be paid at this time. The buyer is not able to provide a realistic payment date. The customer has not established a credible payment plan.,HIGH_RISK,HIGH_03_BLOCKED
The invoice is facing a serious schedule extension. The customer has not offered a firm near-term date. No immediate recovery should be assumed.,HIGH_RISK,HIGH_05_PROLONGED_DELAY
"The buyer says the payment will likely occur after a short disruption. The customer has not canceled the invoice, only rescheduled the release. The situation requires a moderate-risk handling strategy.",MEDIUM_RISK,MED_06_TEMPORARY_ISSUE
The customer disputes the invoice and will not release funds until the issue is resolved. The dispute introduces a real barrier to collection. The customer is not acknowledging the invoice as payable.,HIGH_RISK,HIGH_04_DISPUTE
Payment has been suspended pending further review. The payment path appears compromised. This situation warrants urgent commercial action.,HIGH_RISK,HIGH_03_BLOCKED
The invoice is currently contested and payment cannot proceed. This indicates a significant risk of missed or prolonged payment. No payment can be expected until the dispute is addressed.,HIGH_RISK,HIGH_04_DISPUTE
Funds are planned to be released this week. The customer expects timely settlement. We are not seeing a payment disruption at this time.,LOW_RISK,LOW_03_SCHEDULED
"The customer has a temporary issue preventing immediate settlement. The payment path is still alive, though delayed. The customer remains engaged and has not closed the account.",MEDIUM_RISK,MED_06_TEMPORARY_ISSUE
The outstanding balance has been cleared. The payment status is confirmed. The payment activity has already been completed.,LOW_RISK,LOW_01_COMPLETE
The account currently lacks a trustworthy repayment plan. The payment horizon remains highly uncertain. The current communication is insufficient to support a strong recovery expectation.,HIGH_RISK,HIGH_06_FAILURE_TO_COMMIT
A final approval step is required before the payment can be sent. The release is pending but the situation is manageable. The payment should be visible once the administrative hold is cleared.,MEDIUM_RISK,MED_01_APPROVAL_DELAY
The transfer was sent successfully. The invoice is no longer outstanding. This should be treated as fully settled.,LOW_RISK,LOW_06_CONFIRMED
The customer is still verifying the invoice details before payment. The transfer is likely but the date remains flexible. A few more administrative steps are necessary before the payment can be released.,MEDIUM_RISK,MED_04_INTERNAL_REVIEW
The business is currently constrained by limited liquidity. The account likely needs a more urgent collection strategy. The customer is signaling real strain in meeting the obligation.,HIGH_RISK,HIGH_02_CASHFLOW
The customer expects the payment to be delayed significantly beyond the original due date. The invoice should be treated as high risk until payment is actually received. The collection team should plan for significant delay and limited immediate recovery.,HIGH_RISK,HIGH_05_PROLONGED_DELAY
The payment is expected to arrive on the committed date. The customer expects timely settlement. The timing appears consistent with the prior agreement.,LOW_RISK,LOW_03_SCHEDULED
The customer is unable to make the transfer today because of cash constraints. The invoice is at risk because the customer cannot confirm a repayment date. The customer is signaling real strain in meeting the obligation.,HIGH_RISK,HIGH_02_CASHFLOW
The payment is outstanding but still expected. The account needs continued monitoring because the release date is not yet fixed. The current information supports caution rather than escalation.,MEDIUM_RISK,MED_05_PENDING_BUT_REASONABLE
"The buyer says the payment will likely occur after a short disruption. The issue seems temporary, but the payment may arrive later than anticipated. The payment event is delayed but not abandoned.",MEDIUM_RISK,MED_06_TEMPORARY_ISSUE
The funds are available and the transfer is ready. The invoice is clean and ready for release. There is no present risk of nonpayment.,LOW_RISK,LOW_05_READY_TO_PAY
The invoice is delayed by a temporary operational issue. The case is unresolved and should be followed closely. The payment event is delayed but not abandoned.,MEDIUM_RISK,MED_06_TEMPORARY_ISSUE
The invoice is ready to be paid. The payment should clear without additional review. The invoice should be processed without issue.,LOW_RISK,LOW_05_READY_TO_PAY
The customer disputes the invoice and will not release funds until the issue is resolved. The buyer may be unable to settle until the dispute is closed. The outstanding invoice may remain unpaid for an extended period.,HIGH_RISK,HIGH_04_DISPUTE
The transfer is delayed until reconciliation is complete. The process is moving forward but not yet final. The invoice is still considered recoverable.,MEDIUM_RISK,MED_02_RECONCILIATION
Finance has approved the invoice for payment. The transfer will be processed as planned. The customer intends to settle without any interruption.,LOW_RISK,LOW_02_APPROVED
Finance has approved the invoice for payment. Processing is underway and proceeds according to schedule. The outstanding amount is expected to clear on schedule.,LOW_RISK,LOW_02_APPROVED
The invoice is facing a serious schedule extension. The expected cash timing is far outside the normal expectation. The customer is not demonstrating a credible near-term path to payment.,HIGH_RISK,HIGH_05_PROLONGED_DELAY
There is a temporary funding problem preventing immediate settlement. The payment may be pushed back materially while the shortfall is managed. No reliable date can be given at this stage.,HIGH_RISK,HIGH_02_CASHFLOW
The customer cannot provide a reliable payment commitment. This suggests a serious risk of missed or delayed payment. The invoice may remain unsettled for an extended period.,HIGH_RISK,HIGH_06_FAILURE_TO_COMMIT
The payment is likely to slip well beyond the due date. The customer has not offered a firm near-term date. No immediate recovery should be assumed.,HIGH_RISK,HIGH_05_PROLONGED_DELAY
We have already made the payment. No additional cash collection effort is needed. No late-payment risk is present.,LOW_RISK,LOW_06_CONFIRMED
The invoice will likely be paid only after an extended period. This is not a short process delay but an extended postponement. No immediate recovery should be assumed.,HIGH_RISK,HIGH_05_PROLONGED_DELAY
The invoice has already been paid in full. The collection process is effectively finished. No late-payment risk is present.,LOW_RISK,LOW_06_CONFIRMED
"The invoice is going through the standard internal review process. The expected outcome is still a payment, but the schedule is uncertain. The case should be handled as a moderate risk until payment is confirmed.",MEDIUM_RISK,MED_04_INTERNAL_REVIEW
A review step is currently in progress before disbursement. There is a moderate chance of delay while the review concludes. A few more administrative steps are necessary before the payment can be released.,MEDIUM_RISK,MED_04_INTERNAL_REVIEW
Finance has approved the invoice for payment. The release is already prepared in the payment queue. The outstanding amount is expected to clear on schedule.,LOW_RISK,LOW_02_APPROVED
The customer has not offered a credible commitment to settlement. The customer has not demonstrated the ability to meet the invoice promptly. The amount should be managed with a high-risk posture.,HIGH_RISK,HIGH_06_FAILURE_TO_COMMIT
"The invoice is pending internal reconciliation. The invoice is still likely to be paid, but the timing is uncertain. The delay is tied to internal confirmation rather than a hard repudiation.",MEDIUM_RISK,MED_02_RECONCILIATION
The customer expects to transfer the amount shortly. The payment should reach the account without issue. There is a clear payment plan in place.,LOW_RISK,LOW_03_SCHEDULED
We have already made the payment. There is no pending payment action. The collection team can close the case.,LOW_RISK,LOW_06_CONFIRMED
The invoice is currently contested and payment cannot proceed. The customer is not confirming any immediate payment timeline. The financial outcome is uncertain and potentially adverse.,HIGH_RISK,HIGH_04_DISPUTE
The payment is authorized and waiting for the transfer step. The transfer should happen without additional delay. There is no sign of a payment problem.,LOW_RISK,LOW_02_APPROVED
The settlement is already reflected in the account. The transfer is complete and verified. There is no unresolved payment issue in this case.,LOW_RISK,LOW_06_CONFIRMED
"The customer says the transfer will be made later than originally planned. The customer is not refusing the invoice, but timing may slip slightly. The outstanding amount is still expected to be settled in the near term.",MEDIUM_RISK,MED_03_SHORT_DELAY
There is a current operational bottleneck affecting payment release. The case is unresolved and should be followed closely. The case should remain in watchlist status until release is confirmed.,MEDIUM_RISK,MED_06_TEMPORARY_ISSUE
The customer is still verifying the invoice details before payment. The transfer is likely but the date remains flexible. The payment status should be reevaluated after the review finishes.,MEDIUM_RISK,MED_04_INTERNAL_REVIEW
There are currently no issues preventing payment. The payment timing is considered routine. The customer has not indicated any reason to postpone payment.,LOW_RISK,LOW_04_NO_BLOCKER
The invoice is under review and awaiting approval. The release is pending but the situation is manageable. The account is still expected to receive the funds shortly.,MEDIUM_RISK,MED_01_APPROVAL_DELAY
"There is a temporary slowdown in the payment cycle. The customer expects payment to land within a few days. The account may show a short delay, but not a permanent issue.",MEDIUM_RISK,MED_03_SHORT_DELAY
There is a temporary funding problem preventing immediate settlement. The payment may be pushed back materially while the shortfall is managed. The cash-flow disruption may result in a prolonged delay.,HIGH_RISK,HIGH_02_CASHFLOW
The invoice is approved and there is no payment blocker. The payment should proceed normally. The outstanding amount is still expected to be resolved on time.,LOW_RISK,LOW_04_NO_BLOCKER
The payment is outstanding but still expected. The account needs continued monitoring because the release date is not yet fixed. The customer has not outright refused the invoice.,MEDIUM_RISK,MED_05_PENDING_BUT_REASONABLE
The customer has not given a dependable statement about when cash will move. A prolonged delay or nonpayment appears plausible. The invoice may remain unsettled for an extended period.,HIGH_RISK,HIGH_06_FAILURE_TO_COMMIT
"The invoice is delayed by a temporary operational issue. The payment path is still alive, though delayed. The customer is still in communication and wants to resolve the invoice.",MEDIUM_RISK,MED_06_TEMPORARY_ISSUE
The customer has confirmed the invoice is ready for settlement. The payment should clear without additional review. The current status supports a low-risk customer communication.,LOW_RISK,LOW_05_READY_TO_PAY
The transfer is blocked because the customer is disputing the charge. The invoice has become a high-risk collection matter. The relationship is currently strained and the amount may not be recovered quickly.,HIGH_RISK,HIGH_04_DISPUTE
The customer has confirmed that the funds were released. The collection process is effectively finished. The account reflects a completed transaction.,LOW_RISK,LOW_06_CONFIRMED
The transfer has been arranged and should go through promptly. The customer expects timely settlement. This does not look like a default scenario.,LOW_RISK,LOW_03_SCHEDULED
The payment has been queued but may take a little longer than usual. The case remains open and processing is ongoing. The outstanding amount is still expected to be settled in the near term.,MEDIUM_RISK,MED_03_SHORT_DELAY
The invoice will likely be paid only after an extended period. The invoice should be treated as high risk until payment is actually received. This is materially worse than a routine administrative delay.,HIGH_RISK,HIGH_05_PROLONGED_DELAY
The customer cannot commit to a payment date right now. There is a substantial chance that payment will move far beyond the original due date. The amount may not be collected on time.,HIGH_RISK,HIGH_01_NO_DATE
The customer is unable to make the transfer today because of cash constraints. The customer is unable to promise a normal payment schedule. The customer is signaling real strain in meeting the obligation.,HIGH_RISK,HIGH_02_CASHFLOW
The customer is unable to meet the normal settlement window and expects a major delay. The expected cash timing is far outside the normal expectation. The customer is not demonstrating a credible near-term path to payment.,HIGH_RISK,HIGH_05_PROLONGED_DELAY
The payment is not proceeding because the customer is unable to release funds. The buyer is not able to provide a realistic payment date. The customer has not established a credible payment plan.,HIGH_RISK,HIGH_03_BLOCKED
There is currently no confirmed payment date. The buyer has not provided the necessary assurance that the amount will be paid. The invoice should be escalated for urgent follow-up.,HIGH_RISK,HIGH_01_NO_DATE
The invoice will likely be paid only after an extended period. The outstanding amount is likely to remain open for a prolonged period. The collection team should plan for significant delay and limited immediate recovery.,HIGH_RISK,HIGH_05_PROLONGED_DELAY
The invoice is pending internal reconciliation. The customer expects to settle once the review is complete. The delay is tied to internal confirmation rather than a hard repudiation.,MEDIUM_RISK,MED_02_RECONCILIATION
The payment request has been cleared internally. The funds are scheduled to move according to the agreement. The invoice is aligned with the existing payment plan.,LOW_RISK,LOW_02_APPROVED
The customer is prepared to complete the transfer without change. The customer has not raised any concerns. The outstanding amount is still expected to be resolved on time.,LOW_RISK,LOW_04_NO_BLOCKER
The invoice is waiting on a reconciliation step. The amount remains committed but needs the final approval stage. This appears to be a temporary administrative delay.,MEDIUM_RISK,MED_02_RECONCILIATION
The invoice is facing a serious schedule extension. The customer has not offered a firm near-term date. The amount could remain unsettled for a meaningful stretch.,HIGH_RISK,HIGH_05_PROLONGED_DELAY
We cannot confirm when the payment will be made. The buyer has not provided the necessary assurance that the amount will be paid. The invoice should be escalated for urgent follow-up.,HIGH_RISK,HIGH_01_NO_DATE
"The buyer says the payment will likely occur after a short disruption. The amount is still expected, but no fixed date has been confirmed. The payment event is delayed but not abandoned.",MEDIUM_RISK,MED_06_TEMPORARY_ISSUE
The customer is dealing with a cash-flow issue that is affecting payment. The account likely needs a more urgent collection strategy. This should be treated as a serious payment risk.,HIGH_RISK,HIGH_02_CASHFLOW
The custodian has confirmed the payment release window. The release is part of the regular payment cycle. This does not look like a default scenario.,LOW_RISK,LOW_03_SCHEDULED
The finance team reports that the invoice is ready to pay. The current status suggests no special intervention is needed. The payment plan remains on track.,LOW_RISK,LOW_04_NO_BLOCKER
The invoice has been flagged for additional approval checks. The timing may shift by a few business days. There is no indication that the invoice has been rejected.,MEDIUM_RISK,MED_01_APPROVAL_DELAY
"The payment was not completed yet, but the customer is still engaged. The buyer is aware of the obligation and is still working through it. The customer has not outright refused the invoice.",MEDIUM_RISK,MED_05_PENDING_BUT_REASONABLE
The payment is paused due to a disagreement over the invoice details. The invoice has become a high-risk collection matter. No payment can be expected until the dispute is addressed.,HIGH_RISK,HIGH_04_DISPUTE
"The payment is still expected, but a temporary problem is slowing the process. A short-term interruption is currently the main concern. The risk is meaningful but not yet acute.",MEDIUM_RISK,MED_06_TEMPORARY_ISSUE
The transfer was successfully sent. There are no outstanding payment issues. The due date is effectively resolved.,LOW_RISK,LOW_01_COMPLETE
The payment is being withheld because of a dispute. The customer is effectively withholding funds until the issue is clarified. This should be classified as high risk.,HIGH_RISK,HIGH_04_DISPUTE
The transfer is blocked because the customer is disputing the charge. The invoice has become a high-risk collection matter. This should be classified as high risk.,HIGH_RISK,HIGH_04_DISPUTE
The transfer has been arranged and should go through promptly. The process is moving forward normally. The invoice remains on track for on-time settlement.,LOW_RISK,LOW_03_SCHEDULED
The customer disputes the invoice and will not release funds until the issue is resolved. The payment date remains uncertain and likely to move back significantly. This should be classified as high risk.,HIGH_RISK,HIGH_04_DISPUTE
The transfer has been put on hold. The payment may not be possible until the blocking issue is resolved. There is no immediate evidence of a viable recovery path.,HIGH_RISK,HIGH_03_BLOCKED
We are facing a temporary liquidity problem. The customer is unable to promise a normal payment schedule. This case is not simply administrative; there is a genuine cash issue.,HIGH_RISK,HIGH_02_CASHFLOW
"The invoice is delayed because the payment batch is still running. The payment is not cancelled, only deferred for a short period. The invoice still has a realistic path to payment.",MEDIUM_RISK,MED_03_SHORT_DELAY
The payment is not facing any material obstacle. There is no sign of disruption in the payment workflow. This is a routine collection case with no material risk.,LOW_RISK,LOW_04_NO_BLOCKER
The customer has not provided a firm settlement date. The situation should be treated as serious until the cash movement is confirmed. The customer has not established a credible near-term settlement plan.,HIGH_RISK,HIGH_01_NO_DATE
"There is a temporary slowdown in the payment cycle. The customer expects payment to land within a few days. The customer has not rejected the invoice, only shifted the timing.",MEDIUM_RISK,MED_03_SHORT_DELAY
The invoice is facing a serious schedule extension. The outstanding amount is likely to remain open for a prolonged period. The collection team should plan for significant delay and limited immediate recovery.,HIGH_RISK,HIGH_05_PROLONGED_DELAY
The account is healthy and the outstanding amount is still on track. The payment timing is considered routine. The invoice should be treated as low-risk from a payment standpoint.,LOW_RISK,LOW_04_NO_BLOCKER
Everything is in place for the payment to be sent soon. The process is moving forward normally. We are not seeing a payment disruption at this time.,LOW_RISK,LOW_03_SCHEDULED
The payment was completed on schedule. The payment status is confirmed. The due date is effectively resolved.,LOW_RISK,LOW_01_COMPLETE
The invoice is still open and the release date has not been set. The buyer has not provided the necessary assurance that the amount will be paid. There is no visible payment certainty at this point.,HIGH_RISK,HIGH_01_NO_DATE
The payment is paused due to a disagreement over the invoice details. The customer is effectively withholding funds until the issue is clarified. No payment can be expected until the dispute is addressed.,HIGH_RISK,HIGH_04_DISPUTE
"The payment is being held for reconciliation. The process is moving forward but not yet final. The likely outcome is eventual payment, but the exact date is still pending.",MEDIUM_RISK,MED_02_RECONCILIATION
The payment has been blocked. There is a strong likelihood that the invoice will remain unpaid for a long period. The risk of prolonged default is significant.,HIGH_RISK,HIGH_03_BLOCKED
The payment is being held for reconciliation. The transfer is still on the roadmap but needs the paperwork to finish. The payment is being worked through the normal operations flow.,MEDIUM_RISK,MED_02_RECONCILIATION
The customer says they are still planning to pay. The account needs continued monitoring because the release date is not yet fixed. A short extension is the most plausible outcome.,MEDIUM_RISK,MED_05_PENDING_BUT_REASONABLE
There is a temporary slowdown in the payment cycle. The amount remains due and the payment plan is still active. There is not yet enough evidence to classify the account as high risk.,MEDIUM_RISK,MED_03_SHORT_DELAY
The customer is facing a brief operational delay in payment execution. The amount remains due and the payment plan is still active. The delay should not be interpreted as a complete nonpayment.,MEDIUM_RISK,MED_03_SHORT_DELAY
The customer is facing a brief operational delay in payment execution. The customer expects payment to land within a few days. The situation is manageable but needs close monitoring.,MEDIUM_RISK,MED_03_SHORT_DELAY
The invoice is ready to be paid. No problem is currently visible in the payment chain. This appears to be routine and regular.,LOW_RISK,LOW_05_READY_TO_PAY
The customer is refusing payment while the invoice is being contested. This is not a routine case and should be treated seriously. The outstanding invoice may remain unpaid for an extended period.,HIGH_RISK,HIGH_04_DISPUTE
Everything is in place for the payment to be sent soon. The release is part of the regular payment cycle. The customer has no reason to defer payment.,LOW_RISK,LOW_03_SCHEDULED
"The invoice is going through the standard internal review process. The customer has not indicated disruption, only continued review. The payment status should be reevaluated after the review finishes.",MEDIUM_RISK,MED_04_INTERNAL_REVIEW
The payment release is currently blocked by internal constraints. The payment path appears compromised. The invoice should be managed as a blocked account.,HIGH_RISK,HIGH_03_BLOCKED
The payment release is currently blocked by internal constraints. The payment may not be possible until the blocking issue is resolved. The customer is not close to making a payment decision.,HIGH_RISK,HIGH_03_BLOCKED
The transfer has been put on hold. The customer has essentially paused the obligation. This is a high-risk nonpayment scenario.,HIGH_RISK,HIGH_03_BLOCKED
The finance team is still reviewing the invoice. The payment is likely to land within a short delay. The customer confirms the payment is likely but not yet confirmed.,MEDIUM_RISK,MED_01_APPROVAL_DELAY
"The customer has not confirmed the payment date, only their intent to pay. The account needs continued monitoring because the release date is not yet fixed. The customer has not outright refused the invoice.",MEDIUM_RISK,MED_05_PENDING_BUT_REASONABLE
We are expecting a short delay while the payment is processed. The customer expects payment to land within a few days. The situation is manageable but needs close monitoring.,MEDIUM_RISK,MED_03_SHORT_DELAY
The organization is not in a position to guarantee payment. The payment horizon remains highly uncertain. The payment outcome is not dependable today.,HIGH_RISK,HIGH_06_FAILURE_TO_COMMIT
The invoice will likely be paid only after an extended period. The invoice should be treated as high risk until payment is actually received. No immediate recovery should be assumed.,HIGH_RISK,HIGH_05_PROLONGED_DELAY
The customer says the transfer will be made later than originally planned. The customer is hopeful the invoice will be settled shortly. The outstanding amount is still expected to be settled in the near term.,MEDIUM_RISK,MED_03_SHORT_DELAY
The transfer has been put on hold. The amount is not currently in motion. The invoice should be managed as a blocked account.,HIGH_RISK,HIGH_03_BLOCKED
The invoice is queued for payment as agreed. The scheduled transfer is already underway. This does not look like a default scenario.,LOW_RISK,LOW_03_SCHEDULED
The settlement is already reflected in the account. The case does not require any further follow-up. The payment outcome is already confirmed.,LOW_RISK,LOW_06_CONFIRMED
The payment is being held for reconciliation. The amount remains committed but needs the final approval stage. This appears to be a temporary administrative delay.,MEDIUM_RISK,MED_02_RECONCILIATION
The invoice is waiting on a reconciliation step. There may be a moderate postponement before release. The payment is being worked through the normal operations flow.,MEDIUM_RISK,MED_02_RECONCILIATION
"The customer has not confirmed the payment date, only their intent to pay. The buyer is aware of the obligation and is still working through it. The customer has not outright refused the invoice.",MEDIUM_RISK,MED_05_PENDING_BUT_REASONABLE
Payment has already been completed. The transaction is fully reconciled. The due date is effectively resolved.,LOW_RISK,LOW_01_COMPLETE
The payment has been processed and the bank confirmation is on file. The customer has met its payment obligation. No late-payment risk is present.,LOW_RISK,LOW_06_CONFIRMED
The customer has indicated that settlement will be much later than agreed. The customer has signaled a materially worse payment outcome. The payment could be pushed far beyond the original timeline.,HIGH_RISK,HIGH_05_PROLONGED_DELAY
Payment was executed and the transaction is complete. The transfer is complete and verified. There is no unresolved payment issue in this case.,LOW_RISK,LOW_06_CONFIRMED
"The invoice is still pending a release decision. Settlement still appears possible if the internal process moves smoothly. The buyer is engaged, but the payment date remains provisional.",MEDIUM_RISK,MED_05_PENDING_BUT_REASONABLE
The customer is experiencing a temporary issue that may affect payment timing. The payment timeline is under review and likely to move. The risk is meaningful but not yet acute.,MEDIUM_RISK,MED_06_TEMPORARY_ISSUE
The transfer is delayed by normal processing timing. The payment is still intended and should come through soon. The situation is manageable but needs close monitoring.,MEDIUM_RISK,MED_03_SHORT_DELAY
The invoice is still open and the release date has not been set. The invoice remains at risk because the customer has not committed to a date. This is a meaningful nonpayment risk scenario.,HIGH_RISK,HIGH_01_NO_DATE
Settlement is confirmed and the remittance has been posted. The payment status is confirmed. The invoice should not require any additional follow-up.,LOW_RISK,LOW_01_COMPLETE
The invoice is still pending a release decision. The account needs continued monitoring because the release date is not yet fixed. There is still a credible path to payment.,MEDIUM_RISK,MED_05_PENDING_BUT_REASONABLE
The customer has confirmed the invoice and its payment is approved. The transfer will be processed as planned. There is no indication of refusal or cancellation.,LOW_RISK,LOW_02_APPROVED
The payment will likely come through after the current batch closes. The delay is temporary and tied to current operations. The delay should not be interpreted as a complete nonpayment.,MEDIUM_RISK,MED_03_SHORT_DELAY
Treasury confirms the account can send the payment now. No problem is currently visible in the payment chain. The current status supports a low-risk customer communication.,LOW_RISK,LOW_05_READY_TO_PAY
"The payment team has not finalized the transfer yet. The expected outcome is still a payment, but the schedule is uncertain. The invoice remains in play, but the date is still uncertain.",MEDIUM_RISK,MED_04_INTERNAL_REVIEW
The customer is unable to meet the normal settlement window and expects a major delay. The chance of a timely collection is low in this scenario. The business is effectively saying the payment may be late for a long time.,HIGH_RISK,HIGH_05_PROLONGED_DELAY
"The customer is dealing with a brief constraint that could shift the transfer. The issue seems temporary, but the payment may arrive later than anticipated. The risk is meaningful but not yet acute.",MEDIUM_RISK,MED_06_TEMPORARY_ISSUE
The customer has confirmed the invoice and expects no delay. The transaction is expected to clear as scheduled. This should not impact the expected cash receipt timing.,LOW_RISK,LOW_04_NO_BLOCKER
The customer is refusing payment while the invoice is being contested. The buyer may be unable to settle until the dispute is closed. The relationship is currently strained and the amount may not be recovered quickly.,HIGH_RISK,HIGH_04_DISPUTE
"The customer is dealing with a brief constraint that could shift the transfer. The customer still intends to pay, but the date is not guaranteed yet. The payment event is delayed but not abandoned.",MEDIUM_RISK,MED_06_TEMPORARY_ISSUE
"The invoice is pending internal reconciliation. The invoice is still likely to be paid, but the timing is uncertain. The payment date is not fully fixed yet.",MEDIUM_RISK,MED_02_RECONCILIATION
We are expecting a short delay while the payment is processed. The case remains open and processing is ongoing. The outstanding amount is still expected to be settled in the near term.,MEDIUM_RISK,MED_03_SHORT_DELAY
The account is healthy and the outstanding amount is still on track. The transaction is expected to clear as scheduled. The customer has not indicated any reason to postpone payment.,LOW_RISK,LOW_04_NO_BLOCKER
Internal approval has already been secured. The release is already prepared in the payment queue. The customer intends to settle without any interruption.,LOW_RISK,LOW_02_APPROVED
"The invoice remains open, and the buyer has not yet finalized the transfer. The account needs continued monitoring because the release date is not yet fixed. The customer has not outright refused the invoice.",MEDIUM_RISK,MED_05_PENDING_BUT_REASONABLE
The customer has confirmed that the funds were released. The collection process is effectively finished. The customer appears fully current.,LOW_RISK,LOW_06_CONFIRMED
"The payment was not completed yet, but the customer is still engaged. The most likely outcome is payment after a short additional delay. The buyer is engaged, but the payment date remains provisional.",MEDIUM_RISK,MED_05_PENDING_BUT_REASONABLE
The funds are available and the transfer is ready. The payment should clear without additional review. There is no present risk of nonpayment.,LOW_RISK,LOW_05_READY_TO_PAY
Funds were released this morning. The payment status is confirmed. The payment activity has already been completed.,LOW_RISK,LOW_01_COMPLETE
The invoice is going through the standard internal review process. The terms are still being worked through. The payment status should be reevaluated after the review finishes.,MEDIUM_RISK,MED_04_INTERNAL_REVIEW
"The customer is reviewing the invoice before release. The customer has not indicated disruption, only continued review. The customer has not refused payment, only slowed the process.",MEDIUM_RISK,MED_04_INTERNAL_REVIEW
The business is currently constrained by limited liquidity. The invoice is at risk because the customer cannot confirm a repayment date. This case is not simply administrative; there is a genuine cash issue.,HIGH_RISK,HIGH_02_CASHFLOW
The account has already been credited. The agreement is satisfied in full. The due date is effectively resolved.,LOW_RISK,LOW_01_COMPLETE
Payment was executed and the transaction is complete. The invoice is no longer outstanding. The payment outcome is already confirmed.,LOW_RISK,LOW_06_CONFIRMED
The transfer has been put on hold. There is a strong likelihood that the invoice will remain unpaid for a long period. The invoice should be managed as a blocked account.,HIGH_RISK,HIGH_03_BLOCKED
The customer cannot confirm whether the invoice will be paid on time. The invoice should be considered at high risk until payment is actually received. The current communication is insufficient to support a strong recovery expectation.,HIGH_RISK,HIGH_06_FAILURE_TO_COMMIT
"The invoice has been flagged for additional approval checks. There is a reasonable chance of a minor processing delay. The timeline may slip slightly, but the payment is still intended.",MEDIUM_RISK,MED_01_APPROVAL_DELAY
The payment is not proceeding because the customer is unable to release funds. The case requires immediate follow-up and escalation. The customer has not established a credible payment plan.,HIGH_RISK,HIGH_03_BLOCKED
The customer has a temporary issue preventing immediate settlement. The case is unresolved and should be followed closely. The risk is meaningful but not yet acute.,MEDIUM_RISK,MED_06_TEMPORARY_ISSUE
"The payment team has not finalized the transfer yet. The payment may move later than originally intended. This is a genuine delay risk, but not necessarily a total default.",MEDIUM_RISK,MED_04_INTERNAL_REVIEW
"The payment is not yet approved but is moving through the internal process. The timing may shift by a few business days. The timeline may slip slightly, but the payment is still intended.",MEDIUM_RISK,MED_01_APPROVAL_DELAY
Settlement is confirmed and the remittance has been posted. The remittance advice has been delivered. There is no current blocker on the account.,LOW_RISK,LOW_01_COMPLETE
The customer has confirmed the invoice and its payment is approved. The funds are scheduled to move according to the agreement. The invoice is aligned with the existing payment plan.,LOW_RISK,LOW_02_APPROVED
The payment is not facing any material obstacle. The funds are likely to be released within the agreed window. The invoice should be treated as low-risk from a payment standpoint.,LOW_RISK,LOW_04_NO_BLOCKER
The funds are available and the transfer is ready. No problem is currently visible in the payment chain. The current status supports a low-risk customer communication.,LOW_RISK,LOW_05_READY_TO_PAY
The buyer says the payment will likely occur after a short disruption. A short-term interruption is currently the main concern. The case should remain in watchlist status until release is confirmed.,MEDIUM_RISK,MED_06_TEMPORARY_ISSUE
The invoice is facing a serious schedule extension. The chance of a timely collection is low in this scenario. No immediate recovery should be assumed.,HIGH_RISK,HIGH_05_PROLONGED_DELAY
"The buyer says the payment will likely occur after a short disruption. The customer still intends to pay, but the date is not guaranteed yet. The risk is meaningful but not yet acute.",MEDIUM_RISK,MED_06_TEMPORARY_ISSUE
"The customer says the transfer will be made later than originally planned. The payment is not cancelled, only deferred for a short period. The delay should not be interpreted as a complete nonpayment.",MEDIUM_RISK,MED_03_SHORT_DELAY
The customer has not offered a credible commitment to settlement. The customer has not demonstrated the ability to meet the invoice promptly. The customer is not giving enough assurance to classify this as low or medium risk.,HIGH_RISK,HIGH_06_FAILURE_TO_COMMIT
There is a temporary funding problem preventing immediate settlement. The payment may be pushed back materially while the shortfall is managed. This case is not simply administrative; there is a genuine cash issue.,HIGH_RISK,HIGH_02_CASHFLOW
"We are expecting a short delay while the payment is processed. The customer expects payment to land within a few days. The account may show a short delay, but not a permanent issue.",MEDIUM_RISK,MED_03_SHORT_DELAY
Finance is verifying account details before processing the payment. A brief delay is expected while the file is completed. The payment date is not fully fixed yet.,MEDIUM_RISK,MED_02_RECONCILIATION
The invoice cannot be paid at this time. The invoice is at serious risk of a major delay. This is a high-risk nonpayment scenario.,HIGH_RISK,HIGH_03_BLOCKED
The customer says the invoice is under dispute and therefore no payment will be made. This is not a routine case and should be treated seriously. The financial outcome is uncertain and potentially adverse.,HIGH_RISK,HIGH_04_DISPUTE
The transaction has been approved and is in the release queue. The release is a straightforward part of the normal process. This appears to be routine and regular.,LOW_RISK,LOW_05_READY_TO_PAY
The buyer is not prepared to confirm when the invoice will be paid. The obligation is not being honored with enough clarity or certainty. The invoice may remain unsettled for an extended period.,HIGH_RISK,HIGH_06_FAILURE_TO_COMMIT
The payment timing remains uncertain. The account should be treated as highly uncertain until payment is verified. The invoice should be escalated for urgent follow-up.,HIGH_RISK,HIGH_01_NO_DATE
The invoice will likely be paid only after an extended period. The outstanding amount is likely to remain open for a prolonged period. The business is effectively saying the payment may be late for a long time.,HIGH_RISK,HIGH_05_PROLONGED_DELAY
The customer is completing the internal sign-off needed for settlement. The timing may shift by a few business days. The customer confirms the payment is likely but not yet confirmed.,MEDIUM_RISK,MED_01_APPROVAL_DELAY
"The customer has not confirmed the payment date, only their intent to pay. Settlement still appears possible if the internal process moves smoothly. The customer is not saying no, only that timing is still being worked out.",MEDIUM_RISK,MED_05_PENDING_BUT_REASONABLE
"The payment was not completed yet, but the customer is still engaged. The situation suggests a moderate payment risk rather than immediate default. The amount should still be treated as recoverable but not yet settled.",MEDIUM_RISK,MED_05_PENDING_BUT_REASONABLE
"There is a temporary slowdown in the payment cycle. The amount remains due and the payment plan is still active. The account may show a short delay, but not a permanent issue.",MEDIUM_RISK,MED_03_SHORT_DELAY
The invoice is still open and the release date has not been set. This raises a serious concern about when the invoice will be settled. The amount may not be collected on time.,HIGH_RISK,HIGH_01_NO_DATE
The customer is reviewing the invoice before release. The transfer is likely but the date remains flexible. The account should be watched closely over the next few days.,MEDIUM_RISK,MED_04_INTERNAL_REVIEW
"The payment is still expected, but a temporary problem is slowing the process. The issue seems temporary, but the payment may arrive later than anticipated. The situation requires a moderate-risk handling strategy.",MEDIUM_RISK,MED_06_TEMPORARY_ISSUE
We are facing a temporary liquidity problem. The customer has admitted an ongoing financial constraint. This case is not simply administrative; there is a genuine cash issue.,HIGH_RISK,HIGH_02_CASHFLOW
The customer is unable to meet the normal settlement window and expects a major delay. The customer has not offered a firm near-term date. No immediate recovery should be assumed.,HIGH_RISK,HIGH_05_PROLONGED_DELAY
The customer is forecasting a prolonged delay rather than a normal payment cycle. The expected cash timing is far outside the normal expectation. The customer is not demonstrating a credible near-term path to payment.,HIGH_RISK,HIGH_05_PROLONGED_DELAY
The transfer has been put on hold. The invoice is at serious risk of a major delay. This situation warrants urgent commercial action.,HIGH_RISK,HIGH_03_BLOCKED
The customer is unable to provide a reliable payment schedule. The customer may be unable to release the funds in the near term. This is a meaningful nonpayment risk scenario.,HIGH_RISK,HIGH_01_NO_DATE
"The transfer is delayed until reconciliation is complete. The invoice is still likely to be paid, but the timing is uncertain. The likely outcome is eventual payment, but the exact date is still pending.",MEDIUM_RISK,MED_02_RECONCILIATION
The customer has confirmed that the funds were released. The invoice is no longer outstanding. There is no unresolved payment issue in this case.,LOW_RISK,LOW_06_CONFIRMED
The business is unable to state a dependable payment timeline. We should assume the account requires immediate attention. The customer is not giving enough assurance to classify this as low or medium risk.,HIGH_RISK,HIGH_06_FAILURE_TO_COMMIT
"The payment is being held pending internal checks. There is a moderate chance of delay while the review concludes. The customer has not refused payment, only slowed the process.",MEDIUM_RISK,MED_04_INTERNAL_REVIEW
The payment is expected to arrive on the committed date. No further approvals are presently blocking completion. We are not seeing a payment disruption at this time.,LOW_RISK,LOW_03_SCHEDULED
The invoice is approved and there is no payment blocker. The transaction is expected to clear as scheduled. There is no evidence of a temporary or prolonged delay.,LOW_RISK,LOW_04_NO_BLOCKER
The customer has confirmed that the funds were released. No additional cash collection effort is needed. The collection team can close the case.,LOW_RISK,LOW_06_CONFIRMED
The invoice is ready to be paid. The timing should remain stable. The invoice should be processed without issue.,LOW_RISK,LOW_05_READY_TO_PAY
Funds are planned to be released this week. The customer expects timely settlement. There is a clear payment plan in place.,LOW_RISK,LOW_03_SCHEDULED
The payment is authorized and waiting for the transfer step. The funds are scheduled to move according to the agreement. This should meet the original due date.,LOW_RISK,LOW_02_APPROVED
Settlement is confirmed and the remittance has been posted. The invoice is now closed. The funds are already reflected in the account.,LOW_RISK,LOW_01_COMPLETE
The customer is unable to provide a reliable payment schedule. The customer may be unable to release the funds in the near term. The customer has not established a credible near-term settlement plan.,HIGH_RISK,HIGH_01_NO_DATE
The invoice is still open and the release date has not been set. The lack of a confirmed schedule suggests payment may be delayed materially. The amount may not be collected on time.,HIGH_RISK,HIGH_01_NO_DATE
Finance is verifying account details before processing the payment. The customer expects to settle once the review is complete. The customer still expects to settle once the review task is completed.,MEDIUM_RISK,MED_02_RECONCILIATION
There is a temporary slowdown in the payment cycle. The amount remains due and the payment plan is still active. The delay should not be interpreted as a complete nonpayment.,MEDIUM_RISK,MED_03_SHORT_DELAY
The payment was completed on schedule. There are no outstanding payment issues. No payment disruption is expected.,LOW_RISK,LOW_01_COMPLETE
There are currently no issues preventing payment. The customer has not raised any concerns. The customer has not indicated any reason to postpone payment.,LOW_RISK,LOW_04_NO_BLOCKER
The customer is dealing with a cash-flow issue that is affecting payment. The account likely needs a more urgent collection strategy. The customer is signaling real strain in meeting the obligation.,HIGH_RISK,HIGH_02_CASHFLOW
The invoice is queued for payment as agreed. The process is moving forward normally. The invoice remains on track for on-time settlement.,LOW_RISK,LOW_03_SCHEDULED
"The customer says they are still planning to pay. The account needs continued monitoring because the release date is not yet fixed. The customer is not saying no, only that timing is still being worked out.",MEDIUM_RISK,MED_05_PENDING_BUT_REASONABLE
The payment is being held pending internal checks. The terms are still being worked through. The case should be handled as a moderate risk until payment is confirmed.,MEDIUM_RISK,MED_04_INTERNAL_REVIEW
We have already made the payment. The invoice is no longer outstanding. There is no unresolved payment issue in this case.,LOW_RISK,LOW_06_CONFIRMED
Finance has approved the invoice for payment. The funds are scheduled to move according to the agreement. The customer intends to settle without any interruption.,LOW_RISK,LOW_02_APPROVED
Everything is in place for the payment to be sent soon. The payment should reach the account without issue. The invoice remains on track for on-time settlement.,LOW_RISK,LOW_03_SCHEDULED
We cannot confirm when the payment will be made. This raises a serious concern about when the invoice will be settled. The payment outcome is not yet dependable.,HIGH_RISK,HIGH_01_NO_DATE
The transfer is delayed by normal processing timing. The amount remains due and the payment plan is still active. The delay should not be interpreted as a complete nonpayment.,MEDIUM_RISK,MED_03_SHORT_DELAY
The payment request has been cleared internally. The funds are scheduled to move according to the agreement. There is no indication of refusal or cancellation.,LOW_RISK,LOW_02_APPROVED
The customer has moved the invoice into the payment pipeline. The timing should remain stable. There is no sign that settlement will be deferred.,LOW_RISK,LOW_05_READY_TO_PAY
The business is unable to state a dependable payment timeline. The payment horizon remains highly uncertain. The invoice may remain unsettled for an extended period.,HIGH_RISK,HIGH_06_FAILURE_TO_COMMIT
Internal approval has already been secured. The funds are scheduled to move according to the agreement. The account is expected to reflect the transfer soon.,LOW_RISK,LOW_02_APPROVED
The invoice will likely be paid only after an extended period. The customer has signaled a materially worse payment outcome. This is materially worse than a routine administrative delay.,HIGH_RISK,HIGH_05_PROLONGED_DELAY
The transfer has been arranged and should go through promptly. The payment should reach the account without issue. The customer has no reason to defer payment.,LOW_RISK,LOW_03_SCHEDULED
The account currently lacks a trustworthy repayment plan. The customer has not demonstrated the ability to meet the invoice promptly. The customer is not giving enough assurance to classify this as low or medium risk.,HIGH_RISK,HIGH_06_FAILURE_TO_COMMIT
"The payment was not completed yet, but the customer is still engaged. The most likely outcome is payment after a short additional delay. A short extension is the most plausible outcome.",MEDIUM_RISK,MED_05_PENDING_BUT_REASONABLE
The account currently lacks a trustworthy repayment plan. The customer is not providing the level of confidence needed for low-risk treatment. The likelihood of a prolonged delay remains high.,HIGH_RISK,HIGH_06_FAILURE_TO_COMMIT
The customer disputes the invoice and will not release funds until the issue is resolved. The customer is not confirming any immediate payment timeline. The financial outcome is uncertain and potentially adverse.,HIGH_RISK,HIGH_04_DISPUTE
The transfer will not be made within the current schedule. The invoice should be treated as high risk until payment is actually received. The customer is not demonstrating a credible near-term path to payment.,HIGH_RISK,HIGH_05_PROLONGED_DELAY
The organization is not in a position to guarantee payment. The obligation is not being honored with enough clarity or certainty. This should not be treated as a routine payment case.,HIGH_RISK,HIGH_06_FAILURE_TO_COMMIT
The customer is dealing with a brief constraint that could shift the transfer. A short-term interruption is currently the main concern. The risk is meaningful but not yet acute.,MEDIUM_RISK,MED_06_TEMPORARY_ISSUE
The customer says the invoice is under dispute and therefore no payment will be made. The customer is not confirming any immediate payment timeline. The relationship is currently strained and the amount may not be recovered quickly.,HIGH_RISK,HIGH_04_DISPUTE
All review steps have been completed and the invoice is approved. The funds are scheduled to move according to the agreement. There is no sign of a payment problem.,LOW_RISK,LOW_02_APPROVED
The transfer has been arranged and should go through promptly. The scheduled transfer is already underway. There is a clear payment plan in place.,LOW_RISK,LOW_03_SCHEDULED
The payment is not facing any material obstacle. The transaction is expected to clear as scheduled. There is no evidence of a temporary or prolonged delay.,LOW_RISK,LOW_04_NO_BLOCKER
The payment is being held for reconciliation. There may be a moderate postponement before release. This appears to be a temporary administrative delay.,MEDIUM_RISK,MED_02_RECONCILIATION
The customer has moved the invoice into the payment pipeline. The timing should remain stable. The account is in a good position for settlement.,LOW_RISK,LOW_05_READY_TO_PAY
Internal approval has already been secured. The transfer will be processed as planned. The outstanding amount is expected to clear on schedule.,LOW_RISK,LOW_02_APPROVED
"The payment is being held pending internal checks. The customer has not indicated disruption, only continued review. The customer has not refused payment, only slowed the process.",MEDIUM_RISK,MED_04_INTERNAL_REVIEW
The payment has been processed and the bank confirmation is on file. The transfer is complete and verified. This should be treated as fully settled.,LOW_RISK,LOW_06_CONFIRMED
Payment is still pending final approval. The timing may shift by a few business days. The delay appears to be procedural rather than financial.,MEDIUM_RISK,MED_01_APPROVAL_DELAY
There is a temporary slowdown in the payment cycle. The amount remains due and the payment plan is still active. The situation is manageable but needs close monitoring.,MEDIUM_RISK,MED_03_SHORT_DELAY
The customer cannot confirm whether the invoice will be paid on time. The invoice should be considered at high risk until payment is actually received. The invoice may remain unsettled for an extended period.,HIGH_RISK,HIGH_06_FAILURE_TO_COMMIT
Payment has already been completed. There are no outstanding payment issues. The customer has completed the requested transfer.,LOW_RISK,LOW_01_COMPLETE
The business is currently constrained by limited liquidity. The customer has admitted an ongoing financial constraint. The invoice is being threatened by a real financial limitation.,HIGH_RISK,HIGH_02_CASHFLOW
The transaction has been approved and is in the release queue. The payment progression is on schedule. This appears to be routine and regular.,LOW_RISK,LOW_05_READY_TO_PAY
We are expecting a short delay while the payment is processed. The amount remains due and the payment plan is still active. The customer appears willing to pay with a modest push-out.,MEDIUM_RISK,MED_03_SHORT_DELAY
The payment is being withheld because of a dispute. This is not a routine case and should be treated seriously. The account appears to have material unresolved issues.,HIGH_RISK,HIGH_04_DISPUTE
The settlement is already reflected in the account. The transfer is complete and verified. No late-payment risk is present.,LOW_RISK,LOW_06_CONFIRMED
There is a short-term obstacle affecting the payment process. The case is unresolved and should be followed closely. The customer is still in communication and wants to resolve the invoice.,MEDIUM_RISK,MED_06_TEMPORARY_ISSUE
The invoice is going through the standard internal review process. The payment may move later than originally intended. A few more administrative steps are necessary before the payment can be released.,MEDIUM_RISK,MED_04_INTERNAL_REVIEW
The payment is paused due to a disagreement over the invoice details. The invoice has become a high-risk collection matter. The case may require dispute resolution before any cash movement occurs.,HIGH_RISK,HIGH_04_DISPUTE
The customer cannot proceed with the payment right now. The payment may not be possible until the blocking issue is resolved. There is no immediate evidence of a viable recovery path.,HIGH_RISK,HIGH_03_BLOCKED
Everything is in place for the payment to be sent soon. The payment path is already approved. The customer has no reason to defer payment.,LOW_RISK,LOW_03_SCHEDULED
"The customer is experiencing a temporary issue that may affect payment timing. The amount is still expected, but no fixed date has been confirmed. The payment event is delayed but not abandoned.",MEDIUM_RISK,MED_06_TEMPORARY_ISSUE
The payment request has been cleared internally. The payment has been routed for execution. This should meet the original due date.,LOW_RISK,LOW_02_APPROVED
The invoice has already been paid in full. No additional cash collection effort is needed. The collection team can close the case.,LOW_RISK,LOW_06_CONFIRMED
The invoice is currently contested and payment cannot proceed. The payment date remains uncertain and likely to move back significantly. The customer is not acknowledging the invoice as payable.,HIGH_RISK,HIGH_04_DISPUTE
The invoice is waiting on a reconciliation step. The amount remains committed but needs the final approval stage. The invoice is still considered recoverable.,MEDIUM_RISK,MED_02_RECONCILIATION
"The customer has not confirmed the payment date, only their intent to pay. The buyer is aware of the obligation and is still working through it. The amount should still be treated as recoverable but not yet settled.",MEDIUM_RISK,MED_05_PENDING_BUT_REASONABLE
The customer is unable to make the transfer today because of cash constraints. The account likely needs a more urgent collection strategy. This should be treated as a serious payment risk.,HIGH_RISK,HIGH_02_CASHFLOW
A final approval step is required before the payment can be sent. There is a reasonable chance of a minor processing delay. The customer confirms the payment is likely but not yet confirmed.,MEDIUM_RISK,MED_01_APPROVAL_DELAY
Internal approval has already been secured. Processing is underway and proceeds according to schedule. This should meet the original due date.,LOW_RISK,LOW_02_APPROVED
There are currently no issues preventing payment. The payment should proceed normally. The buyer appears willing and able to meet the obligation.,LOW_RISK,LOW_04_NO_BLOCKER
The customer needs a little more time to complete the internal review. The amount remains owed and the buyer is engaged. The account should be watched closely over the next few days.,MEDIUM_RISK,MED_04_INTERNAL_REVIEW
Finance is verifying account details before processing the payment. There may be a moderate postponement before release. This appears to be a temporary administrative delay.,MEDIUM_RISK,MED_02_RECONCILIATION
There is currently no confirmed payment date. This raises a serious concern about when the invoice will be settled. The risk of a prolonged delay is high.,HIGH_RISK,HIGH_01_NO_DATE
Payment has been suspended pending further review. The amount is not currently in motion. This is a high-risk nonpayment scenario.,HIGH_RISK,HIGH_03_BLOCKED
The company is currently constrained by cash-flow pressure. The account likely needs a more urgent collection strategy. The payment will likely be delayed until liquidity improves.,HIGH_RISK,HIGH_02_CASHFLOW
The finance team reports that the invoice is ready to pay. The invoice remains in good standing. The outstanding amount is still expected to be resolved on time.,LOW_RISK,LOW_04_NO_BLOCKER
"The invoice is undergoing internal review. The expected outcome is still a payment, but the schedule is uncertain. The case should be handled as a moderate risk until payment is confirmed.",MEDIUM_RISK,MED_04_INTERNAL_REVIEW
"The customer is facing a brief operational delay in payment execution. The customer expects payment to land within a few days. The account may show a short delay, but not a permanent issue.",MEDIUM_RISK,MED_03_SHORT_DELAY
The custodian has confirmed the payment release window. The transfer matches the agreed schedule. The timing appears consistent with the prior agreement.,LOW_RISK,LOW_03_SCHEDULED
The customer is completing the internal sign-off needed for settlement. The payment is likely to land within a short delay. The account is still expected to receive the funds shortly.,MEDIUM_RISK,MED_01_APPROVAL_DELAY
The invoice has already been paid in full. The invoice is no longer outstanding. The customer appears fully current.,LOW_RISK,LOW_06_CONFIRMED
Funds are planned to be released this week. The payment should reach the account without issue. The customer has no reason to defer payment.,LOW_RISK,LOW_03_SCHEDULED
"The buyer says the payment will likely occur after a short disruption. The issue seems temporary, but the payment may arrive later than anticipated. The payment might still happen, but not necessarily on the original date.",MEDIUM_RISK,MED_06_TEMPORARY_ISSUE
There is currently no confirmed payment date. The situation should be treated as serious until the cash movement is confirmed. The amount may not be collected on time.,HIGH_RISK,HIGH_01_NO_DATE
The finance team reports that the invoice is ready to pay. The transaction is expected to clear as scheduled. The outstanding amount is still expected to be resolved on time.,LOW_RISK,LOW_04_NO_BLOCKER
We cannot confirm when the payment will be made. The customer may be unable to release the funds in the near term. The payment outcome is not yet dependable.,HIGH_RISK,HIGH_01_NO_DATE
The transaction has been approved and is in the release queue. The payment progression is on schedule. The customer is organized and prepared to pay.,LOW_RISK,LOW_05_READY_TO_PAY
The customer has confirmed that the funds were released. The case does not require any further follow-up. The account reflects a completed transaction.,LOW_RISK,LOW_06_CONFIRMED
The customer has not provided a firm settlement date. This raises a serious concern about when the invoice will be settled. The payment outcome is not yet dependable.,HIGH_RISK,HIGH_01_NO_DATE
The customer has confirmed the invoice is ready for settlement. There is no delay indicated by the finance team. The current status supports a low-risk customer communication.,LOW_RISK,LOW_05_READY_TO_PAY
We are facing a temporary liquidity problem. The collection team should expect a difficult and delayed outcome. This case is not simply administrative; there is a genuine cash issue.,HIGH_RISK,HIGH_02_CASHFLOW
Settlement is confirmed and the remittance has been posted. The invoice is now closed. The customer has completed the requested transfer.,LOW_RISK,LOW_01_COMPLETE
The payment is not proceeding because the customer is unable to release funds. The amount is not currently in motion. The invoice should be managed as a blocked account.,HIGH_RISK,HIGH_03_BLOCKED
The customer has confirmed the invoice and expects no delay. The payment timing is considered routine. The payment plan remains on track.,LOW_RISK,LOW_04_NO_BLOCKER
The custodian has confirmed the payment release window. The payment should reach the account without issue. The payment commitment appears solid.,LOW_RISK,LOW_03_SCHEDULED
The payment is scheduled for tomorrow. The scheduled transfer is already underway. The timing appears consistent with the prior agreement.,LOW_RISK,LOW_03_SCHEDULED
The customer is experiencing a short-term cash shortage. The account likely needs a more urgent collection strategy. The invoice is being threatened by a real financial limitation.,HIGH_RISK,HIGH_02_CASHFLOW
The invoice has been flagged for additional approval checks. The timing may shift by a few business days. The customer confirms the payment is likely but not yet confirmed.,MEDIUM_RISK,MED_01_APPROVAL_DELAY
There is a short-term obstacle affecting the payment process. The case is unresolved and should be followed closely. The case should remain in watchlist status until release is confirmed.,MEDIUM_RISK,MED_06_TEMPORARY_ISSUE
The payment is likely to slip well beyond the due date. This is not a short process delay but an extended postponement. The payment could be pushed far beyond the original timeline.,HIGH_RISK,HIGH_05_PROLONGED_DELAY
The transaction has been approved and is in the release queue. The release is a straightforward part of the normal process. The current status supports a low-risk customer communication.,LOW_RISK,LOW_05_READY_TO_PAY
The customer is completing the internal sign-off needed for settlement. The payment is likely to land within a short delay. The delay appears to be procedural rather than financial.,MEDIUM_RISK,MED_01_APPROVAL_DELAY
The customer has a temporary issue preventing immediate settlement. The payment timeline is under review and likely to move. The payment event is delayed but not abandoned.,MEDIUM_RISK,MED_06_TEMPORARY_ISSUE
The amount remains due and the customer has not closed the file. The account needs continued monitoring because the release date is not yet fixed. A short extension is the most plausible outcome.,MEDIUM_RISK,MED_05_PENDING_BUT_REASONABLE
The payment timing remains uncertain. The invoice remains at risk because the customer has not committed to a date. There is no visible payment certainty at this point.,HIGH_RISK,HIGH_01_NO_DATE
The customer is reviewing the invoice before release. There is a moderate chance of delay while the review concludes. The account should be watched closely over the next few days.,MEDIUM_RISK,MED_04_INTERNAL_REVIEW
The customer has not given a dependable statement about when cash will move. The customer has not demonstrated the ability to meet the invoice promptly. The invoice may remain unsettled for an extended period.,HIGH_RISK,HIGH_06_FAILURE_TO_COMMIT
"The payment is being held pending internal checks. The transfer is likely but the date remains flexible. This is a genuine delay risk, but not necessarily a total default.",MEDIUM_RISK,MED_04_INTERNAL_REVIEW
The customer is refusing payment while the invoice is being contested. This is not a routine case and should be treated seriously. The customer is not acknowledging the invoice as payable.,HIGH_RISK,HIGH_04_DISPUTE
Payment is still pending final approval. There is a reasonable chance of a minor processing delay. The customer confirms the payment is likely but not yet confirmed.,MEDIUM_RISK,MED_01_APPROVAL_DELAY
The customer expects to transfer the amount shortly. The payment should reach the account without issue. The invoice remains on track for on-time settlement.,LOW_RISK,LOW_03_SCHEDULED
The customer needs a little more time to complete the internal review. There is a moderate chance of delay while the review concludes. The payment status should be reevaluated after the review finishes.,MEDIUM_RISK,MED_04_INTERNAL_REVIEW
"Finance is verifying account details before processing the payment. The payment should occur after the outstanding administrative tasks are closed. We have not seen evidence of refusal, only a processing pause.",MEDIUM_RISK,MED_02_RECONCILIATION
There is a short-term obstacle affecting the payment process. The case is unresolved and should be followed closely. The customer remains engaged and has not closed the account.,MEDIUM_RISK,MED_06_TEMPORARY_ISSUE
The customer cannot confirm whether the invoice will be paid on time. A prolonged delay or nonpayment appears plausible. The likelihood of a prolonged delay remains high.,HIGH_RISK,HIGH_06_FAILURE_TO_COMMIT
The invoice cannot be paid at this time. The payment may not be possible until the blocking issue is resolved. This situation warrants urgent commercial action.,HIGH_RISK,HIGH_03_BLOCKED
"The invoice is undergoing internal review. The customer has not indicated disruption, only continued review. The risk profile is elevated compared with a fully settled invoice.",MEDIUM_RISK,MED_04_INTERNAL_REVIEW
"The payment is not yet approved but is moving through the internal process. The payment remains possible but not yet locked in. The invoice is not canceled, only waiting on internal completion.",MEDIUM_RISK,MED_01_APPROVAL_DELAY
The transfer will not be made within the current schedule. The outstanding amount is likely to remain open for a prolonged period. The collection team should plan for significant delay and limited immediate recovery.,HIGH_RISK,HIGH_05_PROLONGED_DELAY
The invoice is queued for payment as agreed. The payment should reach the account without issue. The payment commitment appears solid.,LOW_RISK,LOW_03_SCHEDULED
We cannot confirm when the payment will be made. The account should be treated as highly uncertain until payment is verified. There is no visible payment certainty at this point.,HIGH_RISK,HIGH_01_NO_DATE
"The customer has a temporary issue preventing immediate settlement. The customer still intends to pay, but the date is not guaranteed yet. The payment might still happen, but not necessarily on the original date.",MEDIUM_RISK,MED_06_TEMPORARY_ISSUE
The invoice is currently contested and payment cannot proceed. This is not a routine case and should be treated seriously. The outstanding invoice may remain unpaid for an extended period.,HIGH_RISK,HIGH_04_DISPUTE
The customer is unable to meet the normal settlement window and expects a major delay. The invoice should be treated as high risk until payment is actually received. The invoice should be monitored as high risk.,HIGH_RISK,HIGH_05_PROLONGED_DELAY
"The customer is still verifying the invoice details before payment. The customer has not indicated disruption, only continued review. The payment status should be reevaluated after the review finishes.",MEDIUM_RISK,MED_04_INTERNAL_REVIEW
"The invoice remains open, and the buyer has not yet finalized the transfer. The situation suggests a moderate payment risk rather than immediate default. The case looks moderate rather than severe.",MEDIUM_RISK,MED_05_PENDING_BUT_REASONABLE
The payment is being held pending internal checks. The payment may move later than originally intended. The payment status should be reevaluated after the review finishes.,MEDIUM_RISK,MED_04_INTERNAL_REVIEW
The customer disputes the invoice and will not release funds until the issue is resolved. The dispute introduces a real barrier to collection. The case may require dispute resolution before any cash movement occurs.,HIGH_RISK,HIGH_04_DISPUTE
The payment is prepared and awaiting execution. The payment should clear without additional review. The current status supports a low-risk customer communication.,LOW_RISK,LOW_05_READY_TO_PAY
The payment is not yet approved but is moving through the internal process. The payment remains possible but not yet locked in. The customer expects to meet the obligation after the approval process.,MEDIUM_RISK,MED_01_APPROVAL_DELAY
Treasury has confirmed the invoice is ready to pay. The funds are scheduled to move according to the agreement. There is no sign of a payment problem.,LOW_RISK,LOW_02_APPROVED
The customer is unable to make the transfer today because of cash constraints. The account likely needs a more urgent collection strategy. The payment will likely be delayed until liquidity improves.,HIGH_RISK,HIGH_02_CASHFLOW
The transfer was sent successfully. The outstanding balance is resolved. There is no unresolved payment issue in this case.,LOW_RISK,LOW_06_CONFIRMED
The transfer was successfully sent. No further action is required. The funds are already reflected in the account.,LOW_RISK,LOW_01_COMPLETE
The invoice is undergoing internal review. The amount remains owed and the buyer is engaged. The account should be watched closely over the next few days.,MEDIUM_RISK,MED_04_INTERNAL_REVIEW
The customer has not provided a firm settlement date. The buyer has not provided the necessary assurance that the amount will be paid. The risk of a prolonged delay is high.,HIGH_RISK,HIGH_01_NO_DATE
The customer has confirmed the invoice and its payment is approved. The bank transfer is expected to go out on time. The customer intends to settle without any interruption.,LOW_RISK,LOW_02_APPROVED
The outstanding balance has been cleared. The transaction is fully reconciled. There is no current blocker on the account.,LOW_RISK,LOW_01_COMPLETE
"The payment was not completed yet, but the customer is still engaged. Settlement still appears possible if the internal process moves smoothly. The buyer is engaged, but the payment date remains provisional.",MEDIUM_RISK,MED_05_PENDING_BUT_REASONABLE
"The customer is still verifying the invoice details before payment. The payment may move later than originally intended. The customer has not refused payment, only slowed the process.",MEDIUM_RISK,MED_04_INTERNAL_REVIEW
The customer has not offered a credible commitment to settlement. The customer is not providing the level of confidence needed for low-risk treatment. The business is effectively signaling uncertainty about settlement.,HIGH_RISK,HIGH_06_FAILURE_TO_COMMIT
The business is currently constrained by limited liquidity. There is a strong likelihood that settlement will be late. This should be treated as a serious payment risk.,HIGH_RISK,HIGH_02_CASHFLOW
The buyer says the payment will likely occur after a short disruption. A short-term interruption is currently the main concern. The situation requires a moderate-risk handling strategy.,MEDIUM_RISK,MED_06_TEMPORARY_ISSUE
The business is currently constrained by limited liquidity. The payment may be pushed back materially while the shortfall is managed. The payment will likely be delayed until liquidity improves.,HIGH_RISK,HIGH_02_CASHFLOW
"The customer is experiencing a temporary issue that may affect payment timing. The customer still intends to pay, but the date is not guaranteed yet. The payment event is delayed but not abandoned.",MEDIUM_RISK,MED_06_TEMPORARY_ISSUE
Payment has been suspended pending further review. The buyer is not able to provide a realistic payment date. A sustained delay appears likely.,HIGH_RISK,HIGH_03_BLOCKED
The payment is not proceeding because the customer is unable to release funds. The buyer is not able to provide a realistic payment date. A sustained delay appears likely.,HIGH_RISK,HIGH_03_BLOCKED
"The payment is outstanding but still expected. The invoice remains payable, just not yet confirmed in cash. The case looks moderate rather than severe.",MEDIUM_RISK,MED_05_PENDING_BUT_REASONABLE
Finance has approved the invoice for payment. The payment has been routed for execution. The invoice is aligned with the existing payment plan.,LOW_RISK,LOW_02_APPROVED
The customer has confirmed the invoice is ready for settlement. The payment progression is on schedule. The current status supports a low-risk customer communication.,LOW_RISK,LOW_05_READY_TO_PAY
The account has already been credited. The agreement is satisfied in full. The invoice should not require any additional follow-up.,LOW_RISK,LOW_01_COMPLETE
The invoice is currently contested and payment cannot proceed. The customer is not confirming any immediate payment timeline. This should be classified as high risk.,HIGH_RISK,HIGH_04_DISPUTE
The company is currently constrained by cash-flow pressure. The payment may be pushed back materially while the shortfall is managed. The customer is signaling real strain in meeting the obligation.,HIGH_RISK,HIGH_02_CASHFLOW
The customer disputes the invoice and will not release funds until the issue is resolved. The invoice has become a high-risk collection matter. The outstanding invoice may remain unpaid for an extended period.,HIGH_RISK,HIGH_04_DISPUTE
The customer cannot confirm whether the invoice will be paid on time. The obligation is not being honored with enough clarity or certainty. The current communication is insufficient to support a strong recovery expectation.,HIGH_RISK,HIGH_06_FAILURE_TO_COMMIT
Funds are planned to be released this week. The payment should reach the account without issue. Any delay would be limited to routine processing.,LOW_RISK,LOW_03_SCHEDULED
The customer is experiencing a short-term cash shortage. The payment may be pushed back materially while the shortfall is managed. The cash-flow disruption may result in a prolonged delay.,HIGH_RISK,HIGH_02_CASHFLOW
"The payment is being held pending internal checks. The customer has not indicated disruption, only continued review. The case should be handled as a moderate risk until payment is confirmed.",MEDIUM_RISK,MED_04_INTERNAL_REVIEW
"The customer has a temporary issue preventing immediate settlement. The amount is still expected, but no fixed date has been confirmed. This is an operational delay rather than a full repudiation.",MEDIUM_RISK,MED_06_TEMPORARY_ISSUE
The invoice is going through the standard internal review process. The transfer is likely but the date remains flexible. The case should be handled as a moderate risk until payment is confirmed.,MEDIUM_RISK,MED_04_INTERNAL_REVIEW
The buyer is not prepared to confirm when the invoice will be paid. We should assume the account requires immediate attention. The invoice may remain unsettled for an extended period.,HIGH_RISK,HIGH_06_FAILURE_TO_COMMIT
The customer is reviewing the invoice before release. The transfer is likely but the date remains flexible. The payment status should be reevaluated after the review finishes.,MEDIUM_RISK,MED_04_INTERNAL_REVIEW
"The payment is being held for reconciliation. A brief delay is expected while the file is completed. We have not seen evidence of refusal, only a processing pause.",MEDIUM_RISK,MED_02_RECONCILIATION
The customer cannot proceed with the payment right now. The buyer is not able to provide a realistic payment date. The customer is not close to making a payment decision.,HIGH_RISK,HIGH_03_BLOCKED
"The customer says they are still planning to pay. A delayed release is likely, but the underlying contract remains active. The customer has not outright refused the invoice.",MEDIUM_RISK,MED_05_PENDING_BUT_REASONABLE
The invoice is facing a serious schedule extension. The chance of a timely collection is low in this scenario. The payment could be pushed far beyond the original timeline.,HIGH_RISK,HIGH_05_PROLONGED_DELAY
The business is currently constrained by limited liquidity. The customer has admitted an ongoing financial constraint. The payment will likely be delayed until liquidity improves.,HIGH_RISK,HIGH_02_CASHFLOW
The customer cannot proceed with the payment right now. The payment may not be possible until the blocking issue is resolved. A sustained delay appears likely.,HIGH_RISK,HIGH_03_BLOCKED
The invoice is queued for payment as agreed. No further approvals are presently blocking completion. The customer has no reason to defer payment.,LOW_RISK,LOW_03_SCHEDULED
Payment can be released immediately. The payment should clear without additional review. There is no present risk of nonpayment.,LOW_RISK,LOW_05_READY_TO_PAY
The account currently lacks a trustworthy repayment plan. The customer is not providing the level of confidence needed for low-risk treatment. This should not be treated as a routine payment case.,HIGH_RISK,HIGH_06_FAILURE_TO_COMMIT
The customer is experiencing a short-term cash shortage. There is a strong likelihood that settlement will be late. No reliable date can be given at this stage.,HIGH_RISK,HIGH_02_CASHFLOW
The transfer has been put on hold. The customer has essentially paused the obligation. The customer has not established a credible payment plan.,HIGH_RISK,HIGH_03_BLOCKED
The transfer was successfully sent. The remittance advice has been delivered. There is no current blocker on the account.,LOW_RISK,LOW_01_COMPLETE
The customer says the transfer will be made later than originally planned. The delay is temporary and tied to current operations. The customer appears willing to pay with a modest push-out.,MEDIUM_RISK,MED_03_SHORT_DELAY
The organization is not in a position to guarantee payment. This suggests a serious risk of missed or delayed payment. The likelihood of a prolonged delay remains high.,HIGH_RISK,HIGH_06_FAILURE_TO_COMMIT
Treasury confirms the account can send the payment now. The payment progression is on schedule. The invoice should be processed without issue.,LOW_RISK,LOW_05_READY_TO_PAY
Treasury confirms the account can send the payment now. This is expected to happen on the agreed date. There is no present risk of nonpayment.,LOW_RISK,LOW_05_READY_TO_PAY
The invoice will likely be paid only after an extended period. The customer has signaled a materially worse payment outcome. The payment could be pushed far beyond the original timeline.,HIGH_RISK,HIGH_05_PROLONGED_DELAY
The customer says the invoice is under dispute and therefore no payment will be made. The dispute introduces a real barrier to collection. The account appears to have material unresolved issues.,HIGH_RISK,HIGH_04_DISPUTE
Payment has been suspended pending further review. The case requires immediate follow-up and escalation. The customer has not established a credible payment plan.,HIGH_RISK,HIGH_03_BLOCKED
"A review step is currently in progress before disbursement. The amount remains owed and the buyer is engaged. The invoice remains in play, but the date is still uncertain.",MEDIUM_RISK,MED_04_INTERNAL_REVIEW
The payment date is still unresolved. The lack of a confirmed schedule suggests payment may be delayed materially. The risk of a prolonged delay is high.,HIGH_RISK,HIGH_01_NO_DATE
"The invoice is delayed by a temporary operational issue. The customer still intends to pay, but the date is not guaranteed yet. The payment might still happen, but not necessarily on the original date.",MEDIUM_RISK,MED_06_TEMPORARY_ISSUE
The account has already been credited. There are no outstanding payment issues. There is no current blocker on the account.,LOW_RISK,LOW_01_COMPLETE
The invoice is still pending a release decision. The account needs continued monitoring because the release date is not yet fixed. The current information supports caution rather than escalation.,MEDIUM_RISK,MED_05_PENDING_BUT_REASONABLE
There is currently no confirmed payment date. There is a substantial chance that payment will move far beyond the original due date. The invoice should be escalated for urgent follow-up.,HIGH_RISK,HIGH_01_NO_DATE
"The buyer says the payment will likely occur after a short disruption. The customer has not canceled the invoice, only rescheduled the release. The payment might still happen, but not necessarily on the original date.",MEDIUM_RISK,MED_06_TEMPORARY_ISSUE
The customer is experiencing a short-term cash shortage. The collection team should expect a difficult and delayed outcome. The customer is signaling real strain in meeting the obligation.,HIGH_RISK,HIGH_02_CASHFLOW
Treasury confirms the account can send the payment now. No problem is currently visible in the payment chain. This appears to be routine and regular.,LOW_RISK,LOW_05_READY_TO_PAY
The customer has moved the invoice into the payment pipeline. The payment should clear without additional review. There is no sign that settlement will be deferred.,LOW_RISK,LOW_05_READY_TO_PAY
The payment has been queued but may take a little longer than usual. The case remains open and processing is ongoing. The invoice still has a realistic path to payment.,MEDIUM_RISK,MED_03_SHORT_DELAY
The customer is unable to meet the normal settlement window and expects a major delay. The outstanding amount is likely to remain open for a prolonged period. This is materially worse than a routine administrative delay.,HIGH_RISK,HIGH_05_PROLONGED_DELAY
The customer disputes the invoice and will not release funds until the issue is resolved. The payment date remains uncertain and likely to move back significantly. The relationship is currently strained and the amount may not be recovered quickly.,HIGH_RISK,HIGH_04_DISPUTE
"The payment team has not finalized the transfer yet. The customer has not indicated disruption, only continued review. The risk profile is elevated compared with a fully settled invoice.",MEDIUM_RISK,MED_04_INTERNAL_REVIEW
Payment has been suspended pending further review. The buyer is not able to provide a realistic payment date. The invoice should be managed as a blocked account.,HIGH_RISK,HIGH_03_BLOCKED
The transfer has been put on hold. The case requires immediate follow-up and escalation. The invoice should be managed as a blocked account.,HIGH_RISK,HIGH_03_BLOCKED
Payment can be released immediately. This is expected to happen on the agreed date. There is no present risk of nonpayment.,LOW_RISK,LOW_05_READY_TO_PAY
The company is currently constrained by cash-flow pressure. The account likely needs a more urgent collection strategy. The cash-flow disruption may result in a prolonged delay.,HIGH_RISK,HIGH_02_CASHFLOW
The customer disputes the invoice and will not release funds until the issue is resolved. This indicates a significant risk of missed or prolonged payment. No payment can be expected until the dispute is addressed.,HIGH_RISK,HIGH_04_DISPUTE
The settlement is already reflected in the account. The invoice is no longer outstanding. There is no unresolved payment issue in this case.,LOW_RISK,LOW_06_CONFIRMED
"The customer is facing a brief operational delay in payment execution. The payment is not cancelled, only deferred for a short period. The situation is manageable but needs close monitoring.",MEDIUM_RISK,MED_03_SHORT_DELAY
This invoice was paid and the remittance has been completed. The case does not require any further follow-up. The record should show that the invoice is paid.,LOW_RISK,LOW_06_CONFIRMED
Funds are planned to be released this week. The payment should reach the account without issue. There is a clear payment plan in place.,LOW_RISK,LOW_03_SCHEDULED
The invoice is still open and the release date has not been set. The invoice remains at risk because the customer has not committed to a date. The invoice should be escalated for urgent follow-up.,HIGH_RISK,HIGH_01_NO_DATE
The customer cannot provide a reliable payment commitment. The obligation is not being honored with enough clarity or certainty. The payment outcome is not dependable today.,HIGH_RISK,HIGH_06_FAILURE_TO_COMMIT
The payment status is unresolved but the customer is still communicating. The account needs continued monitoring because the release date is not yet fixed. The case looks moderate rather than severe.,MEDIUM_RISK,MED_05_PENDING_BUT_REASONABLE
All review steps have been completed and the invoice is approved. The funds are scheduled to move according to the agreement. This should meet the original due date.,LOW_RISK,LOW_02_APPROVED
The payment is prepared and awaiting execution. The payment should clear without additional review. The invoice should be processed without issue.,LOW_RISK,LOW_05_READY_TO_PAY
The customer is experiencing a short-term cash shortage. The customer is unable to promise a normal payment schedule. No reliable date can be given at this stage.,HIGH_RISK,HIGH_02_CASHFLOW
The invoice is pending internal reconciliation. The amount remains committed but needs the final approval stage. The payment date is not fully fixed yet.,MEDIUM_RISK,MED_02_RECONCILIATION
Payment has already been completed. The remittance advice has been delivered. The funds are already reflected in the account.,LOW_RISK,LOW_01_COMPLETE
"The payment is still expected, but a temporary problem is slowing the process. A short-term interruption is currently the main concern. The payment might still happen, but not necessarily on the original date.",MEDIUM_RISK,MED_06_TEMPORARY_ISSUE
"The invoice is still pending a release decision. The account needs continued monitoring because the release date is not yet fixed. The customer is not saying no, only that timing is still being worked out.",MEDIUM_RISK,MED_05_PENDING_BUT_REASONABLE
The payment is being held pending internal checks. The amount remains owed and the buyer is engaged. The risk profile is elevated compared with a fully settled invoice.,MEDIUM_RISK,MED_04_INTERNAL_REVIEW
The customer has confirmed the invoice and expects no delay. The funds are likely to be released within the agreed window. There is no evidence of a temporary or prolonged delay.,LOW_RISK,LOW_04_NO_BLOCKER
"The customer is experiencing a temporary issue that may affect payment timing. The issue seems temporary, but the payment may arrive later than anticipated. This is an operational delay rather than a full repudiation.",MEDIUM_RISK,MED_06_TEMPORARY_ISSUE
The customer is waiting on internal approval before payment can be released. The customer believes the invoice will eventually be paid. The customer confirms the payment is likely but not yet confirmed.,MEDIUM_RISK,MED_01_APPROVAL_DELAY
The transfer is delayed until reconciliation is complete. The amount remains committed but needs the final approval stage. This appears to be a temporary administrative delay.,MEDIUM_RISK,MED_02_RECONCILIATION
"The amount remains due and the customer has not closed the file. The customer still appears willing to settle, but timing remains unclear. The case looks moderate rather than severe.",MEDIUM_RISK,MED_05_PENDING_BUT_REASONABLE
A final approval step is required before the payment can be sent. A small postponement is expected while approval completes. The customer expects to meet the obligation after the approval process.,MEDIUM_RISK,MED_01_APPROVAL_DELAY
Settlement is confirmed and the remittance has been posted. The transaction is fully reconciled. There is no current blocker on the account.,LOW_RISK,LOW_01_COMPLETE
The customer is refusing payment while the invoice is being contested. The buyer may be unable to settle until the dispute is closed. The financial outcome is uncertain and potentially adverse.,HIGH_RISK,HIGH_04_DISPUTE
The customer cannot proceed with the payment right now. The payment path appears compromised. There is no immediate evidence of a viable recovery path.,HIGH_RISK,HIGH_03_BLOCKED
"We are expecting a short delay while the payment is processed. The payment is not cancelled, only deferred for a short period. The customer appears willing to pay with a modest push-out.",MEDIUM_RISK,MED_03_SHORT_DELAY
The transfer was successfully sent. The invoice is now closed. There is no current blocker on the account.,LOW_RISK,LOW_01_COMPLETE
The invoice is still pending a release decision. Settlement still appears possible if the internal process moves smoothly. There is still a credible path to payment.,MEDIUM_RISK,MED_05_PENDING_BUT_REASONABLE
The business is currently constrained by limited liquidity. There is a strong likelihood that settlement will be late. No reliable date can be given at this stage.,HIGH_RISK,HIGH_02_CASHFLOW
The customer is unwilling to pay until the dispute is resolved. The payment date remains uncertain and likely to move back significantly. This should be classified as high risk.,HIGH_RISK,HIGH_04_DISPUTE
There is a current operational bottleneck affecting payment release. The case is unresolved and should be followed closely. The customer is still in communication and wants to resolve the invoice.,MEDIUM_RISK,MED_06_TEMPORARY_ISSUE
The payment is paused due to a disagreement over the invoice details. This indicates a significant risk of missed or prolonged payment. The account appears to have material unresolved issues.,HIGH_RISK,HIGH_04_DISPUTE
There is nothing in the current state that would prevent settlement. The funds are likely to be released within the agreed window. The buyer appears willing and able to meet the obligation.,LOW_RISK,LOW_04_NO_BLOCKER
The customer is waiting on internal approval before payment can be released. The transfer should happen once the review step is finished. The customer expects to meet the obligation after the approval process.,MEDIUM_RISK,MED_01_APPROVAL_DELAY
Payment has already been completed. The invoice is now closed. The customer has completed the requested transfer.,LOW_RISK,LOW_01_COMPLETE
The payment is expected to arrive on the committed date. The customer expects timely settlement. The invoice remains on track for on-time settlement.,LOW_RISK,LOW_03_SCHEDULED
The customer is experiencing a short-term cash shortage. The payment may be pushed back materially while the shortfall is managed. This should be treated as a serious payment risk.,HIGH_RISK,HIGH_02_CASHFLOW
The customer has not offered a credible commitment to settlement. The customer has not demonstrated the ability to meet the invoice promptly. The payment outcome is not dependable today.,HIGH_RISK,HIGH_06_FAILURE_TO_COMMIT
Everything is in place for the payment to be sent soon. No further approvals are presently blocking completion. Any delay would be limited to routine processing.,LOW_RISK,LOW_03_SCHEDULED
The payment team is still confirming the invoice details. The amount remains committed but needs the final approval stage. The payment date is not fully fixed yet.,MEDIUM_RISK,MED_02_RECONCILIATION
"The customer is matching documents before approval is granted. The invoice is still likely to be paid, but the timing is uncertain. The customer still expects to settle once the review task is completed.",MEDIUM_RISK,MED_02_RECONCILIATION
The invoice is effectively stalled because the transfer has been blocked. The payment may not be possible until the blocking issue is resolved. A sustained delay appears likely.,HIGH_RISK,HIGH_03_BLOCKED
"The invoice is delayed because the payment batch is still running. The delay is temporary and tied to current operations. The account may show a short delay, but not a permanent issue.",MEDIUM_RISK,MED_03_SHORT_DELAY
Finance is verifying account details before processing the payment. The amount remains committed but needs the final approval stage. The delay is tied to internal confirmation rather than a hard repudiation.,MEDIUM_RISK,MED_02_RECONCILIATION
The customer has confirmed the invoice and its payment is approved. The funds are scheduled to move according to the agreement. The account is expected to reflect the transfer soon.,LOW_RISK,LOW_02_APPROVED
The customer is prepared to complete the transfer without change. The payment should proceed normally. The invoice should be treated as low-risk from a payment standpoint.,LOW_RISK,LOW_04_NO_BLOCKER
The account is healthy and the outstanding amount is still on track. The payment should proceed normally. The invoice should be treated as low-risk from a payment standpoint.,LOW_RISK,LOW_04_NO_BLOCKER
The payment is likely to slip well beyond the due date. The chance of a timely collection is low in this scenario. This is materially worse than a routine administrative delay.,HIGH_RISK,HIGH_05_PROLONGED_DELAY
The customer is matching documents before approval is granted. The customer expects to settle once the review is complete. The delay is tied to internal confirmation rather than a hard repudiation.,MEDIUM_RISK,MED_02_RECONCILIATION
"A final approval step is required before the payment can be sent. The transfer should happen once the review step is finished. The timeline may slip slightly, but the payment is still intended.",MEDIUM_RISK,MED_01_APPROVAL_DELAY
The invoice is ready to be paid. The payment progression is on schedule. The current status supports a low-risk customer communication.,LOW_RISK,LOW_05_READY_TO_PAY
The customer has confirmed the invoice is ready for settlement. The payment should clear without additional review. There is no present risk of nonpayment.,LOW_RISK,LOW_05_READY_TO_PAY
The customer has not offered a credible commitment to settlement. The customer is not providing the level of confidence needed for low-risk treatment. The likelihood of a prolonged delay remains high.,HIGH_RISK,HIGH_06_FAILURE_TO_COMMIT
The invoice is fully settled. The customer has already satisfied the obligation. The customer has completed the requested transfer.,LOW_RISK,LOW_01_COMPLETE
The finance team reports that the invoice is ready to pay. The payment should proceed normally. This should not impact the expected cash receipt timing.,LOW_RISK,LOW_04_NO_BLOCKER
The payment is being held for reconciliation. The payment should occur after the outstanding administrative tasks are closed. This appears to be a temporary administrative delay.,MEDIUM_RISK,MED_02_RECONCILIATION
The customer is unable to make the transfer today because of cash constraints. The customer has admitted an ongoing financial constraint. The cash-flow disruption may result in a prolonged delay.,HIGH_RISK,HIGH_02_CASHFLOW
There are currently no issues preventing payment. The payment timing is considered routine. The invoice should be treated as low-risk from a payment standpoint.,LOW_RISK,LOW_04_NO_BLOCKER
Finance is verifying account details before processing the payment. The process is moving forward but not yet final. The customer still expects to settle once the review task is completed.,MEDIUM_RISK,MED_02_RECONCILIATION
"The invoice is delayed because the payment batch is still running. The customer is not refusing the invoice, but timing may slip slightly. The delay should not be interpreted as a complete nonpayment.",MEDIUM_RISK,MED_03_SHORT_DELAY
The customer says the invoice is under dispute and therefore no payment will be made. The customer is effectively withholding funds until the issue is clarified. This should be classified as high risk.,HIGH_RISK,HIGH_04_DISPUTE
The customer says the invoice is under dispute and therefore no payment will be made. The customer is not confirming any immediate payment timeline. The customer is not acknowledging the invoice as payable.,HIGH_RISK,HIGH_04_DISPUTE
"The customer has not confirmed the payment date, only their intent to pay. The account needs continued monitoring because the release date is not yet fixed. There is still a credible path to payment.",MEDIUM_RISK,MED_05_PENDING_BUT_REASONABLE
This invoice was paid and the remittance has been completed. The collection process is effectively finished. The account reflects a completed transaction.,LOW_RISK,LOW_06_CONFIRMED
The invoice is facing a serious schedule extension. The account should be elevated because the delay is substantial. The customer is not demonstrating a credible near-term path to payment.,HIGH_RISK,HIGH_05_PROLONGED_DELAY
Finance is verifying account details before processing the payment. The process is moving forward but not yet final. The payment is being worked through the normal operations flow.,MEDIUM_RISK,MED_02_RECONCILIATION
The settlement is already reflected in the account. The invoice is no longer outstanding. No late-payment risk is present.,LOW_RISK,LOW_06_CONFIRMED
"The customer is finishing a reconciliation check before releasing funds. The invoice is still likely to be paid, but the timing is uncertain. This appears to be a temporary administrative delay.",MEDIUM_RISK,MED_02_RECONCILIATION
The payment release is currently blocked by internal constraints. There is a strong likelihood that the invoice will remain unpaid for a long period. This is a high-risk nonpayment scenario.,HIGH_RISK,HIGH_03_BLOCKED
The customer cannot provide a reliable payment commitment. The customer is not providing the level of confidence needed for low-risk treatment. This should not be treated as a routine payment case.,HIGH_RISK,HIGH_06_FAILURE_TO_COMMIT
We cannot confirm when the payment will be made. There is a substantial chance that payment will move far beyond the original due date. The amount may not be collected on time.,HIGH_RISK,HIGH_01_NO_DATE
The customer is unwilling to pay until the dispute is resolved. The customer is effectively withholding funds until the issue is clarified. The relationship is currently strained and the amount may not be recovered quickly.,HIGH_RISK,HIGH_04_DISPUTE
The customer is unwilling to pay until the dispute is resolved. The payment date remains uncertain and likely to move back significantly. The relationship is currently strained and the amount may not be recovered quickly.,HIGH_RISK,HIGH_04_DISPUTE
"The customer is waiting on internal approval before payment can be released. The customer believes the invoice will eventually be paid. The timeline may slip slightly, but the payment is still intended.",MEDIUM_RISK,MED_01_APPROVAL_DELAY
The transfer has been put on hold. The payment path appears compromised. A sustained delay appears likely.,HIGH_RISK,HIGH_03_BLOCKED
The payment is prepared and awaiting execution. This is expected to happen on the agreed date. This appears to be routine and regular.,LOW_RISK,LOW_05_READY_TO_PAY
The transfer is blocked because the customer is disputing the charge. This indicates a significant risk of missed or prolonged payment. The relationship is currently strained and the amount may not be recovered quickly.,HIGH_RISK,HIGH_04_DISPUTE
The payment is not yet approved but is moving through the internal process. The payment remains possible but not yet locked in. There is no indication that the invoice has been rejected.,MEDIUM_RISK,MED_01_APPROVAL_DELAY
Treasury confirms the account can send the payment now. The invoice is clean and ready for release. This appears to be routine and regular.,LOW_RISK,LOW_05_READY_TO_PAY
"A review step is currently in progress before disbursement. The case still looks recoverable, but the timing is not final. This is a genuine delay risk, but not necessarily a total default.",MEDIUM_RISK,MED_04_INTERNAL_REVIEW
The customer expects the payment to be delayed significantly beyond the original due date. The customer has not offered a firm near-term date. The collection team should plan for significant delay and limited immediate recovery.,HIGH_RISK,HIGH_05_PROLONGED_DELAY
The buyer is not prepared to confirm when the invoice will be paid. The obligation is not being honored with enough clarity or certainty. The payment outcome is not dependable today.,HIGH_RISK,HIGH_06_FAILURE_TO_COMMIT
The finance team reports that the invoice is ready to pay. The invoice remains in good standing. The invoice should be treated as low-risk from a payment standpoint.,LOW_RISK,LOW_04_NO_BLOCKER
The transfer was successfully sent. There are no outstanding payment issues. No payment disruption is expected.,LOW_RISK,LOW_01_COMPLETE
The customer is unwilling to pay until the dispute is resolved. The dispute introduces a real barrier to collection. The financial outcome is uncertain and potentially adverse.,HIGH_RISK,HIGH_04_DISPUTE
"The invoice is pending internal reconciliation. The invoice is still likely to be paid, but the timing is uncertain. This appears to be a temporary administrative delay.",MEDIUM_RISK,MED_02_RECONCILIATION
The transfer has been put on hold. The payment path appears compromised. The customer has not established a credible payment plan.,HIGH_RISK,HIGH_03_BLOCKED
We have already made the payment. The outstanding balance is resolved. No late-payment risk is present.,LOW_RISK,LOW_06_CONFIRMED
The invoice is delayed because the payment batch is still running. The payment is still intended and should come through soon. The invoice still has a realistic path to payment.,MEDIUM_RISK,MED_03_SHORT_DELAY
"The payment is being held pending internal checks. The terms are still being worked through. This is a genuine delay risk, but not necessarily a total default.",MEDIUM_RISK,MED_04_INTERNAL_REVIEW
The customer is unable to meet the normal settlement window and expects a major delay. This is not a short process delay but an extended postponement. The amount could remain unsettled for a meaningful stretch.,HIGH_RISK,HIGH_05_PROLONGED_DELAY
"The payment is not yet approved but is moving through the internal process. A small postponement is expected while approval completes. The invoice is not canceled, only waiting on internal completion.",MEDIUM_RISK,MED_01_APPROVAL_DELAY
The outstanding balance has been cleared. No further action is required. The payment activity has already been completed.,LOW_RISK,LOW_01_COMPLETE
The customer is unable to meet the normal settlement window and expects a major delay. The account should be elevated because the delay is substantial. The collection team should plan for significant delay and limited immediate recovery.,HIGH_RISK,HIGH_05_PROLONGED_DELAY
Treasury confirms the account can send the payment now. No problem is currently visible in the payment chain. The invoice should be processed without issue.,LOW_RISK,LOW_05_READY_TO_PAY
All review steps have been completed and the invoice is approved. The transfer should happen without additional delay. The payment timing is considered normal.,LOW_RISK,LOW_02_APPROVED
The outstanding balance has been cleared. The customer has already satisfied the obligation. The invoice should not require any additional follow-up.,LOW_RISK,LOW_01_COMPLETE
This invoice was paid and the remittance has been completed. The outstanding balance is resolved. The account reflects a completed transaction.,LOW_RISK,LOW_06_CONFIRMED
The funds are available and the transfer is ready. There is no delay indicated by the finance team. This appears to be routine and regular.,LOW_RISK,LOW_05_READY_TO_PAY
The funds are available and the transfer is ready. The release is a straightforward part of the normal process. The current status supports a low-risk customer communication.,LOW_RISK,LOW_05_READY_TO_PAY
The customer has confirmed that the funds were released. The outstanding balance is resolved. This should be treated as fully settled.,LOW_RISK,LOW_06_CONFIRMED
The invoice is queued for payment as agreed. The transfer matches the agreed schedule. Any delay would be limited to routine processing.,LOW_RISK,LOW_03_SCHEDULED
Finance has approved the invoice for payment. The payment is on track for settlement. This should meet the original due date.,LOW_RISK,LOW_02_APPROVED
The payment was completed on schedule. The transaction is fully reconciled. There is no current blocker on the account.,LOW_RISK,LOW_01_COMPLETE
The invoice is undergoing internal review. The terms are still being worked through. The risk profile is elevated compared with a fully settled invoice.,MEDIUM_RISK,MED_04_INTERNAL_REVIEW
The transfer has been arranged and should go through promptly. The payment should reach the account without issue. The timing appears consistent with the prior agreement.,LOW_RISK,LOW_03_SCHEDULED
The customer expects to transfer the amount shortly. The scheduled transfer is already underway. This does not look like a default scenario.,LOW_RISK,LOW_03_SCHEDULED
The transfer has been put on hold. The case requires immediate follow-up and escalation. The risk of prolonged default is significant.,HIGH_RISK,HIGH_03_BLOCKED
"The customer is waiting on internal approval before payment can be released. The payment is likely to land within a short delay. The invoice is not canceled, only waiting on internal completion.",MEDIUM_RISK,MED_01_APPROVAL_DELAY
The invoice is waiting on a reconciliation step. The payment should occur after the outstanding administrative tasks are closed. The delay is tied to internal confirmation rather than a hard repudiation.,MEDIUM_RISK,MED_02_RECONCILIATION
The payment is being delayed because of liquidity concerns. The account likely needs a more urgent collection strategy. No reliable date can be given at this stage.,HIGH_RISK,HIGH_02_CASHFLOW
The payment is not yet approved but is moving through the internal process. The payment is likely to land within a short delay. The customer expects to meet the obligation after the approval process.,MEDIUM_RISK,MED_01_APPROVAL_DELAY
The customer cannot confirm whether the invoice will be paid on time. The customer has not demonstrated the ability to meet the invoice promptly. This should not be treated as a routine payment case.,HIGH_RISK,HIGH_06_FAILURE_TO_COMMIT
The customer is facing a brief operational delay in payment execution. The customer expects payment to land within a few days. The outstanding amount is still expected to be settled in the near term.,MEDIUM_RISK,MED_03_SHORT_DELAY
The customer expects the payment to be delayed significantly beyond the original due date. The invoice should be treated as high risk until payment is actually received. No immediate recovery should be assumed.,HIGH_RISK,HIGH_05_PROLONGED_DELAY
Payment is still pending final approval. A small postponement is expected while approval completes. The payment should be visible once the administrative hold is cleared.,MEDIUM_RISK,MED_01_APPROVAL_DELAY
"The payment is being held pending internal checks. The transfer is likely but the date remains flexible. The invoice remains in play, but the date is still uncertain.",MEDIUM_RISK,MED_04_INTERNAL_REVIEW
"The customer needs a little more time to complete the internal review. The expected outcome is still a payment, but the schedule is uncertain. A few more administrative steps are necessary before the payment can be released.",MEDIUM_RISK,MED_04_INTERNAL_REVIEW
The finance team is still reviewing the invoice. A small postponement is expected while approval completes. The payment should be visible once the administrative hold is cleared.,MEDIUM_RISK,MED_01_APPROVAL_DELAY
There is nothing in the current state that would prevent settlement. There is no sign of disruption in the payment workflow. The buyer appears willing and able to meet the obligation.,LOW_RISK,LOW_04_NO_BLOCKER
The customer has not provided a firm settlement date. There is a substantial chance that payment will move far beyond the original due date. The risk of a prolonged delay is high.,HIGH_RISK,HIGH_01_NO_DATE
Payment has been suspended pending further review. The amount is not currently in motion. There is no immediate evidence of a viable recovery path.,HIGH_RISK,HIGH_03_BLOCKED
The customer is unable to meet the normal settlement window and expects a major delay. This is not a short process delay but an extended postponement. No immediate recovery should be assumed.,HIGH_RISK,HIGH_05_PROLONGED_DELAY
There is a temporary funding problem preventing immediate settlement. There is a strong likelihood that settlement will be late. The customer is signaling real strain in meeting the obligation.,HIGH_RISK,HIGH_02_CASHFLOW
Treasury has confirmed the invoice is ready to pay. The bank transfer is expected to go out on time. There is no sign of a payment problem.,LOW_RISK,LOW_02_APPROVED
The payment is outstanding but still expected. The most likely outcome is payment after a short additional delay. The customer has not outright refused the invoice.,MEDIUM_RISK,MED_05_PENDING_BUT_REASONABLE
The payment is expected to arrive on the committed date. The payment path is already approved. The invoice remains on track for on-time settlement.,LOW_RISK,LOW_03_SCHEDULED
The customer is unable to make the transfer today because of cash constraints. The payment may be pushed back materially while the shortfall is managed. This case is not simply administrative; there is a genuine cash issue.,HIGH_RISK,HIGH_02_CASHFLOW
The customer cannot confirm whether the invoice will be paid on time. The obligation is not being honored with enough clarity or certainty. The customer is not giving enough assurance to classify this as low or medium risk.,HIGH_RISK,HIGH_06_FAILURE_TO_COMMIT
The invoice has already been paid in full. The customer has met its payment obligation. The collection team can close the case.,LOW_RISK,LOW_06_CONFIRMED
The payment has been blocked. The customer has essentially paused the obligation. This situation warrants urgent commercial action.,HIGH_RISK,HIGH_03_BLOCKED
The payment date is still unresolved. The customer may be unable to release the funds in the near term. The risk of a prolonged delay is high.,HIGH_RISK,HIGH_01_NO_DATE
The payment has been queued but may take a little longer than usual. The amount remains due and the payment plan is still active. The situation is manageable but needs close monitoring.,MEDIUM_RISK,MED_03_SHORT_DELAY
"The invoice is waiting on a reconciliation step. The invoice is still likely to be paid, but the timing is uncertain. The payment date is not fully fixed yet.",MEDIUM_RISK,MED_02_RECONCILIATION
"The customer needs a little more time to complete the internal review. There is a moderate chance of delay while the review concludes. The invoice remains in play, but the date is still uncertain.",MEDIUM_RISK,MED_04_INTERNAL_REVIEW
There is a short-term obstacle affecting the payment process. A short-term interruption is currently the main concern. The customer remains engaged and has not closed the account.,MEDIUM_RISK,MED_06_TEMPORARY_ISSUE
Settlement is confirmed and the remittance has been posted. The customer has already satisfied the obligation. No payment disruption is expected.,LOW_RISK,LOW_01_COMPLETE
"The customer is facing a brief operational delay in payment execution. The case remains open and processing is ongoing. The customer has not rejected the invoice, only shifted the timing.",MEDIUM_RISK,MED_03_SHORT_DELAY
The organization is not in a position to guarantee payment. The customer is not providing the level of confidence needed for low-risk treatment. The customer is not giving enough assurance to classify this as low or medium risk.,HIGH_RISK,HIGH_06_FAILURE_TO_COMMIT
The invoice is delayed because the payment batch is still running. The customer is hopeful the invoice will be settled shortly. The customer appears willing to pay with a modest push-out.,MEDIUM_RISK,MED_03_SHORT_DELAY
Treasury confirms the account can send the payment now. The release is a straightforward part of the normal process. The account is in a good position for settlement.,LOW_RISK,LOW_05_READY_TO_PAY
The funds are available and the transfer is ready. The release is a straightforward part of the normal process. No special payment follow-up should be necessary.,LOW_RISK,LOW_05_READY_TO_PAY
"The payment is outstanding but still expected. The customer still appears willing to settle, but timing remains unclear. The customer is not saying no, only that timing is still being worked out.",MEDIUM_RISK,MED_05_PENDING_BUT_REASONABLE
Settlement is confirmed and the remittance has been posted. The payment status is confirmed. The payment activity has already been completed.,LOW_RISK,LOW_01_COMPLETE
The customer has not given a dependable statement about when cash will move. This suggests a serious risk of missed or delayed payment. The business is effectively signaling uncertainty about settlement.,HIGH_RISK,HIGH_06_FAILURE_TO_COMMIT
The customer is finishing a reconciliation check before releasing funds. The process is moving forward but not yet final. The payment date is not fully fixed yet.,MEDIUM_RISK,MED_02_RECONCILIATION
"The customer says they are still planning to pay. The invoice remains payable, just not yet confirmed in cash. The customer is not saying no, only that timing is still being worked out.",MEDIUM_RISK,MED_05_PENDING_BUT_REASONABLE
The customer has not offered a credible commitment to settlement. The customer has not demonstrated the ability to meet the invoice promptly. The current communication is insufficient to support a strong recovery expectation.,HIGH_RISK,HIGH_06_FAILURE_TO_COMMIT
The customer cannot commit to a payment date right now. The lack of a confirmed schedule suggests payment may be delayed materially. The invoice should be escalated for urgent follow-up.,HIGH_RISK,HIGH_01_NO_DATE
The invoice is still pending a release decision. The situation suggests a moderate payment risk rather than immediate default. There is still a credible path to payment.,MEDIUM_RISK,MED_05_PENDING_BUT_REASONABLE
"The payment is being held for reconciliation. The invoice is still likely to be paid, but the timing is uncertain. The payment is being worked through the normal operations flow.",MEDIUM_RISK,MED_02_RECONCILIATION
The outstanding balance has been cleared. The payment status is confirmed. There is no current blocker on the account.,LOW_RISK,LOW_01_COMPLETE
The customer has not given a dependable statement about when cash will move. The payment horizon remains highly uncertain. The likelihood of a prolonged delay remains high.,HIGH_RISK,HIGH_06_FAILURE_TO_COMMIT
The invoice has already been paid in full. The case does not require any further follow-up. The customer appears fully current.,LOW_RISK,LOW_06_CONFIRMED
The customer is prepared to complete the transfer without change. The invoice remains in good standing. The payment plan remains on track.,LOW_RISK,LOW_04_NO_BLOCKER
The payment timing remains uncertain. This raises a serious concern about when the invoice will be settled. The amount may not be collected on time.,HIGH_RISK,HIGH_01_NO_DATE
The customer is waiting on internal approval before payment can be released. There is a reasonable chance of a minor processing delay. The customer expects to meet the obligation after the approval process.,MEDIUM_RISK,MED_01_APPROVAL_DELAY
The invoice is pending internal reconciliation. The process is moving forward but not yet final. The payment is being worked through the normal operations flow.,MEDIUM_RISK,MED_02_RECONCILIATION
The customer says the transfer will be made later than originally planned. The payment is still intended and should come through soon. The outstanding amount is still expected to be settled in the near term.,MEDIUM_RISK,MED_03_SHORT_DELAY
The payment is not facing any material obstacle. The customer has not raised any concerns. The outstanding amount is still expected to be resolved on time.,LOW_RISK,LOW_04_NO_BLOCKER
The customer has confirmed the invoice is ready for settlement. The timing should remain stable. No special payment follow-up should be necessary.,LOW_RISK,LOW_05_READY_TO_PAY
The transfer was successfully sent. The agreement is satisfied in full. No payment disruption is expected.,LOW_RISK,LOW_01_COMPLETE
The finance team is still reviewing the invoice. The release is pending but the situation is manageable. The customer expects to meet the obligation after the approval process.,MEDIUM_RISK,MED_01_APPROVAL_DELAY
The payment has been queued but may take a little longer than usual. The amount remains due and the payment plan is still active. The invoice still has a realistic path to payment.,MEDIUM_RISK,MED_03_SHORT_DELAY
The organization is not in a position to guarantee payment. The obligation is not being honored with enough clarity or certainty. The likelihood of a prolonged delay remains high.,HIGH_RISK,HIGH_06_FAILURE_TO_COMMIT
Treasury has confirmed the invoice is ready to pay. The release is already prepared in the payment queue. The payment timing is considered normal.,LOW_RISK,LOW_02_APPROVED
The customer disputes the invoice and will not release funds until the issue is resolved. This indicates a significant risk of missed or prolonged payment. This should be classified as high risk.,HIGH_RISK,HIGH_04_DISPUTE
Everything is in place for the payment to be sent soon. The customer expects timely settlement. This does not look like a default scenario.,LOW_RISK,LOW_03_SCHEDULED
The invoice is delayed because the payment batch is still running. The customer expects payment to land within a few days. There is not yet enough evidence to classify the account as high risk.,MEDIUM_RISK,MED_03_SHORT_DELAY
"There is a short-term obstacle affecting the payment process. The amount is still expected, but no fixed date has been confirmed. The customer remains engaged and has not closed the account.",MEDIUM_RISK,MED_06_TEMPORARY_ISSUE
The customer has confirmed the invoice is ready for settlement. The timing should remain stable. This appears to be routine and regular.,LOW_RISK,LOW_05_READY_TO_PAY
The invoice is fully settled. The remittance advice has been delivered. No payment disruption is expected.,LOW_RISK,LOW_01_COMPLETE
"The invoice is delayed because the payment batch is still running. The payment is not cancelled, only deferred for a short period. The customer has not rejected the invoice, only shifted the timing.",MEDIUM_RISK,MED_03_SHORT_DELAY
The customer has confirmed the invoice is ready for settlement. There is no delay indicated by the finance team. There is no present risk of nonpayment.,LOW_RISK,LOW_05_READY_TO_PAY
The settlement is already reflected in the account. The customer has met its payment obligation. The account reflects a completed transaction.,LOW_RISK,LOW_06_CONFIRMED
The invoice is facing a serious schedule extension. The expected cash timing is far outside the normal expectation. The payment could be pushed far beyond the original timeline.,HIGH_RISK,HIGH_05_PROLONGED_DELAY
The customer has confirmed the invoice and its payment is approved. The transfer will be processed as planned. The customer intends to settle without any interruption.,LOW_RISK,LOW_02_APPROVED
This invoice was paid and the remittance has been completed. The collection process is effectively finished. The record should show that the invoice is paid.,LOW_RISK,LOW_06_CONFIRMED
The transfer is delayed until reconciliation is complete. The amount remains committed but needs the final approval stage. The payment date is not fully fixed yet.,MEDIUM_RISK,MED_02_RECONCILIATION
The payment is likely to slip well beyond the due date. The outstanding amount is likely to remain open for a prolonged period. The customer is not demonstrating a credible near-term path to payment.,HIGH_RISK,HIGH_05_PROLONGED_DELAY
The customer is experiencing a temporary issue that may affect payment timing. A short-term interruption is currently the main concern. The payment event is delayed but not abandoned.,MEDIUM_RISK,MED_06_TEMPORARY_ISSUE
The invoice has been approved and positioned for release. The release is already prepared in the payment queue. The customer intends to settle without any interruption.,LOW_RISK,LOW_02_APPROVED
There is nothing in the current state that would prevent settlement. The payment timing is considered routine. The outstanding amount is still expected to be resolved on time.,LOW_RISK,LOW_04_NO_BLOCKER
"The customer says the transfer will be made later than originally planned. The case remains open and processing is ongoing. The account may show a short delay, but not a permanent issue.",MEDIUM_RISK,MED_03_SHORT_DELAY
"The invoice remains open, and the buyer has not yet finalized the transfer. The customer still appears willing to settle, but timing remains unclear. The case looks moderate rather than severe.",MEDIUM_RISK,MED_05_PENDING_BUT_REASONABLE
The invoice has been flagged for additional approval checks. The transfer should happen once the review step is finished. The delay appears to be procedural rather than financial.,MEDIUM_RISK,MED_01_APPROVAL_DELAY
The payment is being withheld because of a dispute. This indicates a significant risk of missed or prolonged payment. The outstanding invoice may remain unpaid for an extended period.,HIGH_RISK,HIGH_04_DISPUTE
Everything is in place for the payment to be sent soon. The scheduled transfer is already underway. The payment commitment appears solid.,LOW_RISK,LOW_03_SCHEDULED
"The customer says they are still planning to pay. The invoice remains payable, just not yet confirmed in cash. The current information supports caution rather than escalation.",MEDIUM_RISK,MED_05_PENDING_BUT_REASONABLE
Funds were released this morning. The invoice is now closed. The payment activity has already been completed.,LOW_RISK,LOW_01_COMPLETE
The invoice cannot be paid at this time. There is a strong likelihood that the invoice will remain unpaid for a long period. A sustained delay appears likely.,HIGH_RISK,HIGH_03_BLOCKED
The transfer will not be made within the current schedule. The customer has not offered a firm near-term date. The invoice should be monitored as high risk.,HIGH_RISK,HIGH_05_PROLONGED_DELAY
The payment is not yet approved but is moving through the internal process. A small postponement is expected while approval completes. The customer confirms the payment is likely but not yet confirmed.,MEDIUM_RISK,MED_01_APPROVAL_DELAY
We have already made the payment. The collection process is effectively finished. The account reflects a completed transaction.,LOW_RISK,LOW_06_CONFIRMED
We have already made the payment. The case does not require any further follow-up. There is no unresolved payment issue in this case.,LOW_RISK,LOW_06_CONFIRMED
A final approval step is required before the payment can be sent. The release is pending but the situation is manageable. The account is still expected to receive the funds shortly.,MEDIUM_RISK,MED_01_APPROVAL_DELAY
The invoice is effectively stalled because the transfer has been blocked. The amount is not currently in motion. This situation warrants urgent commercial action.,HIGH_RISK,HIGH_03_BLOCKED
The invoice is fully settled. The payment status is confirmed. The due date is effectively resolved.,LOW_RISK,LOW_01_COMPLETE
Payment can be released immediately. The invoice is clean and ready for release. There is no present risk of nonpayment.,LOW_RISK,LOW_05_READY_TO_PAY
The customer has confirmed the invoice is ready for settlement. There is no delay indicated by the finance team. The invoice should be processed without issue.,LOW_RISK,LOW_05_READY_TO_PAY
"The invoice is under review and awaiting approval. The transfer should happen once the review step is finished. The invoice is not canceled, only waiting on internal completion.",MEDIUM_RISK,MED_01_APPROVAL_DELAY
The invoice cannot be paid at this time. The payment may not be possible until the blocking issue is resolved. The invoice should be managed as a blocked account.,HIGH_RISK,HIGH_03_BLOCKED
The customer disputes the invoice and will not release funds until the issue is resolved. The invoice has become a high-risk collection matter. The financial outcome is uncertain and potentially adverse.,HIGH_RISK,HIGH_04_DISPUTE
Internal approval has already been secured. The payment has been routed for execution. There is no indication of refusal or cancellation.,LOW_RISK,LOW_02_APPROVED
The customer is refusing payment while the invoice is being contested. This indicates a significant risk of missed or prolonged payment. The financial outcome is uncertain and potentially adverse.,HIGH_RISK,HIGH_04_DISPUTE
"The customer has a temporary issue preventing immediate settlement. The issue seems temporary, but the payment may arrive later than anticipated. The payment might still happen, but not necessarily on the original date.",MEDIUM_RISK,MED_06_TEMPORARY_ISSUE
"The invoice is going through the standard internal review process. The payment may move later than originally intended. The customer has not refused payment, only slowed the process.",MEDIUM_RISK,MED_04_INTERNAL_REVIEW
The customer has indicated that settlement will be much later than agreed. The customer has not offered a firm near-term date. This is materially worse than a routine administrative delay.,HIGH_RISK,HIGH_05_PROLONGED_DELAY
"The transfer is delayed until reconciliation is complete. The amount remains committed but needs the final approval stage. We have not seen evidence of refusal, only a processing pause.",MEDIUM_RISK,MED_02_RECONCILIATION
The outstanding balance has been cleared. There are no outstanding payment issues. The customer has completed the requested transfer.,LOW_RISK,LOW_01_COMPLETE
The customer expects the payment to be delayed significantly beyond the original due date. The account should be elevated because the delay is substantial. No immediate recovery should be assumed.,HIGH_RISK,HIGH_05_PROLONGED_DELAY
The customer is dealing with a brief constraint that could shift the transfer. A short-term interruption is currently the main concern. The payment event is delayed but not abandoned.,MEDIUM_RISK,MED_06_TEMPORARY_ISSUE
The invoice is still open and the release date has not been set. The customer may be unable to release the funds in the near term. The customer has not established a credible near-term settlement plan.,HIGH_RISK,HIGH_01_NO_DATE
The customer is dealing with a cash-flow issue that is affecting payment. The payment may be pushed back materially while the shortfall is managed. This should be treated as a serious payment risk.,HIGH_RISK,HIGH_02_CASHFLOW
The payment has been processed and the bank confirmation is on file. The outstanding balance is resolved. No late-payment risk is present.,LOW_RISK,LOW_06_CONFIRMED
The payment is likely to slip well beyond the due date. The account should be elevated because the delay is substantial. The amount could remain unsettled for a meaningful stretch.,HIGH_RISK,HIGH_05_PROLONGED_DELAY
Payment was executed and the transaction is complete. The customer has met its payment obligation. The record should show that the invoice is paid.,LOW_RISK,LOW_06_CONFIRMED
The invoice is facing a serious schedule extension. The customer has not offered a firm near-term date. The collection team should plan for significant delay and limited immediate recovery.,HIGH_RISK,HIGH_05_PROLONGED_DELAY
"The customer needs a little more time to complete the internal review. The customer has not indicated disruption, only continued review. This is a genuine delay risk, but not necessarily a total default.",MEDIUM_RISK,MED_04_INTERNAL_REVIEW
The payment is scheduled for tomorrow. The customer expects timely settlement. We are not seeing a payment disruption at this time.,LOW_RISK,LOW_03_SCHEDULED
The customer has indicated that settlement will be much later than agreed. The outstanding amount is likely to remain open for a prolonged period. The collection team should plan for significant delay and limited immediate recovery.,HIGH_RISK,HIGH_05_PROLONGED_DELAY
The account currently lacks a trustworthy repayment plan. This suggests a serious risk of missed or delayed payment. The amount should be managed with a high-risk posture.,HIGH_RISK,HIGH_06_FAILURE_TO_COMMIT
"The invoice is delayed by a temporary operational issue. The issue seems temporary, but the payment may arrive later than anticipated. The payment might still happen, but not necessarily on the original date.",MEDIUM_RISK,MED_06_TEMPORARY_ISSUE
The customer expects to transfer the amount shortly. The transfer matches the agreed schedule. The customer has no reason to defer payment.,LOW_RISK,LOW_03_SCHEDULED
"The customer is dealing with a brief constraint that could shift the transfer. The amount is still expected, but no fixed date has been confirmed. The risk is meaningful but not yet acute.",MEDIUM_RISK,MED_06_TEMPORARY_ISSUE
The customer is unable to provide a reliable payment schedule. There is a substantial chance that payment will move far beyond the original due date. The invoice should be escalated for urgent follow-up.,HIGH_RISK,HIGH_01_NO_DATE
The customer is refusing payment while the invoice is being contested. The customer is not confirming any immediate payment timeline. The relationship is currently strained and the amount may not be recovered quickly.,HIGH_RISK,HIGH_04_DISPUTE
The customer is experiencing a short-term cash shortage. The invoice is at risk because the customer cannot confirm a repayment date. The risk of nonpayment is elevated until the situation changes.,HIGH_RISK,HIGH_02_CASHFLOW
The customer has confirmed the invoice and its payment is approved. Processing is underway and proceeds according to schedule. The invoice is aligned with the existing payment plan.,LOW_RISK,LOW_02_APPROVED
The account currently lacks a trustworthy repayment plan. A prolonged delay or nonpayment appears plausible. This should not be treated as a routine payment case.,HIGH_RISK,HIGH_06_FAILURE_TO_COMMIT
The customer has a temporary issue preventing immediate settlement. A short-term interruption is currently the main concern. The case should remain in watchlist status until release is confirmed.,MEDIUM_RISK,MED_06_TEMPORARY_ISSUE
The payment has been processed and the bank confirmation is on file. The outstanding balance is resolved. The customer appears fully current.,LOW_RISK,LOW_06_CONFIRMED
"The customer has not confirmed the payment date, only their intent to pay. Settlement still appears possible if the internal process moves smoothly. The customer has not outright refused the invoice.",MEDIUM_RISK,MED_05_PENDING_BUT_REASONABLE
The transfer is blocked because the customer is disputing the charge. The customer is effectively withholding funds until the issue is clarified. The case may require dispute resolution before any cash movement occurs.,HIGH_RISK,HIGH_04_DISPUTE
The invoice has been approved and positioned for release. The transfer will be processed as planned. The invoice is aligned with the existing payment plan.,LOW_RISK,LOW_02_APPROVED
The customer says the transfer will be made later than originally planned. The payment is still intended and should come through soon. There is not yet enough evidence to classify the account as high risk.,MEDIUM_RISK,MED_03_SHORT_DELAY
The customer cannot provide a reliable payment commitment. This suggests a serious risk of missed or delayed payment. The likelihood of a prolonged delay remains high.,HIGH_RISK,HIGH_06_FAILURE_TO_COMMIT
The payment date is still unresolved. The lack of a confirmed schedule suggests payment may be delayed materially. This is a meaningful nonpayment risk scenario.,HIGH_RISK,HIGH_01_NO_DATE
"There is a temporary slowdown in the payment cycle. The amount remains due and the payment plan is still active. The customer has not rejected the invoice, only shifted the timing.",MEDIUM_RISK,MED_03_SHORT_DELAY
The settlement is already reflected in the account. The invoice is no longer outstanding. The customer appears fully current.,LOW_RISK,LOW_06_CONFIRMED
The customer says the transfer will be made later than originally planned. The delay is temporary and tied to current operations. The outstanding amount is still expected to be settled in the near term.,MEDIUM_RISK,MED_03_SHORT_DELAY
The customer has confirmed the invoice is ready for settlement. The payment should clear without additional review. This appears to be routine and regular.,LOW_RISK,LOW_05_READY_TO_PAY
The invoice has already been paid in full. There is no pending payment action. No late-payment risk is present.,LOW_RISK,LOW_06_CONFIRMED
Funds are planned to be released this week. The customer expects timely settlement. Any delay would be limited to routine processing.,LOW_RISK,LOW_03_SCHEDULED
The customer is prepared to complete the transfer without change. The customer has not raised any concerns. There is no evidence of a temporary or prolonged delay.,LOW_RISK,LOW_04_NO_BLOCKER
"The customer has a temporary issue preventing immediate settlement. The payment path is still alive, though delayed. This is an operational delay rather than a full repudiation.",MEDIUM_RISK,MED_06_TEMPORARY_ISSUE
The customer is waiting on internal approval before payment can be released. The transfer should happen once the review step is finished. The delay appears to be procedural rather than financial.,MEDIUM_RISK,MED_01_APPROVAL_DELAY
Treasury confirms the account can send the payment now. No problem is currently visible in the payment chain. There is no present risk of nonpayment.,LOW_RISK,LOW_05_READY_TO_PAY
The invoice has already been paid in full. The collection process is effectively finished. There is no unresolved payment issue in this case.,LOW_RISK,LOW_06_CONFIRMED
The payment has been blocked. The buyer is not able to provide a realistic payment date. The customer is not close to making a payment decision.,HIGH_RISK,HIGH_03_BLOCKED
The customer is unable to provide a reliable payment schedule. The account should be treated as highly uncertain until payment is verified. This is a meaningful nonpayment risk scenario.,HIGH_RISK,HIGH_01_NO_DATE
"The payment is being held pending internal checks. The case still looks recoverable, but the timing is not final. A few more administrative steps are necessary before the payment can be released.",MEDIUM_RISK,MED_04_INTERNAL_REVIEW
The invoice is currently contested and payment cannot proceed. The customer is not confirming any immediate payment timeline. The case may require dispute resolution before any cash movement occurs.,HIGH_RISK,HIGH_04_DISPUTE
The business is currently constrained by limited liquidity. The payment may be pushed back materially while the shortfall is managed. No reliable date can be given at this stage.,HIGH_RISK,HIGH_02_CASHFLOW
There is a temporary funding problem preventing immediate settlement. There is a strong likelihood that settlement will be late. This should be treated as a serious payment risk.,HIGH_RISK,HIGH_02_CASHFLOW
The funds are available and the transfer is ready. This is expected to happen on the agreed date. The invoice should be processed without issue.,LOW_RISK,LOW_05_READY_TO_PAY
"The invoice remains open, and the buyer has not yet finalized the transfer. The account needs continued monitoring because the release date is not yet fixed. The case looks moderate rather than severe.",MEDIUM_RISK,MED_05_PENDING_BUT_REASONABLE
The customer says the transfer will be made later than originally planned. The customer expects payment to land within a few days. The outstanding amount is still expected to be settled in the near term.,MEDIUM_RISK,MED_03_SHORT_DELAY
Treasury confirms the account can send the payment now. The release is a straightforward part of the normal process. The invoice should be processed without issue.,LOW_RISK,LOW_05_READY_TO_PAY
The payment status is unresolved but the customer is still communicating. The account needs continued monitoring because the release date is not yet fixed. A short extension is the most plausible outcome.,MEDIUM_RISK,MED_05_PENDING_BUT_REASONABLE
The invoice is delayed because the payment batch is still running. The customer is hopeful the invoice will be settled shortly. The delay should not be interpreted as a complete nonpayment.,MEDIUM_RISK,MED_03_SHORT_DELAY
The invoice will likely be paid only after an extended period. The customer has not offered a firm near-term date. The customer is not demonstrating a credible near-term path to payment.,HIGH_RISK,HIGH_05_PROLONGED_DELAY
The customer has not given a dependable statement about when cash will move. The customer is not providing the level of confidence needed for low-risk treatment. The invoice may remain unsettled for an extended period.,HIGH_RISK,HIGH_06_FAILURE_TO_COMMIT
"The finance team is still reviewing the invoice. The timing may shift by a few business days. The timeline may slip slightly, but the payment is still intended.",MEDIUM_RISK,MED_01_APPROVAL_DELAY
The payment is being delayed because of liquidity concerns. The payment may be pushed back materially while the shortfall is managed. The customer is signaling real strain in meeting the obligation.,HIGH_RISK,HIGH_02_CASHFLOW
"Payment is still pending final approval. The payment remains possible but not yet locked in. The invoice is not canceled, only waiting on internal completion.",MEDIUM_RISK,MED_01_APPROVAL_DELAY
"There is a current operational bottleneck affecting payment release. The payment path is still alive, though delayed. The customer is still in communication and wants to resolve the invoice.",MEDIUM_RISK,MED_06_TEMPORARY_ISSUE
There is a temporary slowdown in the payment cycle. The amount remains due and the payment plan is still active. The invoice still has a realistic path to payment.,MEDIUM_RISK,MED_03_SHORT_DELAY
"The invoice is delayed by a temporary operational issue. The payment path is still alive, though delayed. The payment event is delayed but not abandoned.",MEDIUM_RISK,MED_06_TEMPORARY_ISSUE
The customer is dealing with a cash-flow issue that is affecting payment. There is a strong likelihood that settlement will be late. This should be treated as a serious payment risk.,HIGH_RISK,HIGH_02_CASHFLOW
The transfer has been put on hold. The amount is not currently in motion. There is no immediate evidence of a viable recovery path.,HIGH_RISK,HIGH_03_BLOCKED
The invoice is currently contested and payment cannot proceed. The invoice has become a high-risk collection matter. The outstanding invoice may remain unpaid for an extended period.,HIGH_RISK,HIGH_04_DISPUTE
Settlement is confirmed and the remittance has been posted. The payment status is confirmed. The funds are already reflected in the account.,LOW_RISK,LOW_01_COMPLETE
The invoice is still open and the release date has not been set. The account should be treated as highly uncertain until payment is verified. The amount may not be collected on time.,HIGH_RISK,HIGH_01_NO_DATE
We cannot confirm when the payment will be made. The situation should be treated as serious until the cash movement is confirmed. The amount may not be collected on time.,HIGH_RISK,HIGH_01_NO_DATE
The customer has confirmed that the funds were released. The case does not require any further follow-up. The record should show that the invoice is paid.,LOW_RISK,LOW_06_CONFIRMED
The invoice is effectively stalled because the transfer has been blocked. The customer has essentially paused the obligation. The customer is not close to making a payment decision.,HIGH_RISK,HIGH_03_BLOCKED
The invoice is delayed because the payment batch is still running. The delay is temporary and tied to current operations. The outstanding amount is still expected to be settled in the near term.,MEDIUM_RISK,MED_03_SHORT_DELAY
The invoice is under review and awaiting approval. The release is pending but the situation is manageable. The payment should be visible once the administrative hold is cleared.,MEDIUM_RISK,MED_01_APPROVAL_DELAY
The invoice is queued for payment as agreed. The payment should reach the account without issue. The customer has no reason to defer payment.,LOW_RISK,LOW_03_SCHEDULED
The customer is waiting on internal approval before payment can be released. The timing may shift by a few business days. The delay appears to be procedural rather than financial.,MEDIUM_RISK,MED_01_APPROVAL_DELAY
The transfer is delayed by normal processing timing. The customer is hopeful the invoice will be settled shortly. The customer appears willing to pay with a modest push-out.,MEDIUM_RISK,MED_03_SHORT_DELAY
The payment is prepared and awaiting execution. The timing should remain stable. The customer is organized and prepared to pay.,LOW_RISK,LOW_05_READY_TO_PAY
This invoice was paid and the remittance has been completed. The invoice is no longer outstanding. This should be treated as fully settled.,LOW_RISK,LOW_06_CONFIRMED
"The buyer says the payment will likely occur after a short disruption. The customer has not canceled the invoice, only rescheduled the release. The customer is still in communication and wants to resolve the invoice.",MEDIUM_RISK,MED_06_TEMPORARY_ISSUE
The payment date is still unresolved. The customer may be unable to release the funds in the near term. The invoice should be escalated for urgent follow-up.,HIGH_RISK,HIGH_01_NO_DATE
The customer has not offered a credible commitment to settlement. This suggests a serious risk of missed or delayed payment. This should not be treated as a routine payment case.,HIGH_RISK,HIGH_06_FAILURE_TO_COMMIT
The customer has confirmed that the funds were released. The customer has met its payment obligation. The collection team can close the case.,LOW_RISK,LOW_06_CONFIRMED
The payment team is still confirming the invoice details. The amount remains committed but needs the final approval stage. The payment is being worked through the normal operations flow.,MEDIUM_RISK,MED_02_RECONCILIATION
The customer says the invoice is under dispute and therefore no payment will be made. The buyer may be unable to settle until the dispute is closed. The case may require dispute resolution before any cash movement occurs.,HIGH_RISK,HIGH_04_DISPUTE
The payment is being held pending internal checks. The terms are still being worked through. The account should be watched closely over the next few days.,MEDIUM_RISK,MED_04_INTERNAL_REVIEW
Payment has already been completed. The invoice is now closed. The invoice should not require any additional follow-up.,LOW_RISK,LOW_01_COMPLETE
The invoice has been approved and positioned for release. The payment has been routed for execution. The account is expected to reflect the transfer soon.,LOW_RISK,LOW_02_APPROVED
The payment release is currently blocked by internal constraints. The payment may not be possible until the blocking issue is resolved. This is a high-risk nonpayment scenario.,HIGH_RISK,HIGH_03_BLOCKED
The transfer has been arranged and should go through promptly. The payment path is already approved. The invoice remains on track for on-time settlement.,LOW_RISK,LOW_03_SCHEDULED
The payment is paused due to a disagreement over the invoice details. The dispute introduces a real barrier to collection. The financial outcome is uncertain and potentially adverse.,HIGH_RISK,HIGH_04_DISPUTE
The payment is scheduled for tomorrow. The transfer matches the agreed schedule. The payment commitment appears solid.,LOW_RISK,LOW_03_SCHEDULED
The payment date is still unresolved. The buyer has not provided the necessary assurance that the amount will be paid. The amount may not be collected on time.,HIGH_RISK,HIGH_01_NO_DATE
Settlement is confirmed and the remittance has been posted. The payment status is confirmed. No payment disruption is expected.,LOW_RISK,LOW_01_COMPLETE
Treasury confirms the account can send the payment now. There is no delay indicated by the finance team. This appears to be routine and regular.,LOW_RISK,LOW_05_READY_TO_PAY
"The customer is matching documents before approval is granted. The process is moving forward but not yet final. We have not seen evidence of refusal, only a processing pause.",MEDIUM_RISK,MED_02_RECONCILIATION
The payment timing remains uncertain. The account should be treated as highly uncertain until payment is verified. The risk of a prolonged delay is high.,HIGH_RISK,HIGH_01_NO_DATE
The settlement is already reflected in the account. There is no pending payment action. The customer appears fully current.,LOW_RISK,LOW_06_CONFIRMED
The organization is not in a position to guarantee payment. A prolonged delay or nonpayment appears plausible. The likelihood of a prolonged delay remains high.,HIGH_RISK,HIGH_06_FAILURE_TO_COMMIT
The customer is unable to provide a reliable payment schedule. The lack of a confirmed schedule suggests payment may be delayed materially. The amount may not be collected on time.,HIGH_RISK,HIGH_01_NO_DATE
The account has already been credited. The transaction is fully reconciled. There is no current blocker on the account.,LOW_RISK,LOW_01_COMPLETE
The invoice is effectively stalled because the transfer has been blocked. The payment may not be possible until the blocking issue is resolved. The risk of prolonged default is significant.,HIGH_RISK,HIGH_03_BLOCKED
We are facing a temporary liquidity problem. The account likely needs a more urgent collection strategy. The invoice is being threatened by a real financial limitation.,HIGH_RISK,HIGH_02_CASHFLOW
The customer is unable to meet the normal settlement window and expects a major delay. The account should be elevated because the delay is substantial. The business is effectively saying the payment may be late for a long time.,HIGH_RISK,HIGH_05_PROLONGED_DELAY
"The invoice is delayed by a temporary operational issue. The amount is still expected, but no fixed date has been confirmed. The risk is meaningful but not yet acute.",MEDIUM_RISK,MED_06_TEMPORARY_ISSUE
The funds are available and the transfer is ready. The payment should clear without additional review. There is no sign that settlement will be deferred.,LOW_RISK,LOW_05_READY_TO_PAY
The invoice is pending internal reconciliation. The transfer is still on the roadmap but needs the paperwork to finish. The payment is being worked through the normal operations flow.,MEDIUM_RISK,MED_02_RECONCILIATION
The invoice will likely be paid only after an extended period. The chance of a timely collection is low in this scenario. This is materially worse than a routine administrative delay.,HIGH_RISK,HIGH_05_PROLONGED_DELAY
The transaction has been approved and is in the release queue. The invoice is clean and ready for release. The account is in a good position for settlement.,LOW_RISK,LOW_05_READY_TO_PAY
The payment is not facing any material obstacle. The payment timing is considered routine. The outstanding amount is still expected to be resolved on time.,LOW_RISK,LOW_04_NO_BLOCKER
The account has already been credited. There are no outstanding payment issues. The payment activity has already been completed.,LOW_RISK,LOW_01_COMPLETE
The customer cannot commit to a payment date right now. The situation should be treated as serious until the cash movement is confirmed. The invoice should be escalated for urgent follow-up.,HIGH_RISK,HIGH_01_NO_DATE
The transfer was successfully sent. There are no outstanding payment issues. The payment activity has already been completed.,LOW_RISK,LOW_01_COMPLETE
"The invoice remains open, and the buyer has not yet finalized the transfer. The situation suggests a moderate payment risk rather than immediate default. The current information supports caution rather than escalation.",MEDIUM_RISK,MED_05_PENDING_BUT_REASONABLE
The settlement is already reflected in the account. The case does not require any further follow-up. The record should show that the invoice is paid.,LOW_RISK,LOW_06_CONFIRMED
The customer has confirmed the invoice and its payment is approved. The release is already prepared in the payment queue. The customer intends to settle without any interruption.,LOW_RISK,LOW_02_APPROVED
The customer disputes the invoice and will not release funds until the issue is resolved. The customer is effectively withholding funds until the issue is clarified. The case may require dispute resolution before any cash movement occurs.,HIGH_RISK,HIGH_04_DISPUTE
There is currently no confirmed payment date. The customer may be unable to release the funds in the near term. The payment outcome is not yet dependable.,HIGH_RISK,HIGH_01_NO_DATE
The customer is finishing a reconciliation check before releasing funds. The process is moving forward but not yet final. The payment is being worked through the normal operations flow.,MEDIUM_RISK,MED_02_RECONCILIATION
"The payment was not completed yet, but the customer is still engaged. Settlement still appears possible if the internal process moves smoothly. The amount should still be treated as recoverable but not yet settled.",MEDIUM_RISK,MED_05_PENDING_BUT_REASONABLE
The customer has not given a dependable statement about when cash will move. The payment horizon remains highly uncertain. The current communication is insufficient to support a strong recovery expectation.,HIGH_RISK,HIGH_06_FAILURE_TO_COMMIT
Funds were released this morning. The remittance advice has been delivered. This matter is already settled from a payment perspective.,LOW_RISK,LOW_01_COMPLETE
The payment is being delayed because of liquidity concerns. The collection team should expect a difficult and delayed outcome. The cash-flow disruption may result in a prolonged delay.,HIGH_RISK,HIGH_02_CASHFLOW
We have already made the payment. The transfer is complete and verified. The collection team can close the case.,LOW_RISK,LOW_06_CONFIRMED
The payment is authorized and waiting for the transfer step. The payment is on track for settlement. The account is expected to reflect the transfer soon.,LOW_RISK,LOW_02_APPROVED
"The buyer says the payment will likely occur after a short disruption. The case is unresolved and should be followed closely. The payment might still happen, but not necessarily on the original date.",MEDIUM_RISK,MED_06_TEMPORARY_ISSUE
The invoice has been approved and positioned for release. The bank transfer is expected to go out on time. The payment timing is considered normal.,LOW_RISK,LOW_02_APPROVED
The payment has been blocked. The amount is not currently in motion. The customer has not established a credible payment plan.,HIGH_RISK,HIGH_03_BLOCKED
The transfer is delayed until reconciliation is complete. There may be a moderate postponement before release. The delay is tied to internal confirmation rather than a hard repudiation.,MEDIUM_RISK,MED_02_RECONCILIATION
The buyer says the payment will likely occur after a short disruption. The payment timeline is under review and likely to move. The payment event is delayed but not abandoned.,MEDIUM_RISK,MED_06_TEMPORARY_ISSUE
The payment is prepared and awaiting execution. This is expected to happen on the agreed date. The invoice should be processed without issue.,LOW_RISK,LOW_05_READY_TO_PAY
We cannot confirm when the payment will be made. The account should be treated as highly uncertain until payment is verified. The payment outcome is not yet dependable.,HIGH_RISK,HIGH_01_NO_DATE
The settlement is already reflected in the account. The customer has met its payment obligation. There is no unresolved payment issue in this case.,LOW_RISK,LOW_06_CONFIRMED
"The payment is still expected, but a temporary problem is slowing the process. The payment timeline is under review and likely to move. The risk is meaningful but not yet acute.",MEDIUM_RISK,MED_06_TEMPORARY_ISSUE
"The payment was not completed yet, but the customer is still engaged. The most likely outcome is payment after a short additional delay. The current information supports caution rather than escalation.",MEDIUM_RISK,MED_05_PENDING_BUT_REASONABLE
The account is healthy and the outstanding amount is still on track. The current status suggests no special intervention is needed. The buyer appears willing and able to meet the obligation.,LOW_RISK,LOW_04_NO_BLOCKER
"The invoice is undergoing internal review. The case still looks recoverable, but the timing is not final. The invoice remains in play, but the date is still uncertain.",MEDIUM_RISK,MED_04_INTERNAL_REVIEW
"The invoice is delayed by a temporary operational issue. The customer still intends to pay, but the date is not guaranteed yet. The customer is still in communication and wants to resolve the invoice.",MEDIUM_RISK,MED_06_TEMPORARY_ISSUE
The payment is not facing any material obstacle. The transaction is expected to clear as scheduled. The buyer appears willing and able to meet the obligation.,LOW_RISK,LOW_04_NO_BLOCKER
The invoice has been approved and positioned for release. The transfer should happen without additional delay. The outstanding amount is expected to clear on schedule.,LOW_RISK,LOW_02_APPROVED
The payment is being held for reconciliation. The payment should occur after the outstanding administrative tasks are closed. The payment is being worked through the normal operations flow.,MEDIUM_RISK,MED_02_RECONCILIATION
The invoice has been approved and positioned for release. The payment has been routed for execution. The invoice is aligned with the existing payment plan.,LOW_RISK,LOW_02_APPROVED
The transfer was sent successfully. The collection process is effectively finished. There is no unresolved payment issue in this case.,LOW_RISK,LOW_06_CONFIRMED
The transfer will not be made within the current schedule. The invoice should be treated as high risk until payment is actually received. This is materially worse than a routine administrative delay.,HIGH_RISK,HIGH_05_PROLONGED_DELAY
The customer is unwilling to pay until the dispute is resolved. This indicates a significant risk of missed or prolonged payment. The relationship is currently strained and the amount may not be recovered quickly.,HIGH_RISK,HIGH_04_DISPUTE
The business is unable to state a dependable payment timeline. The customer is not providing the level of confidence needed for low-risk treatment. This should not be treated as a routine payment case.,HIGH_RISK,HIGH_06_FAILURE_TO_COMMIT
Payment is still pending final approval. The release is pending but the situation is manageable. The customer confirms the payment is likely but not yet confirmed.,MEDIUM_RISK,MED_01_APPROVAL_DELAY
The payment is being delayed because of liquidity concerns. The customer has admitted an ongoing financial constraint. The risk of nonpayment is elevated until the situation changes.,HIGH_RISK,HIGH_02_CASHFLOW
The finance team reports that the invoice is ready to pay. The current status suggests no special intervention is needed. The outstanding amount is still expected to be resolved on time.,LOW_RISK,LOW_04_NO_BLOCKER
Settlement is confirmed and the remittance has been posted. The remittance advice has been delivered. This matter is already settled from a payment perspective.,LOW_RISK,LOW_01_COMPLETE
The payment is scheduled for tomorrow. The customer expects timely settlement. The timing appears consistent with the prior agreement.,LOW_RISK,LOW_03_SCHEDULED
The transfer was sent successfully. The transfer is complete and verified. The record should show that the invoice is paid.,LOW_RISK,LOW_06_CONFIRMED
The company is currently constrained by cash-flow pressure. The account likely needs a more urgent collection strategy. The invoice is being threatened by a real financial limitation.,HIGH_RISK,HIGH_02_CASHFLOW
The invoice is queued for payment as agreed. The payment should reach the account without issue. This does not look like a default scenario.,LOW_RISK,LOW_03_SCHEDULED
There is currently no confirmed payment date. The customer may be unable to release the funds in the near term. The risk of a prolonged delay is high.,HIGH_RISK,HIGH_01_NO_DATE
Payment has been suspended pending further review. The case requires immediate follow-up and escalation. There is no immediate evidence of a viable recovery path.,HIGH_RISK,HIGH_03_BLOCKED
"The invoice remains open, and the buyer has not yet finalized the transfer. The most likely outcome is payment after a short additional delay. A short extension is the most plausible outcome.",MEDIUM_RISK,MED_05_PENDING_BUT_REASONABLE
The customer is dealing with a cash-flow issue that is affecting payment. The invoice is at risk because the customer cannot confirm a repayment date. The risk of nonpayment is elevated until the situation changes.,HIGH_RISK,HIGH_02_CASHFLOW
There is a temporary slowdown in the payment cycle. The customer expects payment to land within a few days. The customer appears willing to pay with a modest push-out.,MEDIUM_RISK,MED_03_SHORT_DELAY
The transfer is delayed until reconciliation is complete. A brief delay is expected while the file is completed. The payment date is not fully fixed yet.,MEDIUM_RISK,MED_02_RECONCILIATION
"The invoice remains open, and the buyer has not yet finalized the transfer. The buyer is aware of the obligation and is still working through it. The case looks moderate rather than severe.",MEDIUM_RISK,MED_05_PENDING_BUT_REASONABLE
The invoice will likely be paid only after an extended period. The customer has not offered a firm near-term date. The collection team should plan for significant delay and limited immediate recovery.,HIGH_RISK,HIGH_05_PROLONGED_DELAY
"The invoice is delayed by a temporary operational issue. The payment path is still alive, though delayed. The payment might still happen, but not necessarily on the original date.",MEDIUM_RISK,MED_06_TEMPORARY_ISSUE
The funds are available and the transfer is ready. The payment progression is on schedule. The account is in a good position for settlement.,LOW_RISK,LOW_05_READY_TO_PAY
The customer has not provided a firm settlement date. The situation should be treated as serious until the cash movement is confirmed. The customer appears unable or unwilling to commit.,HIGH_RISK,HIGH_01_NO_DATE
The account currently lacks a trustworthy repayment plan. We should assume the account requires immediate attention. The business is effectively signaling uncertainty about settlement.,HIGH_RISK,HIGH_06_FAILURE_TO_COMMIT
The payment team is still confirming the invoice details. The process is moving forward but not yet final. The payment is being worked through the normal operations flow.,MEDIUM_RISK,MED_02_RECONCILIATION
The customer disputes the invoice and will not release funds until the issue is resolved. The customer is effectively withholding funds until the issue is clarified. The financial outcome is uncertain and potentially adverse.,HIGH_RISK,HIGH_04_DISPUTE
The customer disputes the invoice and will not release funds until the issue is resolved. This indicates a significant risk of missed or prolonged payment. The case may require dispute resolution before any cash movement occurs.,HIGH_RISK,HIGH_04_DISPUTE
"The customer is completing the internal sign-off needed for settlement. The payment is likely to land within a short delay. The timeline may slip slightly, but the payment is still intended.",MEDIUM_RISK,MED_01_APPROVAL_DELAY
The buyer says the payment will likely occur after a short disruption. The case is unresolved and should be followed closely. The case should remain in watchlist status until release is confirmed.,MEDIUM_RISK,MED_06_TEMPORARY_ISSUE
The customer has confirmed the invoice and expects no delay. The payment timing is considered routine. The invoice should be treated as low-risk from a payment standpoint.,LOW_RISK,LOW_04_NO_BLOCKER
The invoice is waiting on a reconciliation step. The payment should occur after the outstanding administrative tasks are closed. The invoice is still considered recoverable.,MEDIUM_RISK,MED_02_RECONCILIATION
The customer has not given a dependable statement about when cash will move. This suggests a serious risk of missed or delayed payment. The invoice may remain unsettled for an extended period.,HIGH_RISK,HIGH_06_FAILURE_TO_COMMIT
The customer expects the payment to be delayed significantly beyond the original due date. The chance of a timely collection is low in this scenario. The customer is not demonstrating a credible near-term path to payment.,HIGH_RISK,HIGH_05_PROLONGED_DELAY
"The payment is outstanding but still expected. The buyer is aware of the obligation and is still working through it. The buyer is engaged, but the payment date remains provisional.",MEDIUM_RISK,MED_05_PENDING_BUT_REASONABLE
The buyer is not prepared to confirm when the invoice will be paid. The customer has not demonstrated the ability to meet the invoice promptly. This should not be treated as a routine payment case.,HIGH_RISK,HIGH_06_FAILURE_TO_COMMIT
The account has already been credited. The remittance advice has been delivered. The payment activity has already been completed.,LOW_RISK,LOW_01_COMPLETE
The payment was completed on schedule. The transaction is fully reconciled. This matter is already settled from a payment perspective.,LOW_RISK,LOW_01_COMPLETE
The customer cannot commit to a payment date right now. The situation should be treated as serious until the cash movement is confirmed. The payment outcome is not yet dependable.,HIGH_RISK,HIGH_01_NO_DATE
The payment is prepared and awaiting execution. There is no delay indicated by the finance team. This appears to be routine and regular.,LOW_RISK,LOW_05_READY_TO_PAY
The transfer is delayed until reconciliation is complete. The amount remains committed but needs the final approval stage. The payment is being worked through the normal operations flow.,MEDIUM_RISK,MED_02_RECONCILIATION
"There is a current operational bottleneck affecting payment release. The payment path is still alive, though delayed. This is an operational delay rather than a full repudiation.",MEDIUM_RISK,MED_06_TEMPORARY_ISSUE
The customer is dealing with a cash-flow issue that is affecting payment. The customer has admitted an ongoing financial constraint. The invoice is being threatened by a real financial limitation.,HIGH_RISK,HIGH_02_CASHFLOW
The payment release is currently blocked by internal constraints. The payment may not be possible until the blocking issue is resolved. The invoice should be managed as a blocked account.,HIGH_RISK,HIGH_03_BLOCKED
The invoice is delayed because the payment batch is still running. The case remains open and processing is ongoing. The outstanding amount is still expected to be settled in the near term.,MEDIUM_RISK,MED_03_SHORT_DELAY
There is a short-term obstacle affecting the payment process. The payment timeline is under review and likely to move. This is an operational delay rather than a full repudiation.,MEDIUM_RISK,MED_06_TEMPORARY_ISSUE
The customer is matching documents before approval is granted. The customer expects to settle once the review is complete. The customer still expects to settle once the review task is completed.,MEDIUM_RISK,MED_02_RECONCILIATION
The account currently lacks a trustworthy repayment plan. The customer is not providing the level of confidence needed for low-risk treatment. The invoice may remain unsettled for an extended period.,HIGH_RISK,HIGH_06_FAILURE_TO_COMMIT
The payment is likely to slip well beyond the due date. The account should be elevated because the delay is substantial. The payment could be pushed far beyond the original timeline.,HIGH_RISK,HIGH_05_PROLONGED_DELAY
The customer expects to transfer the amount shortly. The payment path is already approved. The payment commitment appears solid.,LOW_RISK,LOW_03_SCHEDULED
There is a current operational bottleneck affecting payment release. The case is unresolved and should be followed closely. The payment event is delayed but not abandoned.,MEDIUM_RISK,MED_06_TEMPORARY_ISSUE
Funds are planned to be released this week. The scheduled transfer is already underway. The payment commitment appears solid.,LOW_RISK,LOW_03_SCHEDULED
The customer is unable to make the transfer today because of cash constraints. The customer is unable to promise a normal payment schedule. The risk of nonpayment is elevated until the situation changes.,HIGH_RISK,HIGH_02_CASHFLOW
We are facing a temporary liquidity problem. The customer has not provided an immediate path to settlement. The customer is signaling real strain in meeting the obligation.,HIGH_RISK,HIGH_02_CASHFLOW
The invoice is going through the standard internal review process. The terms are still being worked through. A few more administrative steps are necessary before the payment can be released.,MEDIUM_RISK,MED_04_INTERNAL_REVIEW
The invoice is under review and awaiting approval. A small postponement is expected while approval completes. The payment should be visible once the administrative hold is cleared.,MEDIUM_RISK,MED_01_APPROVAL_DELAY
The payment is likely to slip well beyond the due date. The expected cash timing is far outside the normal expectation. The customer is not demonstrating a credible near-term path to payment.,HIGH_RISK,HIGH_05_PROLONGED_DELAY
There is a short-term obstacle affecting the payment process. The payment timeline is under review and likely to move. The customer remains engaged and has not closed the account.,MEDIUM_RISK,MED_06_TEMPORARY_ISSUE
The buyer is not prepared to confirm when the invoice will be paid. This suggests a serious risk of missed or delayed payment. This should not be treated as a routine payment case.,HIGH_RISK,HIGH_06_FAILURE_TO_COMMIT
The invoice is currently contested and payment cannot proceed. The invoice has become a high-risk collection matter. The relationship is currently strained and the amount may not be recovered quickly.,HIGH_RISK,HIGH_04_DISPUTE
"The transfer is delayed by normal processing timing. The payment is not cancelled, only deferred for a short period. The invoice still has a realistic path to payment.",MEDIUM_RISK,MED_03_SHORT_DELAY
Treasury has confirmed the invoice is ready to pay. Processing is underway and proceeds according to schedule. There is no sign of a payment problem.,LOW_RISK,LOW_02_APPROVED
"The payment is being held pending internal checks. The terms are still being worked through. The invoice remains in play, but the date is still uncertain.",MEDIUM_RISK,MED_04_INTERNAL_REVIEW
The transfer has been put on hold. The buyer is not able to provide a realistic payment date. The risk of prolonged default is significant.,HIGH_RISK,HIGH_03_BLOCKED
The invoice is still open and the release date has not been set. The account should be treated as highly uncertain until payment is verified. The risk of a prolonged delay is high.,HIGH_RISK,HIGH_01_NO_DATE
"The payment is outstanding but still expected. A delayed release is likely, but the underlying contract remains active. The amount should still be treated as recoverable but not yet settled.",MEDIUM_RISK,MED_05_PENDING_BUT_REASONABLE
"The payment is still expected, but a temporary problem is slowing the process. The case is unresolved and should be followed closely. The customer remains engaged and has not closed the account.",MEDIUM_RISK,MED_06_TEMPORARY_ISSUE
The customer has confirmed the invoice and its payment is approved. The bank transfer is expected to go out on time. The invoice is aligned with the existing payment plan.,LOW_RISK,LOW_02_APPROVED
The invoice is effectively stalled because the transfer has been blocked. The customer has essentially paused the obligation. The invoice should be managed as a blocked account.,HIGH_RISK,HIGH_03_BLOCKED
We cannot confirm when the payment will be made. The lack of a confirmed schedule suggests payment may be delayed materially. The payment outcome is not yet dependable.,HIGH_RISK,HIGH_01_NO_DATE
The payment is prepared and awaiting execution. The invoice is clean and ready for release. No special payment follow-up should be necessary.,LOW_RISK,LOW_05_READY_TO_PAY
The transfer was sent successfully. The transfer is complete and verified. This should be treated as fully settled.,LOW_RISK,LOW_06_CONFIRMED
The customer is unable to provide a reliable payment schedule. This raises a serious concern about when the invoice will be settled. This is a meaningful nonpayment risk scenario.,HIGH_RISK,HIGH_01_NO_DATE
Funds were released this morning. There are no outstanding payment issues. The invoice should not require any additional follow-up.,LOW_RISK,LOW_01_COMPLETE
"The payment is still expected, but a temporary problem is slowing the process. The payment timeline is under review and likely to move. The situation requires a moderate-risk handling strategy.",MEDIUM_RISK,MED_06_TEMPORARY_ISSUE
"The invoice is delayed by a temporary operational issue. The issue seems temporary, but the payment may arrive later than anticipated. This is an operational delay rather than a full repudiation.",MEDIUM_RISK,MED_06_TEMPORARY_ISSUE
The invoice is going through the standard internal review process. The terms are still being worked through. The case should be handled as a moderate risk until payment is confirmed.,MEDIUM_RISK,MED_04_INTERNAL_REVIEW
Treasury has confirmed the invoice is ready to pay. The bank transfer is expected to go out on time. This should meet the original due date.,LOW_RISK,LOW_02_APPROVED
The customer is prepared to complete the transfer without change. The payment timing is considered routine. The payment plan remains on track.,LOW_RISK,LOW_04_NO_BLOCKER
The customer is dealing with a cash-flow issue that is affecting payment. The invoice is at risk because the customer cannot confirm a repayment date. The invoice is being threatened by a real financial limitation.,HIGH_RISK,HIGH_02_CASHFLOW
The customer has confirmed the invoice and expects no delay. There is no sign of disruption in the payment workflow. The invoice should be treated as low-risk from a payment standpoint.,LOW_RISK,LOW_04_NO_BLOCKER
The account has already been credited. The transaction is fully reconciled. The due date is effectively resolved.,LOW_RISK,LOW_01_COMPLETE
The customer is prepared to complete the transfer without change. The current status suggests no special intervention is needed. The payment plan remains on track.,LOW_RISK,LOW_04_NO_BLOCKER
Finance has approved the invoice for payment. Processing is underway and proceeds according to schedule. The customer intends to settle without any interruption.,LOW_RISK,LOW_02_APPROVED
The funds are available and the transfer is ready. The payment progression is on schedule. There is no present risk of nonpayment.,LOW_RISK,LOW_05_READY_TO_PAY
The customer cannot proceed with the payment right now. The amount is not currently in motion. There is no immediate evidence of a viable recovery path.,HIGH_RISK,HIGH_03_BLOCKED
The payment is paused due to a disagreement over the invoice details. The customer is effectively withholding funds until the issue is clarified. This should be classified as high risk.,HIGH_RISK,HIGH_04_DISPUTE
"The payment will likely come through after the current batch closes. The payment is not cancelled, only deferred for a short period. The account may show a short delay, but not a permanent issue.",MEDIUM_RISK,MED_03_SHORT_DELAY
The payment is being delayed because of liquidity concerns. There is a strong likelihood that settlement will be late. The invoice is being threatened by a real financial limitation.,HIGH_RISK,HIGH_02_CASHFLOW
The invoice is delayed because the payment batch is still running. The amount remains due and the payment plan is still active. The customer appears willing to pay with a modest push-out.,MEDIUM_RISK,MED_03_SHORT_DELAY
The invoice is facing a serious schedule extension. This is not a short process delay but an extended postponement. This is materially worse than a routine administrative delay.,HIGH_RISK,HIGH_05_PROLONGED_DELAY
The customer has confirmed that the funds were released. The customer has met its payment obligation. The account reflects a completed transaction.,LOW_RISK,LOW_06_CONFIRMED
Finance has approved the invoice for payment. The transfer will be processed as planned. There is no indication of refusal or cancellation.,LOW_RISK,LOW_02_APPROVED
"There is a temporary slowdown in the payment cycle. The payment is still intended and should come through soon. The account may show a short delay, but not a permanent issue.",MEDIUM_RISK,MED_03_SHORT_DELAY
This invoice was paid and the remittance has been completed. There is no pending payment action. No late-payment risk is present.,LOW_RISK,LOW_06_CONFIRMED
The customer has not provided a firm settlement date. This raises a serious concern about when the invoice will be settled. The risk of a prolonged delay is high.,HIGH_RISK,HIGH_01_NO_DATE
The customer is reviewing the invoice before release. The amount remains owed and the buyer is engaged. The payment status should be reevaluated after the review finishes.,MEDIUM_RISK,MED_04_INTERNAL_REVIEW
The payment was completed on schedule. No further action is required. The payment activity has already been completed.,LOW_RISK,LOW_01_COMPLETE
The customer is prepared to complete the transfer without change. The transaction is expected to clear as scheduled. The outstanding amount is still expected to be resolved on time.,LOW_RISK,LOW_04_NO_BLOCKER
The invoice is delayed by a temporary operational issue. The case is unresolved and should be followed closely. The customer is still in communication and wants to resolve the invoice.,MEDIUM_RISK,MED_06_TEMPORARY_ISSUE
The transfer was successfully sent. The agreement is satisfied in full. The customer has completed the requested transfer.,LOW_RISK,LOW_01_COMPLETE
The invoice is fully settled. No further action is required. This matter is already settled from a payment perspective.,LOW_RISK,LOW_01_COMPLETE
"The invoice is still pending a release decision. The invoice remains payable, just not yet confirmed in cash. The current information supports caution rather than escalation.",MEDIUM_RISK,MED_05_PENDING_BUT_REASONABLE
The customer expects to transfer the amount shortly. The customer expects timely settlement. There is a clear payment plan in place.,LOW_RISK,LOW_03_SCHEDULED
The transfer was successfully sent. There are no outstanding payment issues. There is no current blocker on the account.,LOW_RISK,LOW_01_COMPLETE
The customer is matching documents before approval is granted. The amount remains committed but needs the final approval stage. The payment date is not fully fixed yet.,MEDIUM_RISK,MED_02_RECONCILIATION
The payment has been processed and the bank confirmation is on file. The invoice is no longer outstanding. The collection team can close the case.,LOW_RISK,LOW_06_CONFIRMED
Treasury has confirmed the invoice is ready to pay. The payment has been routed for execution. The payment timing is considered normal.,LOW_RISK,LOW_02_APPROVED
The payment is not yet approved but is moving through the internal process. The transfer should happen once the review step is finished. The account is still expected to receive the funds shortly.,MEDIUM_RISK,MED_01_APPROVAL_DELAY
All review steps have been completed and the invoice is approved. The transfer should happen without additional delay. The account is expected to reflect the transfer soon.,LOW_RISK,LOW_02_APPROVED
The customer cannot confirm whether the invoice will be paid on time. The obligation is not being honored with enough clarity or certainty. This should not be treated as a routine payment case.,HIGH_RISK,HIGH_06_FAILURE_TO_COMMIT
The customer is finishing a reconciliation check before releasing funds. The process is moving forward but not yet final. The customer still expects to settle once the review task is completed.,MEDIUM_RISK,MED_02_RECONCILIATION
The customer cannot provide a reliable payment commitment. We should assume the account requires immediate attention. The customer is not giving enough assurance to classify this as low or medium risk.,HIGH_RISK,HIGH_06_FAILURE_TO_COMMIT
"The customer is reviewing the invoice before release. The expected outcome is still a payment, but the schedule is uncertain. The payment status should be reevaluated after the review finishes.",MEDIUM_RISK,MED_04_INTERNAL_REVIEW
The payment is being held pending internal checks. There is a moderate chance of delay while the review concludes. The payment status should be reevaluated after the review finishes.,MEDIUM_RISK,MED_04_INTERNAL_REVIEW
The invoice will likely be paid only after an extended period. The account should be elevated because the delay is substantial. The payment could be pushed far beyond the original timeline.,HIGH_RISK,HIGH_05_PROLONGED_DELAY
The customer has indicated that settlement will be much later than agreed. The chance of a timely collection is low in this scenario. The business is effectively saying the payment may be late for a long time.,HIGH_RISK,HIGH_05_PROLONGED_DELAY
The customer is refusing payment while the invoice is being contested. This indicates a significant risk of missed or prolonged payment. The relationship is currently strained and the amount may not be recovered quickly.,HIGH_RISK,HIGH_04_DISPUTE
The payment timing remains uncertain. The lack of a confirmed schedule suggests payment may be delayed materially. This is a meaningful nonpayment risk scenario.,HIGH_RISK,HIGH_01_NO_DATE
The payment is not proceeding because the customer is unable to release funds. The invoice is at serious risk of a major delay. The customer is not close to making a payment decision.,HIGH_RISK,HIGH_03_BLOCKED
The invoice is delayed by a temporary operational issue. A short-term interruption is currently the main concern. The payment event is delayed but not abandoned.,MEDIUM_RISK,MED_06_TEMPORARY_ISSUE
"The amount remains due and the customer has not closed the file. The customer still appears willing to settle, but timing remains unclear. There is still a credible path to payment.",MEDIUM_RISK,MED_05_PENDING_BUT_REASONABLE
The payment team is still confirming the invoice details. A brief delay is expected while the file is completed. The payment is being worked through the normal operations flow.,MEDIUM_RISK,MED_02_RECONCILIATION
"The customer is still verifying the invoice details before payment. The expected outcome is still a payment, but the schedule is uncertain. The payment status should be reevaluated after the review finishes.",MEDIUM_RISK,MED_04_INTERNAL_REVIEW
The payment is not facing any material obstacle. The customer has not raised any concerns. The customer has not indicated any reason to postpone payment.,LOW_RISK,LOW_04_NO_BLOCKER
The business is currently constrained by limited liquidity. The account likely needs a more urgent collection strategy. No reliable date can be given at this stage.,HIGH_RISK,HIGH_02_CASHFLOW
"The customer needs a little more time to complete the internal review. The expected outcome is still a payment, but the schedule is uncertain. The case should be handled as a moderate risk until payment is confirmed.",MEDIUM_RISK,MED_04_INTERNAL_REVIEW
The invoice is fully settled. The invoice is now closed. This matter is already settled from a payment perspective.,LOW_RISK,LOW_01_COMPLETE
The payment is being delayed because of liquidity concerns. The account likely needs a more urgent collection strategy. The customer is signaling real strain in meeting the obligation.,HIGH_RISK,HIGH_02_CASHFLOW
The transfer is delayed until reconciliation is complete. The payment should occur after the outstanding administrative tasks are closed. The delay is tied to internal confirmation rather than a hard repudiation.,MEDIUM_RISK,MED_02_RECONCILIATION
The organization is not in a position to guarantee payment. This suggests a serious risk of missed or delayed payment. The business is effectively signaling uncertainty about settlement.,HIGH_RISK,HIGH_06_FAILURE_TO_COMMIT
The invoice has been approved and positioned for release. The transfer should happen without additional delay. There is no sign of a payment problem.,LOW_RISK,LOW_02_APPROVED
The account has already been credited. The agreement is satisfied in full. No payment disruption is expected.,LOW_RISK,LOW_01_COMPLETE
The invoice is facing a serious schedule extension. The expected cash timing is far outside the normal expectation. No immediate recovery should be assumed.,HIGH_RISK,HIGH_05_PROLONGED_DELAY
There is currently no confirmed payment date. The invoice remains at risk because the customer has not committed to a date. The invoice should be escalated for urgent follow-up.,HIGH_RISK,HIGH_01_NO_DATE
There are currently no issues preventing payment. The payment should proceed normally. The invoice should be treated as low-risk from a payment standpoint.,LOW_RISK,LOW_04_NO_BLOCKER
The transfer was successfully sent. The transaction is fully reconciled. The invoice should not require any additional follow-up.,LOW_RISK,LOW_01_COMPLETE
There is currently no confirmed payment date. This raises a serious concern about when the invoice will be settled. There is no visible payment certainty at this point.,HIGH_RISK,HIGH_01_NO_DATE
The payment team is still confirming the invoice details. The process is moving forward but not yet final. The customer still expects to settle once the review task is completed.,MEDIUM_RISK,MED_02_RECONCILIATION
The customer cannot proceed with the payment right now. The buyer is not able to provide a realistic payment date. The invoice should be managed as a blocked account.,HIGH_RISK,HIGH_03_BLOCKED
"The customer is dealing with a brief constraint that could shift the transfer. The amount is still expected, but no fixed date has been confirmed. This is an operational delay rather than a full repudiation.",MEDIUM_RISK,MED_06_TEMPORARY_ISSUE
The invoice cannot be paid at this time. The buyer is not able to provide a realistic payment date. This situation warrants urgent commercial action.,HIGH_RISK,HIGH_03_BLOCKED
The customer disputes the invoice and will not release funds until the issue is resolved. The invoice has become a high-risk collection matter. The customer is not acknowledging the invoice as payable.,HIGH_RISK,HIGH_04_DISPUTE
The payment date is still unresolved. The account should be treated as highly uncertain until payment is verified. The amount may not be collected on time.,HIGH_RISK,HIGH_01_NO_DATE
The customer expects to transfer the amount shortly. The release is part of the regular payment cycle. We are not seeing a payment disruption at this time.,LOW_RISK,LOW_03_SCHEDULED
The payment status is unresolved but the customer is still communicating. The most likely outcome is payment after a short additional delay. The current information supports caution rather than escalation.,MEDIUM_RISK,MED_05_PENDING_BUT_REASONABLE
The payment is likely to slip well beyond the due date. The invoice should be treated as high risk until payment is actually received. The collection team should plan for significant delay and limited immediate recovery.,HIGH_RISK,HIGH_05_PROLONGED_DELAY
Payment has been suspended pending further review. The amount is not currently in motion. The customer is not close to making a payment decision.,HIGH_RISK,HIGH_03_BLOCKED
The payment has been blocked. The buyer is not able to provide a realistic payment date. The invoice should be managed as a blocked account.,HIGH_RISK,HIGH_03_BLOCKED
The customer says they are still planning to pay. The most likely outcome is payment after a short additional delay. The amount should still be treated as recoverable but not yet settled.,MEDIUM_RISK,MED_05_PENDING_BUT_REASONABLE
Payment was executed and the transaction is complete. The invoice is no longer outstanding. The collection team can close the case.,LOW_RISK,LOW_06_CONFIRMED
"The customer needs a little more time to complete the internal review. There is a moderate chance of delay while the review concludes. The customer has not refused payment, only slowed the process.",MEDIUM_RISK,MED_04_INTERNAL_REVIEW
The customer is completing the internal sign-off needed for settlement. The customer believes the invoice will eventually be paid. The delay appears to be procedural rather than financial.,MEDIUM_RISK,MED_01_APPROVAL_DELAY
The invoice is under review and awaiting approval. A small postponement is expected while approval completes. The delay appears to be procedural rather than financial.,MEDIUM_RISK,MED_01_APPROVAL_DELAY
The payment has been processed and the bank confirmation is on file. No additional cash collection effort is needed. No late-payment risk is present.,LOW_RISK,LOW_06_CONFIRMED
We are expecting a short delay while the payment is processed. The amount remains due and the payment plan is still active. There is not yet enough evidence to classify the account as high risk.,MEDIUM_RISK,MED_03_SHORT_DELAY
The customer is unable to make the transfer today because of cash constraints. The customer is unable to promise a normal payment schedule. The cash-flow disruption may result in a prolonged delay.,HIGH_RISK,HIGH_02_CASHFLOW
The customer expects to transfer the amount shortly. The transfer matches the agreed schedule. Any delay would be limited to routine processing.,LOW_RISK,LOW_03_SCHEDULED
The customer is unable to provide a reliable payment schedule. This raises a serious concern about when the invoice will be settled. There is no visible payment certainty at this point.,HIGH_RISK,HIGH_01_NO_DATE
Funds were released this morning. The customer has already satisfied the obligation. This matter is already settled from a payment perspective.,LOW_RISK,LOW_01_COMPLETE
Everything is in place for the payment to be sent soon. The transfer matches the agreed schedule. The invoice remains on track for on-time settlement.,LOW_RISK,LOW_03_SCHEDULED
The account is healthy and the outstanding amount is still on track. The funds are likely to be released within the agreed window. The buyer appears willing and able to meet the obligation.,LOW_RISK,LOW_04_NO_BLOCKER
Treasury confirms the account can send the payment now. The payment should clear without additional review. The account is in a good position for settlement.,LOW_RISK,LOW_05_READY_TO_PAY
The invoice is fully settled. There are no outstanding payment issues. There is no current blocker on the account.,LOW_RISK,LOW_01_COMPLETE
The finance team reports that the invoice is ready to pay. The customer has not raised any concerns. This is a routine collection case with no material risk.,LOW_RISK,LOW_04_NO_BLOCKER
Treasury has confirmed the invoice is ready to pay. The payment is on track for settlement. The outstanding amount is expected to clear on schedule.,LOW_RISK,LOW_02_APPROVED
The transfer is blocked because the customer is disputing the charge. This is not a routine case and should be treated seriously. The outstanding invoice may remain unpaid for an extended period.,HIGH_RISK,HIGH_04_DISPUTE
"The customer is matching documents before approval is granted. The invoice is still likely to be paid, but the timing is uncertain. The delay is tied to internal confirmation rather than a hard repudiation.",MEDIUM_RISK,MED_02_RECONCILIATION
The customer is refusing payment while the invoice is being contested. The customer is not confirming any immediate payment timeline. This should be classified as high risk.,HIGH_RISK,HIGH_04_DISPUTE
There are currently no issues preventing payment. The customer has not raised any concerns. The outstanding amount is still expected to be resolved on time.,LOW_RISK,LOW_04_NO_BLOCKER
The payment timing remains uncertain. There is a substantial chance that payment will move far beyond the original due date. The risk of a prolonged delay is high.,HIGH_RISK,HIGH_01_NO_DATE
The customer is finishing a reconciliation check before releasing funds. The customer expects to settle once the review is complete. The invoice is still considered recoverable.,MEDIUM_RISK,MED_02_RECONCILIATION
Payment is still pending final approval. The customer believes the invoice will eventually be paid. The delay appears to be procedural rather than financial.,MEDIUM_RISK,MED_01_APPROVAL_DELAY
The custodian has confirmed the payment release window. The release is part of the regular payment cycle. Any delay would be limited to routine processing.,LOW_RISK,LOW_03_SCHEDULED
Funds were released this morning. No further action is required. The due date is effectively resolved.,LOW_RISK,LOW_01_COMPLETE
The transfer was successfully sent. There are no outstanding payment issues. The customer has completed the requested transfer.,LOW_RISK,LOW_01_COMPLETE
Payment is still pending final approval. A small postponement is expected while approval completes. The customer expects to meet the obligation after the approval process.,MEDIUM_RISK,MED_01_APPROVAL_DELAY
The customer is waiting on internal approval before payment can be released. The timing may shift by a few business days. The payment should be visible once the administrative hold is cleared.,MEDIUM_RISK,MED_01_APPROVAL_DELAY
The payment release is currently blocked by internal constraints. The invoice is at serious risk of a major delay. The risk of prolonged default is significant.,HIGH_RISK,HIGH_03_BLOCKED
"The customer is dealing with a brief constraint that could shift the transfer. The payment path is still alive, though delayed. The situation requires a moderate-risk handling strategy.",MEDIUM_RISK,MED_06_TEMPORARY_ISSUE
The payment status is unresolved but the customer is still communicating. Settlement still appears possible if the internal process moves smoothly. There is still a credible path to payment.,MEDIUM_RISK,MED_05_PENDING_BUT_REASONABLE
A final approval step is required before the payment can be sent. A small postponement is expected while approval completes. There is no indication that the invoice has been rejected.,MEDIUM_RISK,MED_01_APPROVAL_DELAY
"The invoice is delayed by a temporary operational issue. The customer still intends to pay, but the date is not guaranteed yet. The situation requires a moderate-risk handling strategy.",MEDIUM_RISK,MED_06_TEMPORARY_ISSUE
The invoice is approved and there is no payment blocker. The payment should proceed normally. This should not impact the expected cash receipt timing.,LOW_RISK,LOW_04_NO_BLOCKER
"The invoice is delayed because the payment batch is still running. The payment is not cancelled, only deferred for a short period. There is not yet enough evidence to classify the account as high risk.",MEDIUM_RISK,MED_03_SHORT_DELAY
The transfer is blocked because the customer is disputing the charge. The payment date remains uncertain and likely to move back significantly. The account appears to have material unresolved issues.,HIGH_RISK,HIGH_04_DISPUTE
The account is healthy and the outstanding amount is still on track. The current status suggests no special intervention is needed. This should not impact the expected cash receipt timing.,LOW_RISK,LOW_04_NO_BLOCKER
"The customer is still verifying the invoice details before payment. The expected outcome is still a payment, but the schedule is uncertain. The case should be handled as a moderate risk until payment is confirmed.",MEDIUM_RISK,MED_04_INTERNAL_REVIEW
The payment has been blocked. The payment may not be possible until the blocking issue is resolved. A sustained delay appears likely.,HIGH_RISK,HIGH_03_BLOCKED
Payment has already been completed. The agreement is satisfied in full. This matter is already settled from a payment perspective.,LOW_RISK,LOW_01_COMPLETE
The invoice will likely be paid only after an extended period. The customer has not offered a firm near-term date. The business is effectively saying the payment may be late for a long time.,HIGH_RISK,HIGH_05_PROLONGED_DELAY
The payment is prepared and awaiting execution. The payment progression is on schedule. No special payment follow-up should be necessary.,LOW_RISK,LOW_05_READY_TO_PAY
The invoice is fully settled. The transaction is fully reconciled. This matter is already settled from a payment perspective.,LOW_RISK,LOW_01_COMPLETE
The customer has moved the invoice into the payment pipeline. There is no delay indicated by the finance team. There is no sign that settlement will be deferred.,LOW_RISK,LOW_05_READY_TO_PAY
"The payment is still expected, but a temporary problem is slowing the process. A short-term interruption is currently the main concern. This is an operational delay rather than a full repudiation.",MEDIUM_RISK,MED_06_TEMPORARY_ISSUE
All review steps have been completed and the invoice is approved. The transfer will be processed as planned. The invoice is aligned with the existing payment plan.,LOW_RISK,LOW_02_APPROVED
The payment is outstanding but still expected. The most likely outcome is payment after a short additional delay. A short extension is the most plausible outcome.,MEDIUM_RISK,MED_05_PENDING_BUT_REASONABLE
Everything is in place for the payment to be sent soon. The transfer matches the agreed schedule. The payment commitment appears solid.,LOW_RISK,LOW_03_SCHEDULED
The invoice has already been paid in full. The outstanding balance is resolved. No late-payment risk is present.,LOW_RISK,LOW_06_CONFIRMED
"The invoice is delayed by a temporary operational issue. The amount is still expected, but no fixed date has been confirmed. The customer is still in communication and wants to resolve the invoice.",MEDIUM_RISK,MED_06_TEMPORARY_ISSUE
The payment timing remains uncertain. There is a substantial chance that payment will move far beyond the original due date. The invoice should be escalated for urgent follow-up.,HIGH_RISK,HIGH_01_NO_DATE
We are facing a temporary liquidity problem. The customer is unable to promise a normal payment schedule. The invoice is being threatened by a real financial limitation.,HIGH_RISK,HIGH_02_CASHFLOW
The invoice is ready to be paid. The invoice is clean and ready for release. There is no sign that settlement will be deferred.,LOW_RISK,LOW_05_READY_TO_PAY
The business is currently constrained by limited liquidity. The customer is unable to promise a normal payment schedule. The invoice is being threatened by a real financial limitation.,HIGH_RISK,HIGH_02_CASHFLOW
The invoice is currently contested and payment cannot proceed. The invoice has become a high-risk collection matter. The account appears to have material unresolved issues.,HIGH_RISK,HIGH_04_DISPUTE
The invoice is fully settled. The invoice is now closed. There is no current blocker on the account.,LOW_RISK,LOW_01_COMPLETE
We are facing a temporary liquidity problem. The invoice is at risk because the customer cannot confirm a repayment date. The payment will likely be delayed until liquidity improves.,HIGH_RISK,HIGH_02_CASHFLOW
Internal approval has already been secured. Processing is underway and proceeds according to schedule. The customer intends to settle without any interruption.,LOW_RISK,LOW_02_APPROVED
"The customer says the transfer will be made later than originally planned. The customer expects payment to land within a few days. The customer has not rejected the invoice, only shifted the timing.",MEDIUM_RISK,MED_03_SHORT_DELAY
There is currently no confirmed payment date. There is a substantial chance that payment will move far beyond the original due date. The risk of a prolonged delay is high.,HIGH_RISK,HIGH_01_NO_DATE
The account has already been credited. The remittance advice has been delivered. No payment disruption is expected.,LOW_RISK,LOW_01_COMPLETE
The customer is experiencing a temporary issue that may affect payment timing. A short-term interruption is currently the main concern. The risk is meaningful but not yet acute.,MEDIUM_RISK,MED_06_TEMPORARY_ISSUE
The transfer has been put on hold. The payment may not be possible until the blocking issue is resolved. The customer is not close to making a payment decision.,HIGH_RISK,HIGH_03_BLOCKED
The company is currently constrained by cash-flow pressure. The customer is unable to promise a normal payment schedule. This should be treated as a serious payment risk.,HIGH_RISK,HIGH_02_CASHFLOW
The invoice is fully settled. No further action is required. The funds are already reflected in the account.,LOW_RISK,LOW_01_COMPLETE
The payment is prepared and awaiting execution. This is expected to happen on the agreed date. No special payment follow-up should be necessary.,LOW_RISK,LOW_05_READY_TO_PAY
The payment is being delayed because of liquidity concerns. The customer is unable to promise a normal payment schedule. The cash-flow disruption may result in a prolonged delay.,HIGH_RISK,HIGH_02_CASHFLOW
The customer cannot commit to a payment date right now. The customer may be unable to release the funds in the near term. The risk of a prolonged delay is high.,HIGH_RISK,HIGH_01_NO_DATE
The payment is prepared and awaiting execution. The release is a straightforward part of the normal process. The account is in a good position for settlement.,LOW_RISK,LOW_05_READY_TO_PAY
The finance team reports that the invoice is ready to pay. The payment should proceed normally. This is a routine collection case with no material risk.,LOW_RISK,LOW_04_NO_BLOCKER
The invoice has been flagged for additional approval checks. The transfer should happen once the review step is finished. The account is still expected to receive the funds shortly.,MEDIUM_RISK,MED_01_APPROVAL_DELAY
The customer is unable to make the transfer today because of cash constraints. The payment may be pushed back materially while the shortfall is managed. The customer is signaling real strain in meeting the obligation.,HIGH_RISK,HIGH_02_CASHFLOW
The invoice has been approved and positioned for release. The release is already prepared in the payment queue. There is no sign of a payment problem.,LOW_RISK,LOW_02_APPROVED
All review steps have been completed and the invoice is approved. The payment has been routed for execution. The outstanding amount is expected to clear on schedule.,LOW_RISK,LOW_02_APPROVED
The transfer is delayed by normal processing timing. The case remains open and processing is ongoing. There is not yet enough evidence to classify the account as high risk.,MEDIUM_RISK,MED_03_SHORT_DELAY
We cannot confirm when the payment will be made. The invoice remains at risk because the customer has not committed to a date. This is a meaningful nonpayment risk scenario.,HIGH_RISK,HIGH_01_NO_DATE
Funds are planned to be released this week. The release is part of the regular payment cycle. There is a clear payment plan in place.,LOW_RISK,LOW_03_SCHEDULED
"We are expecting a short delay while the payment is processed. The delay is temporary and tied to current operations. The customer has not rejected the invoice, only shifted the timing.",MEDIUM_RISK,MED_03_SHORT_DELAY
The customer is experiencing a short-term cash shortage. There is a strong likelihood that settlement will be late. The cash-flow disruption may result in a prolonged delay.,HIGH_RISK,HIGH_02_CASHFLOW
"The invoice is delayed because the payment batch is still running. The payment is not cancelled, only deferred for a short period. The delay should not be interpreted as a complete nonpayment.",MEDIUM_RISK,MED_03_SHORT_DELAY
The business is unable to state a dependable payment timeline. A prolonged delay or nonpayment appears plausible. The business is effectively signaling uncertainty about settlement.,HIGH_RISK,HIGH_06_FAILURE_TO_COMMIT
The customer is dealing with a cash-flow issue that is affecting payment. The account likely needs a more urgent collection strategy. The risk of nonpayment is elevated until the situation changes.,HIGH_RISK,HIGH_02_CASHFLOW
The transfer has been arranged and should go through promptly. The process is moving forward normally. This does not look like a default scenario.,LOW_RISK,LOW_03_SCHEDULED
There is currently no confirmed payment date. The customer may be unable to release the funds in the near term. The invoice should be escalated for urgent follow-up.,HIGH_RISK,HIGH_01_NO_DATE
The payment is not facing any material obstacle. There is no sign of disruption in the payment workflow. This should not impact the expected cash receipt timing.,LOW_RISK,LOW_04_NO_BLOCKER
The transfer has been put on hold. The payment may not be possible until the blocking issue is resolved. The invoice should be managed as a blocked account.,HIGH_RISK,HIGH_03_BLOCKED
The transfer will not be made within the current schedule. The customer has not offered a firm near-term date. The collection team should plan for significant delay and limited immediate recovery.,HIGH_RISK,HIGH_05_PROLONGED_DELAY
"The customer has a temporary issue preventing immediate settlement. The customer has not canceled the invoice, only rescheduled the release. The customer is still in communication and wants to resolve the invoice.",MEDIUM_RISK,MED_06_TEMPORARY_ISSUE
The transaction has been approved and is in the release queue. The release is a straightforward part of the normal process. The invoice should be processed without issue.,LOW_RISK,LOW_05_READY_TO_PAY
The customer expects to transfer the amount shortly. The release is part of the regular payment cycle. The payment commitment appears solid.,LOW_RISK,LOW_03_SCHEDULED
Internal approval has already been secured. The release is already prepared in the payment queue. The outstanding amount is expected to clear on schedule.,LOW_RISK,LOW_02_APPROVED
The customer says the invoice is under dispute and therefore no payment will be made. The buyer may be unable to settle until the dispute is closed. No payment can be expected until the dispute is addressed.,HIGH_RISK,HIGH_04_DISPUTE
The payment date is still unresolved. This raises a serious concern about when the invoice will be settled. The customer has not established a credible near-term settlement plan.,HIGH_RISK,HIGH_01_NO_DATE
The payment is authorized and waiting for the transfer step. The payment is on track for settlement. The outstanding amount is expected to clear on schedule.,LOW_RISK,LOW_02_APPROVED
The funds are available and the transfer is ready. This is expected to happen on the agreed date. The current status supports a low-risk customer communication.,LOW_RISK,LOW_05_READY_TO_PAY
There is a temporary funding problem preventing immediate settlement. The customer is unable to promise a normal payment schedule. This case is not simply administrative; there is a genuine cash issue.,HIGH_RISK,HIGH_02_CASHFLOW
The custodian has confirmed the payment release window. The payment path is already approved. The customer has no reason to defer payment.,LOW_RISK,LOW_03_SCHEDULED
The funds are available and the transfer is ready. There is no delay indicated by the finance team. There is no sign that settlement will be deferred.,LOW_RISK,LOW_05_READY_TO_PAY
The invoice has been approved and positioned for release. The payment is on track for settlement. This should meet the original due date.,LOW_RISK,LOW_02_APPROVED
The payment is being delayed because of liquidity concerns. The invoice is at risk because the customer cannot confirm a repayment date. The risk of nonpayment is elevated until the situation changes.,HIGH_RISK,HIGH_02_CASHFLOW
"The invoice is undergoing internal review. The amount remains owed and the buyer is engaged. The invoice remains in play, but the date is still uncertain.",MEDIUM_RISK,MED_04_INTERNAL_REVIEW
There is currently no confirmed payment date. The account should be treated as highly uncertain until payment is verified. This is a meaningful nonpayment risk scenario.,HIGH_RISK,HIGH_01_NO_DATE
The customer has not provided a firm settlement date. The buyer has not provided the necessary assurance that the amount will be paid. There is no visible payment certainty at this point.,HIGH_RISK,HIGH_01_NO_DATE
The transfer is blocked because the customer is disputing the charge. The customer is effectively withholding funds until the issue is clarified. No payment can be expected until the dispute is addressed.,HIGH_RISK,HIGH_04_DISPUTE
The transfer is blocked because the customer is disputing the charge. The dispute introduces a real barrier to collection. The account appears to have material unresolved issues.,HIGH_RISK,HIGH_04_DISPUTE
The customer is forecasting a prolonged delay rather than a normal payment cycle. The customer has not offered a firm near-term date. The amount could remain unsettled for a meaningful stretch.,HIGH_RISK,HIGH_05_PROLONGED_DELAY
The transfer has been arranged and should go through promptly. The customer expects timely settlement. There is a clear payment plan in place.,LOW_RISK,LOW_03_SCHEDULED
"The payment has been queued but may take a little longer than usual. The payment is not cancelled, only deferred for a short period. The outstanding amount is still expected to be settled in the near term.",MEDIUM_RISK,MED_03_SHORT_DELAY
The customer has moved the invoice into the payment pipeline. This is expected to happen on the agreed date. There is no present risk of nonpayment.,LOW_RISK,LOW_05_READY_TO_PAY
Payment has been suspended pending further review. The customer has essentially paused the obligation. The invoice should be managed as a blocked account.,HIGH_RISK,HIGH_03_BLOCKED
The customer says the invoice is under dispute and therefore no payment will be made. The buyer may be unable to settle until the dispute is closed. This should be classified as high risk.,HIGH_RISK,HIGH_04_DISPUTE
The customer cannot commit to a payment date right now. There is a substantial chance that payment will move far beyond the original due date. The customer appears unable or unwilling to commit.,HIGH_RISK,HIGH_01_NO_DATE
"The customer has a temporary issue preventing immediate settlement. The issue seems temporary, but the payment may arrive later than anticipated. The customer remains engaged and has not closed the account.",MEDIUM_RISK,MED_06_TEMPORARY_ISSUE
The invoice is pending internal reconciliation. There may be a moderate postponement before release. The invoice is still considered recoverable.,MEDIUM_RISK,MED_02_RECONCILIATION
The account has already been credited. The agreement is satisfied in full. The customer has completed the requested transfer.,LOW_RISK,LOW_01_COMPLETE
The customer cannot proceed with the payment right now. The customer has essentially paused the obligation. The customer is not close to making a payment decision.,HIGH_RISK,HIGH_03_BLOCKED
We are expecting a short delay while the payment is processed. The customer expects payment to land within a few days. The customer appears willing to pay with a modest push-out.,MEDIUM_RISK,MED_03_SHORT_DELAY
"There is a current operational bottleneck affecting payment release. The payment path is still alive, though delayed. The payment event is delayed but not abandoned.",MEDIUM_RISK,MED_06_TEMPORARY_ISSUE
"The customer has not confirmed the payment date, only their intent to pay. The situation suggests a moderate payment risk rather than immediate default. A short extension is the most plausible outcome.",MEDIUM_RISK,MED_05_PENDING_BUT_REASONABLE
The customer cannot commit to a payment date right now. The account should be treated as highly uncertain until payment is verified. There is no visible payment certainty at this point.,HIGH_RISK,HIGH_01_NO_DATE
Everything is in place for the payment to be sent soon. The payment should reach the account without issue. There is a clear payment plan in place.,LOW_RISK,LOW_03_SCHEDULED
The finance team reports that the invoice is ready to pay. The current status suggests no special intervention is needed. The customer has not indicated any reason to postpone payment.,LOW_RISK,LOW_04_NO_BLOCKER
The customer expects to transfer the amount shortly. The customer expects timely settlement. The timing appears consistent with the prior agreement.,LOW_RISK,LOW_03_SCHEDULED
Everything is in place for the payment to be sent soon. The process is moving forward normally. This does not look like a default scenario.,LOW_RISK,LOW_03_SCHEDULED
The invoice is effectively stalled because the transfer has been blocked. The payment may not be possible until the blocking issue is resolved. The customer has not established a credible payment plan.,HIGH_RISK,HIGH_03_BLOCKED
The business is currently constrained by limited liquidity. The collection team should expect a difficult and delayed outcome. The customer is signaling real strain in meeting the obligation.,HIGH_RISK,HIGH_02_CASHFLOW
A review step is currently in progress before disbursement. The transfer is likely but the date remains flexible. The payment status should be reevaluated after the review finishes.,MEDIUM_RISK,MED_04_INTERNAL_REVIEW
The business is unable to state a dependable payment timeline. This suggests a serious risk of missed or delayed payment. The business is effectively signaling uncertainty about settlement.,HIGH_RISK,HIGH_06_FAILURE_TO_COMMIT
The invoice is ready to be paid. This is expected to happen on the agreed date. No special payment follow-up should be necessary.,LOW_RISK,LOW_05_READY_TO_PAY
The customer is matching documents before approval is granted. The process is moving forward but not yet final. The payment date is not fully fixed yet.,MEDIUM_RISK,MED_02_RECONCILIATION
Funds were released this morning. The customer has already satisfied the obligation. There is no current blocker on the account.,LOW_RISK,LOW_01_COMPLETE
The customer has confirmed that the funds were released. The case does not require any further follow-up. No late-payment risk is present.,LOW_RISK,LOW_06_CONFIRMED
The transfer will not be made within the current schedule. The outstanding amount is likely to remain open for a prolonged period. The payment could be pushed far beyond the original timeline.,HIGH_RISK,HIGH_05_PROLONGED_DELAY
Payment has been suspended pending further review. The payment may not be possible until the blocking issue is resolved. The customer has not established a credible payment plan.,HIGH_RISK,HIGH_03_BLOCKED
The payment team is still confirming the invoice details. The customer expects to settle once the review is complete. The customer still expects to settle once the review task is completed.,MEDIUM_RISK,MED_02_RECONCILIATION
Treasury has confirmed the invoice is ready to pay. The bank transfer is expected to go out on time. There is no indication of refusal or cancellation.,LOW_RISK,LOW_02_APPROVED
The customer is experiencing a short-term cash shortage. The collection team should expect a difficult and delayed outcome. This should be treated as a serious payment risk.,HIGH_RISK,HIGH_02_CASHFLOW
The customer expects to transfer the amount shortly. The transfer matches the agreed schedule. This does not look like a default scenario.,LOW_RISK,LOW_03_SCHEDULED
"The customer is dealing with a brief constraint that could shift the transfer. The payment path is still alive, though delayed. The payment might still happen, but not necessarily on the original date.",MEDIUM_RISK,MED_06_TEMPORARY_ISSUE
The invoice is currently contested and payment cannot proceed. The customer is effectively withholding funds until the issue is clarified. The relationship is currently strained and the amount may not be recovered quickly.,HIGH_RISK,HIGH_04_DISPUTE
The customer has not offered a credible commitment to settlement. The payment horizon remains highly uncertain. The invoice may remain unsettled for an extended period.,HIGH_RISK,HIGH_06_FAILURE_TO_COMMIT
The customer says the invoice is under dispute and therefore no payment will be made. The customer is not confirming any immediate payment timeline. The account appears to have material unresolved issues.,HIGH_RISK,HIGH_04_DISPUTE
The customer expects the payment to be delayed significantly beyond the original due date. The customer has signaled a materially worse payment outcome. The business is effectively saying the payment may be late for a long time.,HIGH_RISK,HIGH_05_PROLONGED_DELAY
Funds were released this morning. The payment status is confirmed. The due date is effectively resolved.,LOW_RISK,LOW_01_COMPLETE
There is a short-term obstacle affecting the payment process. The case is unresolved and should be followed closely. The payment event is delayed but not abandoned.,MEDIUM_RISK,MED_06_TEMPORARY_ISSUE
"The customer is experiencing a temporary issue that may affect payment timing. The customer has not canceled the invoice, only rescheduled the release. The situation requires a moderate-risk handling strategy.",MEDIUM_RISK,MED_06_TEMPORARY_ISSUE
The customer has confirmed the invoice is ready for settlement. The timing should remain stable. The customer is organized and prepared to pay.,LOW_RISK,LOW_05_READY_TO_PAY
Finance has approved the invoice for payment. The transfer will be processed as planned. The invoice is aligned with the existing payment plan.,LOW_RISK,LOW_02_APPROVED
"The customer is reviewing the invoice before release. The transfer is likely but the date remains flexible. This is a genuine delay risk, but not necessarily a total default.",MEDIUM_RISK,MED_04_INTERNAL_REVIEW
The payment is scheduled for tomorrow. The process is moving forward normally. Any delay would be limited to routine processing.,LOW_RISK,LOW_03_SCHEDULED
"The invoice is going through the standard internal review process. The transfer is likely but the date remains flexible. The customer has not refused payment, only slowed the process.",MEDIUM_RISK,MED_04_INTERNAL_REVIEW
Payment was executed and the transaction is complete. The invoice is no longer outstanding. The record should show that the invoice is paid.,LOW_RISK,LOW_06_CONFIRMED
The payment date is still unresolved. This raises a serious concern about when the invoice will be settled. The risk of a prolonged delay is high.,HIGH_RISK,HIGH_01_NO_DATE
Payment has been suspended pending further review. The payment path appears compromised. There is no immediate evidence of a viable recovery path.,HIGH_RISK,HIGH_03_BLOCKED
"The payment is being held for reconciliation. The invoice is still likely to be paid, but the timing is uncertain. The customer still expects to settle once the review task is completed.",MEDIUM_RISK,MED_02_RECONCILIATION
"The payment is still expected, but a temporary problem is slowing the process. The amount is still expected, but no fixed date has been confirmed. The payment event is delayed but not abandoned.",MEDIUM_RISK,MED_06_TEMPORARY_ISSUE
The payment is prepared and awaiting execution. The invoice is clean and ready for release. The current status supports a low-risk customer communication.,LOW_RISK,LOW_05_READY_TO_PAY
The transfer was successfully sent. No further action is required. The invoice should not require any additional follow-up.,LOW_RISK,LOW_01_COMPLETE
The invoice has already been paid in full. The invoice is no longer outstanding. The collection team can close the case.,LOW_RISK,LOW_06_CONFIRMED
The invoice is approved and there is no payment blocker. The current status suggests no special intervention is needed. The buyer appears willing and able to meet the obligation.,LOW_RISK,LOW_04_NO_BLOCKER
The customer disputes the invoice and will not release funds until the issue is resolved. The payment date remains uncertain and likely to move back significantly. The account appears to have material unresolved issues.,HIGH_RISK,HIGH_04_DISPUTE
The customer is facing a brief operational delay in payment execution. The delay is temporary and tied to current operations. The delay should not be interpreted as a complete nonpayment.,MEDIUM_RISK,MED_03_SHORT_DELAY
The customer is waiting on internal approval before payment can be released. The customer believes the invoice will eventually be paid. There is no indication that the invoice has been rejected.,MEDIUM_RISK,MED_01_APPROVAL_DELAY
"The invoice is under review and awaiting approval. The payment is likely to land within a short delay. The timeline may slip slightly, but the payment is still intended.",MEDIUM_RISK,MED_01_APPROVAL_DELAY
The customer expects to transfer the amount shortly. The payment should reach the account without issue. The customer has no reason to defer payment.,LOW_RISK,LOW_03_SCHEDULED
The funds are available and the transfer is ready. The timing should remain stable. The account is in a good position for settlement.,LOW_RISK,LOW_05_READY_TO_PAY
The invoice is queued for payment as agreed. The release is part of the regular payment cycle. The timing appears consistent with the prior agreement.,LOW_RISK,LOW_03_SCHEDULED
The invoice has already been paid in full. The invoice is no longer outstanding. No late-payment risk is present.,LOW_RISK,LOW_06_CONFIRMED
"The transfer is delayed by normal processing timing. The customer is not refusing the invoice, but timing may slip slightly. The account may show a short delay, but not a permanent issue.",MEDIUM_RISK,MED_03_SHORT_DELAY
The customer is waiting on internal approval before payment can be released. The payment remains possible but not yet locked in. The account is still expected to receive the funds shortly.,MEDIUM_RISK,MED_01_APPROVAL_DELAY
The payment is scheduled for tomorrow. The payment should reach the account without issue. Any delay would be limited to routine processing.,LOW_RISK,LOW_03_SCHEDULED
There is a temporary slowdown in the payment cycle. The customer is hopeful the invoice will be settled shortly. The invoice still has a realistic path to payment.,MEDIUM_RISK,MED_03_SHORT_DELAY
The transfer is blocked because the customer is disputing the charge. The buyer may be unable to settle until the dispute is closed. The account appears to have material unresolved issues.,HIGH_RISK,HIGH_04_DISPUTE
"The invoice is going through the standard internal review process. The terms are still being worked through. This is a genuine delay risk, but not necessarily a total default.",MEDIUM_RISK,MED_04_INTERNAL_REVIEW
The customer is finishing a reconciliation check before releasing funds. A brief delay is expected while the file is completed. This appears to be a temporary administrative delay.,MEDIUM_RISK,MED_02_RECONCILIATION
The invoice is still open and the release date has not been set. The invoice remains at risk because the customer has not committed to a date. There is no visible payment certainty at this point.,HIGH_RISK,HIGH_01_NO_DATE
The invoice is going through the standard internal review process. There is a moderate chance of delay while the review concludes. The risk profile is elevated compared with a fully settled invoice.,MEDIUM_RISK,MED_04_INTERNAL_REVIEW
The invoice is currently contested and payment cannot proceed. The invoice has become a high-risk collection matter. The customer is not acknowledging the invoice as payable.,HIGH_RISK,HIGH_04_DISPUTE
The payment team is still confirming the invoice details. There may be a moderate postponement before release. The payment is being worked through the normal operations flow.,MEDIUM_RISK,MED_02_RECONCILIATION
The payment status is unresolved but the customer is still communicating. The most likely outcome is payment after a short additional delay. The customer has not outright refused the invoice.,MEDIUM_RISK,MED_05_PENDING_BUT_REASONABLE
The customer is finishing a reconciliation check before releasing funds. The payment should occur after the outstanding administrative tasks are closed. The customer still expects to settle once the review task is completed.,MEDIUM_RISK,MED_02_RECONCILIATION
The customer has indicated that settlement will be much later than agreed. This is not a short process delay but an extended postponement. The invoice should be monitored as high risk.,HIGH_RISK,HIGH_05_PROLONGED_DELAY
Settlement is confirmed and the remittance has been posted. There are no outstanding payment issues. This matter is already settled from a payment perspective.,LOW_RISK,LOW_01_COMPLETE
"The customer is finishing a reconciliation check before releasing funds. The transfer is still on the roadmap but needs the paperwork to finish. We have not seen evidence of refusal, only a processing pause.",MEDIUM_RISK,MED_02_RECONCILIATION
The funds are available and the transfer is ready. There is no delay indicated by the finance team. The customer is organized and prepared to pay.,LOW_RISK,LOW_05_READY_TO_PAY
"The customer is experiencing a temporary issue that may affect payment timing. The customer has not canceled the invoice, only rescheduled the release. The payment might still happen, but not necessarily on the original date.",MEDIUM_RISK,MED_06_TEMPORARY_ISSUE
The customer is experiencing a short-term cash shortage. There is a strong likelihood that settlement will be late. The risk of nonpayment is elevated until the situation changes.,HIGH_RISK,HIGH_02_CASHFLOW
The customer is refusing payment while the invoice is being contested. The customer is effectively withholding funds until the issue is clarified. The financial outcome is uncertain and potentially adverse.,HIGH_RISK,HIGH_04_DISPUTE
The customer has not provided a firm settlement date. The invoice remains at risk because the customer has not committed to a date. The payment outcome is not yet dependable.,HIGH_RISK,HIGH_01_NO_DATE
The invoice is fully settled. The remittance advice has been delivered. The invoice should not require any additional follow-up.,LOW_RISK,LOW_01_COMPLETE
The customer is completing the internal sign-off needed for settlement. A small postponement is expected while approval completes. The customer confirms the payment is likely but not yet confirmed.,MEDIUM_RISK,MED_01_APPROVAL_DELAY
The customer has confirmed that the funds were released. The customer has met its payment obligation. The payment outcome is already confirmed.,LOW_RISK,LOW_06_CONFIRMED
Payment was executed and the transaction is complete. The customer has met its payment obligation. The customer appears fully current.,LOW_RISK,LOW_06_CONFIRMED
The payment is prepared and awaiting execution. The payment should clear without additional review. There is no sign that settlement will be deferred.,LOW_RISK,LOW_05_READY_TO_PAY
"The invoice is going through the standard internal review process. The expected outcome is still a payment, but the schedule is uncertain. This is a genuine delay risk, but not necessarily a total default.",MEDIUM_RISK,MED_04_INTERNAL_REVIEW
The payment is being held for reconciliation. The amount remains committed but needs the final approval stage. The invoice is still considered recoverable.,MEDIUM_RISK,MED_02_RECONCILIATION
The account is healthy and the outstanding amount is still on track. The current status suggests no special intervention is needed. This is a routine collection case with no material risk.,LOW_RISK,LOW_04_NO_BLOCKER
The buyer is not prepared to confirm when the invoice will be paid. The payment horizon remains highly uncertain. The likelihood of a prolonged delay remains high.,HIGH_RISK,HIGH_06_FAILURE_TO_COMMIT
We cannot confirm when the payment will be made. The buyer has not provided the necessary assurance that the amount will be paid. The customer appears unable or unwilling to commit.,HIGH_RISK,HIGH_01_NO_DATE
"The customer has a temporary issue preventing immediate settlement. The case is unresolved and should be followed closely. The payment might still happen, but not necessarily on the original date.",MEDIUM_RISK,MED_06_TEMPORARY_ISSUE
The transfer is delayed by normal processing timing. The delay is temporary and tied to current operations. The delay should not be interpreted as a complete nonpayment.,MEDIUM_RISK,MED_03_SHORT_DELAY
We have already made the payment. There is no pending payment action. The record should show that the invoice is paid.,LOW_RISK,LOW_06_CONFIRMED
The transfer was sent successfully. No additional cash collection effort is needed. The payment outcome is already confirmed.,LOW_RISK,LOW_06_CONFIRMED
The organization is not in a position to guarantee payment. The payment horizon remains highly uncertain. The customer is not giving enough assurance to classify this as low or medium risk.,HIGH_RISK,HIGH_06_FAILURE_TO_COMMIT
"The customer has not confirmed the payment date, only their intent to pay. A delayed release is likely, but the underlying contract remains active. A short extension is the most plausible outcome.",MEDIUM_RISK,MED_05_PENDING_BUT_REASONABLE
The customer is unwilling to pay until the dispute is resolved. The customer is not confirming any immediate payment timeline. The case may require dispute resolution before any cash movement occurs.,HIGH_RISK,HIGH_04_DISPUTE
The customer disputes the invoice and will not release funds until the issue is resolved. The customer is not confirming any immediate payment timeline. The relationship is currently strained and the amount may not be recovered quickly.,HIGH_RISK,HIGH_04_DISPUTE
The payment is paused due to a disagreement over the invoice details. The payment date remains uncertain and likely to move back significantly. This should be classified as high risk.,HIGH_RISK,HIGH_04_DISPUTE
The customer has confirmed the invoice and expects no delay. The funds are likely to be released within the agreed window. The payment plan remains on track.,LOW_RISK,LOW_04_NO_BLOCKER
Treasury has confirmed the invoice is ready to pay. Processing is underway and proceeds according to schedule. The invoice is aligned with the existing payment plan.,LOW_RISK,LOW_02_APPROVED
Payment has already been completed. The customer has already satisfied the obligation. The funds are already reflected in the account.,LOW_RISK,LOW_01_COMPLETE
The customer cannot provide a reliable payment commitment. A prolonged delay or nonpayment appears plausible. This should not be treated as a routine payment case.,HIGH_RISK,HIGH_06_FAILURE_TO_COMMIT
The payment is prepared and awaiting execution. The payment should clear without additional review. There is no present risk of nonpayment.,LOW_RISK,LOW_05_READY_TO_PAY
Payment has already been completed. The invoice is now closed. The payment activity has already been completed.,LOW_RISK,LOW_01_COMPLETE
The account currently lacks a trustworthy repayment plan. The customer has not demonstrated the ability to meet the invoice promptly. The likelihood of a prolonged delay remains high.,HIGH_RISK,HIGH_06_FAILURE_TO_COMMIT
Finance is verifying account details before processing the payment. A brief delay is expected while the file is completed. The delay is tied to internal confirmation rather than a hard repudiation.,MEDIUM_RISK,MED_02_RECONCILIATION
The customer has not given a dependable statement about when cash will move. The customer has not demonstrated the ability to meet the invoice promptly. The customer is not giving enough assurance to classify this as low or medium risk.,HIGH_RISK,HIGH_06_FAILURE_TO_COMMIT
There is a short-term obstacle affecting the payment process. The case is unresolved and should be followed closely. The situation requires a moderate-risk handling strategy.,MEDIUM_RISK,MED_06_TEMPORARY_ISSUE
The transfer is delayed until reconciliation is complete. The payment should occur after the outstanding administrative tasks are closed. The payment date is not fully fixed yet.,MEDIUM_RISK,MED_02_RECONCILIATION
The payment will likely come through after the current batch closes. The customer expects payment to land within a few days. There is not yet enough evidence to classify the account as high risk.,MEDIUM_RISK,MED_03_SHORT_DELAY
All review steps have been completed and the invoice is approved. The bank transfer is expected to go out on time. There is no sign of a payment problem.,LOW_RISK,LOW_02_APPROVED
The invoice is approved and there is no payment blocker. The customer has not raised any concerns. This should not impact the expected cash receipt timing.,LOW_RISK,LOW_04_NO_BLOCKER
"The payment was not completed yet, but the customer is still engaged. A delayed release is likely, but the underlying contract remains active. The amount should still be treated as recoverable but not yet settled.",MEDIUM_RISK,MED_05_PENDING_BUT_REASONABLE
The customer is prepared to complete the transfer without change. The payment should proceed normally. This should not impact the expected cash receipt timing.,LOW_RISK,LOW_04_NO_BLOCKER
The payment has been blocked. The customer has essentially paused the obligation. The customer has not established a credible payment plan.,HIGH_RISK,HIGH_03_BLOCKED
"There is a short-term obstacle affecting the payment process. The customer still intends to pay, but the date is not guaranteed yet. The customer is still in communication and wants to resolve the invoice.",MEDIUM_RISK,MED_06_TEMPORARY_ISSUE
The payment has been queued but may take a little longer than usual. The customer is hopeful the invoice will be settled shortly. The invoice still has a realistic path to payment.,MEDIUM_RISK,MED_03_SHORT_DELAY
"The payment is being held pending internal checks. The transfer is likely but the date remains flexible. The customer has not refused payment, only slowed the process.",MEDIUM_RISK,MED_04_INTERNAL_REVIEW
The invoice cannot be paid at this time. The case requires immediate follow-up and escalation. This is a high-risk nonpayment scenario.,HIGH_RISK,HIGH_03_BLOCKED
The buyer is not prepared to confirm when the invoice will be paid. The invoice should be considered at high risk until payment is actually received. The amount should be managed with a high-risk posture.,HIGH_RISK,HIGH_06_FAILURE_TO_COMMIT
The customer is unable to provide a reliable payment schedule. The customer may be unable to release the funds in the near term. The payment outcome is not yet dependable.,HIGH_RISK,HIGH_01_NO_DATE
The payment is being held pending internal checks. The transfer is likely but the date remains flexible. The payment status should be reevaluated after the review finishes.,MEDIUM_RISK,MED_04_INTERNAL_REVIEW
The transfer is delayed until reconciliation is complete. There may be a moderate postponement before release. The customer still expects to settle once the review task is completed.,MEDIUM_RISK,MED_02_RECONCILIATION
The transfer is delayed by normal processing timing. The amount remains due and the payment plan is still active. The customer appears willing to pay with a modest push-out.,MEDIUM_RISK,MED_03_SHORT_DELAY
There is a temporary funding problem preventing immediate settlement. The customer has not provided an immediate path to settlement. The invoice is being threatened by a real financial limitation.,HIGH_RISK,HIGH_02_CASHFLOW
The payment is being withheld because of a dispute. The customer is not confirming any immediate payment timeline. The outstanding invoice may remain unpaid for an extended period.,HIGH_RISK,HIGH_04_DISPUTE
The payment is outstanding but still expected. The buyer is aware of the obligation and is still working through it. The amount should still be treated as recoverable but not yet settled.,MEDIUM_RISK,MED_05_PENDING_BUT_REASONABLE
"The invoice is pending internal reconciliation. The invoice is still likely to be paid, but the timing is uncertain. The customer still expects to settle once the review task is completed.",MEDIUM_RISK,MED_02_RECONCILIATION
"A review step is currently in progress before disbursement. The case still looks recoverable, but the timing is not final. The invoice remains in play, but the date is still uncertain.",MEDIUM_RISK,MED_04_INTERNAL_REVIEW
The transfer was sent successfully. The outstanding balance is resolved. This should be treated as fully settled.,LOW_RISK,LOW_06_CONFIRMED
The invoice is ready to be paid. This is expected to happen on the agreed date. The account is in a good position for settlement.,LOW_RISK,LOW_05_READY_TO_PAY
Finance has approved the invoice for payment. The transfer will be processed as planned. The payment timing is considered normal.,LOW_RISK,LOW_02_APPROVED
The transaction has been approved and is in the release queue. The payment progression is on schedule. There is no sign that settlement will be deferred.,LOW_RISK,LOW_05_READY_TO_PAY
The customer has not offered a credible commitment to settlement. We should assume the account requires immediate attention. The invoice may remain unsettled for an extended period.,HIGH_RISK,HIGH_06_FAILURE_TO_COMMIT
The transfer is delayed until reconciliation is complete. There may be a moderate postponement before release. This appears to be a temporary administrative delay.,MEDIUM_RISK,MED_02_RECONCILIATION
The invoice is currently contested and payment cannot proceed. The dispute introduces a real barrier to collection. No payment can be expected until the dispute is addressed.,HIGH_RISK,HIGH_04_DISPUTE
The invoice is waiting on a reconciliation step. The amount remains committed but needs the final approval stage. The payment is being worked through the normal operations flow.,MEDIUM_RISK,MED_02_RECONCILIATION
"The finance team is still reviewing the invoice. There is a reasonable chance of a minor processing delay. The timeline may slip slightly, but the payment is still intended.",MEDIUM_RISK,MED_01_APPROVAL_DELAY
The company is currently constrained by cash-flow pressure. The customer has not provided an immediate path to settlement. The payment will likely be delayed until liquidity improves.,HIGH_RISK,HIGH_02_CASHFLOW
A final approval step is required before the payment can be sent. The release is pending but the situation is manageable. The delay appears to be procedural rather than financial.,MEDIUM_RISK,MED_01_APPROVAL_DELAY
The customer is finishing a reconciliation check before releasing funds. The process is moving forward but not yet final. This appears to be a temporary administrative delay.,MEDIUM_RISK,MED_02_RECONCILIATION
The payment is being held pending internal checks. The payment may move later than originally intended. A few more administrative steps are necessary before the payment can be released.,MEDIUM_RISK,MED_04_INTERNAL_REVIEW
The invoice is effectively stalled because the transfer has been blocked. The buyer is not able to provide a realistic payment date. A sustained delay appears likely.,HIGH_RISK,HIGH_03_BLOCKED
We have already made the payment. The customer has met its payment obligation. There is no unresolved payment issue in this case.,LOW_RISK,LOW_06_CONFIRMED
Settlement is confirmed and the remittance has been posted. There are no outstanding payment issues. The due date is effectively resolved.,LOW_RISK,LOW_01_COMPLETE
The customer has not given a dependable statement about when cash will move. We should assume the account requires immediate attention. The business is effectively signaling uncertainty about settlement.,HIGH_RISK,HIGH_06_FAILURE_TO_COMMIT
The customer has confirmed that the funds were released. There is no pending payment action. The record should show that the invoice is paid.,LOW_RISK,LOW_06_CONFIRMED
The transaction has been approved and is in the release queue. The payment progression is on schedule. The current status supports a low-risk customer communication.,LOW_RISK,LOW_05_READY_TO_PAY
The business is unable to state a dependable payment timeline. This suggests a serious risk of missed or delayed payment. The amount should be managed with a high-risk posture.,HIGH_RISK,HIGH_06_FAILURE_TO_COMMIT
The customer has confirmed the invoice and its payment is approved. The funds are scheduled to move according to the agreement. The payment timing is considered normal.,LOW_RISK,LOW_02_APPROVED
Funds were released this morning. The remittance advice has been delivered. There is no current blocker on the account.,LOW_RISK,LOW_01_COMPLETE
The transfer has been arranged and should go through promptly. No further approvals are presently blocking completion. This does not look like a default scenario.,LOW_RISK,LOW_03_SCHEDULED
The customer disputes the invoice and will not release funds until the issue is resolved. This indicates a significant risk of missed or prolonged payment. The relationship is currently strained and the amount may not be recovered quickly.,HIGH_RISK,HIGH_04_DISPUTE
The company is currently constrained by cash-flow pressure. The account likely needs a more urgent collection strategy. No reliable date can be given at this stage.,HIGH_RISK,HIGH_02_CASHFLOW
The customer expects the payment to be delayed significantly beyond the original due date. The outstanding amount is likely to remain open for a prolonged period. The customer is not demonstrating a credible near-term path to payment.,HIGH_RISK,HIGH_05_PROLONGED_DELAY
The payment is expected to arrive on the committed date. The scheduled transfer is already underway. We are not seeing a payment disruption at this time.,LOW_RISK,LOW_03_SCHEDULED
"The customer says the transfer will be made later than originally planned. The customer is not refusing the invoice, but timing may slip slightly. There is not yet enough evidence to classify the account as high risk.",MEDIUM_RISK,MED_03_SHORT_DELAY
The transfer has been put on hold. The customer has essentially paused the obligation. There is no immediate evidence of a viable recovery path.,HIGH_RISK,HIGH_03_BLOCKED
"The customer has a temporary issue preventing immediate settlement. The issue seems temporary, but the payment may arrive later than anticipated. The case should remain in watchlist status until release is confirmed.",MEDIUM_RISK,MED_06_TEMPORARY_ISSUE
The invoice is approved and there is no payment blocker. The customer has not raised any concerns. The payment plan remains on track.,LOW_RISK,LOW_04_NO_BLOCKER
The customer has not provided a firm settlement date. The customer may be unable to release the funds in the near term. The amount may not be collected on time.,HIGH_RISK,HIGH_01_NO_DATE
The payment is being held for reconciliation. There may be a moderate postponement before release. The invoice is still considered recoverable.,MEDIUM_RISK,MED_02_RECONCILIATION
"There is a current operational bottleneck affecting payment release. The issue seems temporary, but the payment may arrive later than anticipated. This is an operational delay rather than a full repudiation.",MEDIUM_RISK,MED_06_TEMPORARY_ISSUE
The customer has confirmed that the funds were released. The outstanding balance is resolved. The customer appears fully current.,LOW_RISK,LOW_06_CONFIRMED
The buyer is not prepared to confirm when the invoice will be paid. A prolonged delay or nonpayment appears plausible. The payment outcome is not dependable today.,HIGH_RISK,HIGH_06_FAILURE_TO_COMMIT
The payment has been blocked. The invoice is at serious risk of a major delay. This is a high-risk nonpayment scenario.,HIGH_RISK,HIGH_03_BLOCKED
"The payment is being held pending internal checks. The case still looks recoverable, but the timing is not final. The payment status should be reevaluated after the review finishes.",MEDIUM_RISK,MED_04_INTERNAL_REVIEW
The outstanding balance has been cleared. The payment status is confirmed. The invoice should not require any additional follow-up.,LOW_RISK,LOW_01_COMPLETE
The payment is being withheld because of a dispute. The customer is effectively withholding funds until the issue is clarified. No payment can be expected until the dispute is addressed.,HIGH_RISK,HIGH_04_DISPUTE
The customer is unable to provide a reliable payment schedule. There is a substantial chance that payment will move far beyond the original due date. The payment outcome is not yet dependable.,HIGH_RISK,HIGH_01_NO_DATE
The invoice is currently contested and payment cannot proceed. The dispute introduces a real barrier to collection. The relationship is currently strained and the amount may not be recovered quickly.,HIGH_RISK,HIGH_04_DISPUTE
The invoice has already been paid in full. The customer has met its payment obligation. The record should show that the invoice is paid.,LOW_RISK,LOW_06_CONFIRMED
The invoice is going through the standard internal review process. The terms are still being worked through. The account should be watched closely over the next few days.,MEDIUM_RISK,MED_04_INTERNAL_REVIEW
The invoice is under review and awaiting approval. The transfer should happen once the review step is finished. There is no indication that the invoice has been rejected.,MEDIUM_RISK,MED_01_APPROVAL_DELAY
There is a temporary funding problem preventing immediate settlement. The account likely needs a more urgent collection strategy. The customer is signaling real strain in meeting the obligation.,HIGH_RISK,HIGH_02_CASHFLOW
"The buyer says the payment will likely occur after a short disruption. The customer has not canceled the invoice, only rescheduled the release. The risk is meaningful but not yet acute.",MEDIUM_RISK,MED_06_TEMPORARY_ISSUE
The invoice is ready to be paid. The invoice is clean and ready for release. No special payment follow-up should be necessary.,LOW_RISK,LOW_05_READY_TO_PAY
The transaction has been approved and is in the release queue. The payment should clear without additional review. The customer is organized and prepared to pay.,LOW_RISK,LOW_05_READY_TO_PAY
The payment is expected to arrive on the committed date. The scheduled transfer is already underway. The payment commitment appears solid.,LOW_RISK,LOW_03_SCHEDULED
The payment is being held pending internal checks. There is a moderate chance of delay while the review concludes. The account should be watched closely over the next few days.,MEDIUM_RISK,MED_04_INTERNAL_REVIEW
"The payment team has not finalized the transfer yet. The customer has not indicated disruption, only continued review. The payment status should be reevaluated after the review finishes.",MEDIUM_RISK,MED_04_INTERNAL_REVIEW
The customer has confirmed that the funds were released. The transfer is complete and verified. The customer appears fully current.,LOW_RISK,LOW_06_CONFIRMED
There is nothing in the current state that would prevent settlement. The payment should proceed normally. There is no evidence of a temporary or prolonged delay.,LOW_RISK,LOW_04_NO_BLOCKER
The payment was completed on schedule. The transaction is fully reconciled. The funds are already reflected in the account.,LOW_RISK,LOW_01_COMPLETE
The transfer has been arranged and should go through promptly. The release is part of the regular payment cycle. This does not look like a default scenario.,LOW_RISK,LOW_03_SCHEDULED
"The invoice is undergoing internal review. The expected outcome is still a payment, but the schedule is uncertain. The customer has not refused payment, only slowed the process.",MEDIUM_RISK,MED_04_INTERNAL_REVIEW
The organization is not in a position to guarantee payment. The customer is not providing the level of confidence needed for low-risk treatment. The likelihood of a prolonged delay remains high.,HIGH_RISK,HIGH_06_FAILURE_TO_COMMIT
Payment has already been completed. No further action is required. This matter is already settled from a payment perspective.,LOW_RISK,LOW_01_COMPLETE
The customer cannot commit to a payment date right now. The buyer has not provided the necessary assurance that the amount will be paid. There is no visible payment certainty at this point.,HIGH_RISK,HIGH_01_NO_DATE
The customer has moved the invoice into the payment pipeline. The invoice is clean and ready for release. The account is in a good position for settlement.,LOW_RISK,LOW_05_READY_TO_PAY
"The invoice is going through the standard internal review process. The expected outcome is still a payment, but the schedule is uncertain. The risk profile is elevated compared with a fully settled invoice.",MEDIUM_RISK,MED_04_INTERNAL_REVIEW
Settlement is confirmed and the remittance has been posted. The agreement is satisfied in full. The customer has completed the requested transfer.,LOW_RISK,LOW_01_COMPLETE
The transfer has been put on hold. The customer has essentially paused the obligation. The risk of prolonged default is significant.,HIGH_RISK,HIGH_03_BLOCKED
Internal approval has already been secured. The bank transfer is expected to go out on time. The invoice is aligned with the existing payment plan.,LOW_RISK,LOW_02_APPROVED
The invoice is under review and awaiting approval. There is a reasonable chance of a minor processing delay. The payment should be visible once the administrative hold is cleared.,MEDIUM_RISK,MED_01_APPROVAL_DELAY
The payment team is still confirming the invoice details. The amount remains committed but needs the final approval stage. The invoice is still considered recoverable.,MEDIUM_RISK,MED_02_RECONCILIATION
"The customer says the transfer will be made later than originally planned. The customer is hopeful the invoice will be settled shortly. The account may show a short delay, but not a permanent issue.",MEDIUM_RISK,MED_03_SHORT_DELAY
The invoice will likely be paid only after an extended period. The customer has not offered a firm near-term date. The invoice should be monitored as high risk.,HIGH_RISK,HIGH_05_PROLONGED_DELAY
The customer has indicated that settlement will be much later than agreed. The chance of a timely collection is low in this scenario. The customer is not demonstrating a credible near-term path to payment.,HIGH_RISK,HIGH_05_PROLONGED_DELAY
The customer is unable to meet the normal settlement window and expects a major delay. The invoice should be treated as high risk until payment is actually received. This is materially worse than a routine administrative delay.,HIGH_RISK,HIGH_05_PROLONGED_DELAY
"The payment team has not finalized the transfer yet. The case still looks recoverable, but the timing is not final. The risk profile is elevated compared with a fully settled invoice.",MEDIUM_RISK,MED_04_INTERNAL_REVIEW
The customer cannot proceed with the payment right now. The invoice is at serious risk of a major delay. The customer is not close to making a payment decision.,HIGH_RISK,HIGH_03_BLOCKED
The customer disputes the invoice and will not release funds until the issue is resolved. The buyer may be unable to settle until the dispute is closed. The case may require dispute resolution before any cash movement occurs.,HIGH_RISK,HIGH_04_DISPUTE
"The payment is outstanding but still expected. A delayed release is likely, but the underlying contract remains active. There is still a credible path to payment.",MEDIUM_RISK,MED_05_PENDING_BUT_REASONABLE
We have already made the payment. The transfer is complete and verified. The account reflects a completed transaction.,LOW_RISK,LOW_06_CONFIRMED
The customer is experiencing a short-term cash shortage. The customer is unable to promise a normal payment schedule. The risk of nonpayment is elevated until the situation changes.,HIGH_RISK,HIGH_02_CASHFLOW
The settlement is already reflected in the account. The transfer is complete and verified. The account reflects a completed transaction.,LOW_RISK,LOW_06_CONFIRMED
The account is healthy and the outstanding amount is still on track. The invoice remains in good standing. The buyer appears willing and able to meet the obligation.,LOW_RISK,LOW_04_NO_BLOCKER
The business is currently constrained by limited liquidity. The customer has not provided an immediate path to settlement. The customer is signaling real strain in meeting the obligation.,HIGH_RISK,HIGH_02_CASHFLOW
The customer says they are still planning to pay. The account needs continued monitoring because the release date is not yet fixed. There is still a credible path to payment.,MEDIUM_RISK,MED_05_PENDING_BUT_REASONABLE
Funds are planned to be released this week. The transfer matches the agreed schedule. The customer has no reason to defer payment.,LOW_RISK,LOW_03_SCHEDULED
The payment is not facing any material obstacle. The invoice remains in good standing. The buyer appears willing and able to meet the obligation.,LOW_RISK,LOW_04_NO_BLOCKER
We are expecting a short delay while the payment is processed. The customer expects payment to land within a few days. There is not yet enough evidence to classify the account as high risk.,MEDIUM_RISK,MED_03_SHORT_DELAY
"The finance team is still reviewing the invoice. The payment is likely to land within a short delay. The timeline may slip slightly, but the payment is still intended.",MEDIUM_RISK,MED_01_APPROVAL_DELAY
The customer is unable to meet the normal settlement window and expects a major delay. The customer has signaled a materially worse payment outcome. The collection team should plan for significant delay and limited immediate recovery.,HIGH_RISK,HIGH_05_PROLONGED_DELAY
The customer is unable to meet the normal settlement window and expects a major delay. The account should be elevated because the delay is substantial. The amount could remain unsettled for a meaningful stretch.,HIGH_RISK,HIGH_05_PROLONGED_DELAY
"The amount remains due and the customer has not closed the file. The buyer is aware of the obligation and is still working through it. The buyer is engaged, but the payment date remains provisional.",MEDIUM_RISK,MED_05_PENDING_BUT_REASONABLE
"The invoice remains open, and the buyer has not yet finalized the transfer. The most likely outcome is payment after a short additional delay. There is still a credible path to payment.",MEDIUM_RISK,MED_05_PENDING_BUT_REASONABLE
We cannot confirm when the payment will be made. This raises a serious concern about when the invoice will be settled. The amount may not be collected on time.,HIGH_RISK,HIGH_01_NO_DATE
The payment is scheduled for tomorrow. No further approvals are presently blocking completion. There is a clear payment plan in place.,LOW_RISK,LOW_03_SCHEDULED
The account currently lacks a trustworthy repayment plan. The customer has not demonstrated the ability to meet the invoice promptly. The business is effectively signaling uncertainty about settlement.,HIGH_RISK,HIGH_06_FAILURE_TO_COMMIT
The invoice is pending internal reconciliation. The customer expects to settle once the review is complete. The invoice is still considered recoverable.,MEDIUM_RISK,MED_02_RECONCILIATION
The customer is still verifying the invoice details before payment. The amount remains owed and the buyer is engaged. A few more administrative steps are necessary before the payment can be released.,MEDIUM_RISK,MED_04_INTERNAL_REVIEW
The customer has confirmed the invoice and expects no delay. The customer has not raised any concerns. The invoice should be treated as low-risk from a payment standpoint.,LOW_RISK,LOW_04_NO_BLOCKER
The payment is not proceeding because the customer is unable to release funds. The amount is not currently in motion. The customer is not close to making a payment decision.,HIGH_RISK,HIGH_03_BLOCKED
The customer is unwilling to pay until the dispute is resolved. This indicates a significant risk of missed or prolonged payment. The outstanding invoice may remain unpaid for an extended period.,HIGH_RISK,HIGH_04_DISPUTE
The invoice is currently contested and payment cannot proceed. This indicates a significant risk of missed or prolonged payment. This should be classified as high risk.,HIGH_RISK,HIGH_04_DISPUTE
The business is currently constrained by limited liquidity. There is a strong likelihood that settlement will be late. The risk of nonpayment is elevated until the situation changes.,HIGH_RISK,HIGH_02_CASHFLOW
Finance is verifying account details before processing the payment. The transfer is still on the roadmap but needs the paperwork to finish. The invoice is still considered recoverable.,MEDIUM_RISK,MED_02_RECONCILIATION
The invoice will likely be paid only after an extended period. The customer has not offered a firm near-term date. The payment could be pushed far beyond the original timeline.,HIGH_RISK,HIGH_05_PROLONGED_DELAY
The transfer was sent successfully. The invoice is no longer outstanding. The customer appears fully current.,LOW_RISK,LOW_06_CONFIRMED
"The payment was not completed yet, but the customer is still engaged. The invoice remains payable, just not yet confirmed in cash. The buyer is engaged, but the payment date remains provisional.",MEDIUM_RISK,MED_05_PENDING_BUT_REASONABLE
The payment timing remains uncertain. There is a substantial chance that payment will move far beyond the original due date. The payment outcome is not yet dependable.,HIGH_RISK,HIGH_01_NO_DATE
"The invoice has been flagged for additional approval checks. The timing may shift by a few business days. The timeline may slip slightly, but the payment is still intended.",MEDIUM_RISK,MED_01_APPROVAL_DELAY
"A final approval step is required before the payment can be sent. A small postponement is expected while approval completes. The invoice is not canceled, only waiting on internal completion.",MEDIUM_RISK,MED_01_APPROVAL_DELAY
The customer is forecasting a prolonged delay rather than a normal payment cycle. The account should be elevated because the delay is substantial. No immediate recovery should be assumed.,HIGH_RISK,HIGH_05_PROLONGED_DELAY
The customer is completing the internal sign-off needed for settlement. The timing may shift by a few business days. The delay appears to be procedural rather than financial.,MEDIUM_RISK,MED_01_APPROVAL_DELAY
"The customer has not confirmed the payment date, only their intent to pay. The account needs continued monitoring because the release date is not yet fixed. The current information supports caution rather than escalation.",MEDIUM_RISK,MED_05_PENDING_BUT_REASONABLE
The invoice is fully settled. The invoice is now closed. The funds are already reflected in the account.,LOW_RISK,LOW_01_COMPLETE
The transfer will not be made within the current schedule. This is not a short process delay but an extended postponement. The payment could be pushed far beyond the original timeline.,HIGH_RISK,HIGH_05_PROLONGED_DELAY
There is nothing in the current state that would prevent settlement. The customer has not raised any concerns. This is a routine collection case with no material risk.,LOW_RISK,LOW_04_NO_BLOCKER
The payment will likely come through after the current batch closes. The payment is still intended and should come through soon. The situation is manageable but needs close monitoring.,MEDIUM_RISK,MED_03_SHORT_DELAY
The funds are available and the transfer is ready. The invoice is clean and ready for release. The account is in a good position for settlement.,LOW_RISK,LOW_05_READY_TO_PAY
Finance is verifying account details before processing the payment. The transfer is still on the roadmap but needs the paperwork to finish. The delay is tied to internal confirmation rather than a hard repudiation.,MEDIUM_RISK,MED_02_RECONCILIATION
Payment was executed and the transaction is complete. The invoice is no longer outstanding. No late-payment risk is present.,LOW_RISK,LOW_06_CONFIRMED
The customer expects to transfer the amount shortly. The payment path is already approved. Any delay would be limited to routine processing.,LOW_RISK,LOW_03_SCHEDULED
The finance team reports that the invoice is ready to pay. The invoice remains in good standing. This is a routine collection case with no material risk.,LOW_RISK,LOW_04_NO_BLOCKER
The invoice is under review and awaiting approval. The payment is likely to land within a short delay. The delay appears to be procedural rather than financial.,MEDIUM_RISK,MED_01_APPROVAL_DELAY
The invoice is under review and awaiting approval. The transfer should happen once the review step is finished. The customer confirms the payment is likely but not yet confirmed.,MEDIUM_RISK,MED_01_APPROVAL_DELAY
There are currently no issues preventing payment. There is no sign of disruption in the payment workflow. The customer has not indicated any reason to postpone payment.,LOW_RISK,LOW_04_NO_BLOCKER
The account is healthy and the outstanding amount is still on track. The customer has not raised any concerns. The payment plan remains on track.,LOW_RISK,LOW_04_NO_BLOCKER
The organization is not in a position to guarantee payment. The invoice should be considered at high risk until payment is actually received. The amount should be managed with a high-risk posture.,HIGH_RISK,HIGH_06_FAILURE_TO_COMMIT
"The payment was not completed yet, but the customer is still engaged. The buyer is aware of the obligation and is still working through it. The case looks moderate rather than severe.",MEDIUM_RISK,MED_05_PENDING_BUT_REASONABLE
The invoice has been flagged for additional approval checks. The customer believes the invoice will eventually be paid. The payment should be visible once the administrative hold is cleared.,MEDIUM_RISK,MED_01_APPROVAL_DELAY
"There is a short-term obstacle affecting the payment process. The issue seems temporary, but the payment may arrive later than anticipated. The situation requires a moderate-risk handling strategy.",MEDIUM_RISK,MED_06_TEMPORARY_ISSUE
The customer is waiting on internal approval before payment can be released. The release is pending but the situation is manageable. The customer confirms the payment is likely but not yet confirmed.,MEDIUM_RISK,MED_01_APPROVAL_DELAY
The invoice is facing a serious schedule extension. The invoice should be treated as high risk until payment is actually received. The collection team should plan for significant delay and limited immediate recovery.,HIGH_RISK,HIGH_05_PROLONGED_DELAY
The transfer was successfully sent. The customer has already satisfied the obligation. The funds are already reflected in the account.,LOW_RISK,LOW_01_COMPLETE
Treasury confirms the account can send the payment now. There is no delay indicated by the finance team. There is no present risk of nonpayment.,LOW_RISK,LOW_05_READY_TO_PAY
The customer is forecasting a prolonged delay rather than a normal payment cycle. The account should be elevated because the delay is substantial. The customer is not demonstrating a credible near-term path to payment.,HIGH_RISK,HIGH_05_PROLONGED_DELAY
"The customer is dealing with a brief constraint that could shift the transfer. The payment path is still alive, though delayed. The payment event is delayed but not abandoned.",MEDIUM_RISK,MED_06_TEMPORARY_ISSUE
The payment is not yet approved but is moving through the internal process. The customer believes the invoice will eventually be paid. There is no indication that the invoice has been rejected.,MEDIUM_RISK,MED_01_APPROVAL_DELAY
"The invoice remains open, and the buyer has not yet finalized the transfer. The invoice remains payable, just not yet confirmed in cash. The buyer is engaged, but the payment date remains provisional.",MEDIUM_RISK,MED_05_PENDING_BUT_REASONABLE
The transfer was sent successfully. The invoice is no longer outstanding. The record should show that the invoice is paid.,LOW_RISK,LOW_06_CONFIRMED
Settlement is confirmed and the remittance has been posted. The customer has already satisfied the obligation. The payment activity has already been completed.,LOW_RISK,LOW_01_COMPLETE
The account is healthy and the outstanding amount is still on track. The payment timing is considered routine. The payment plan remains on track.,LOW_RISK,LOW_04_NO_BLOCKER
The invoice is facing a serious schedule extension. The account should be elevated because the delay is substantial. The invoice should be monitored as high risk.,HIGH_RISK,HIGH_05_PROLONGED_DELAY
The customer is forecasting a prolonged delay rather than a normal payment cycle. The customer has not offered a firm near-term date. The collection team should plan for significant delay and limited immediate recovery.,HIGH_RISK,HIGH_05_PROLONGED_DELAY
The buyer is not prepared to confirm when the invoice will be paid. A prolonged delay or nonpayment appears plausible. The business is effectively signaling uncertainty about settlement.,HIGH_RISK,HIGH_06_FAILURE_TO_COMMIT
The invoice is approved and there is no payment blocker. The payment should proceed normally. The payment plan remains on track.,LOW_RISK,LOW_04_NO_BLOCKER
Everything is in place for the payment to be sent soon. The process is moving forward normally. Any delay would be limited to routine processing.,LOW_RISK,LOW_03_SCHEDULED
The customer has confirmed the invoice and its payment is approved. Processing is underway and proceeds according to schedule. There is no sign of a payment problem.,LOW_RISK,LOW_02_APPROVED
Settlement is confirmed and the remittance has been posted. The invoice is now closed. The due date is effectively resolved.,LOW_RISK,LOW_01_COMPLETE
"The finance team is still reviewing the invoice. The timing may shift by a few business days. The invoice is not canceled, only waiting on internal completion.",MEDIUM_RISK,MED_01_APPROVAL_DELAY
This invoice was paid and the remittance has been completed. The case does not require any further follow-up. The customer appears fully current.,LOW_RISK,LOW_06_CONFIRMED
The customer has moved the invoice into the payment pipeline. The timing should remain stable. There is no present risk of nonpayment.,LOW_RISK,LOW_05_READY_TO_PAY
The invoice is waiting on a reconciliation step. There may be a moderate postponement before release. The payment date is not fully fixed yet.,MEDIUM_RISK,MED_02_RECONCILIATION
The invoice has been flagged for additional approval checks. The payment is likely to land within a short delay. The account is still expected to receive the funds shortly.,MEDIUM_RISK,MED_01_APPROVAL_DELAY
The outstanding balance has been cleared. The invoice is now closed. The customer has completed the requested transfer.,LOW_RISK,LOW_01_COMPLETE
"The payment is being held pending internal checks. The expected outcome is still a payment, but the schedule is uncertain. The invoice remains in play, but the date is still uncertain.",MEDIUM_RISK,MED_04_INTERNAL_REVIEW
Payment has been suspended pending further review. The customer has essentially paused the obligation. This situation warrants urgent commercial action.,HIGH_RISK,HIGH_03_BLOCKED
The payment is being withheld because of a dispute. The buyer may be unable to settle until the dispute is closed. The customer is not acknowledging the invoice as payable.,HIGH_RISK,HIGH_04_DISPUTE
The payment is not yet approved but is moving through the internal process. The timing may shift by a few business days. The customer confirms the payment is likely but not yet confirmed.,MEDIUM_RISK,MED_01_APPROVAL_DELAY
The transfer was sent successfully. The invoice is no longer outstanding. The account reflects a completed transaction.,LOW_RISK,LOW_06_CONFIRMED
The customer has confirmed the invoice is ready for settlement. The timing should remain stable. The invoice should be processed without issue.,LOW_RISK,LOW_05_READY_TO_PAY
"The invoice is still pending a release decision. The buyer is aware of the obligation and is still working through it. The buyer is engaged, but the payment date remains provisional.",MEDIUM_RISK,MED_05_PENDING_BUT_REASONABLE
The transfer has been put on hold. The buyer is not able to provide a realistic payment date. The invoice should be managed as a blocked account.,HIGH_RISK,HIGH_03_BLOCKED
The customer cannot proceed with the payment right now. The customer has essentially paused the obligation. There is no immediate evidence of a viable recovery path.,HIGH_RISK,HIGH_03_BLOCKED
The customer is experiencing a short-term cash shortage. The customer has not provided an immediate path to settlement. No reliable date can be given at this stage.,HIGH_RISK,HIGH_02_CASHFLOW
The customer is completing the internal sign-off needed for settlement. There is a reasonable chance of a minor processing delay. The delay appears to be procedural rather than financial.,MEDIUM_RISK,MED_01_APPROVAL_DELAY
The finance team reports that the invoice is ready to pay. The customer has not raised any concerns. There is no evidence of a temporary or prolonged delay.,LOW_RISK,LOW_04_NO_BLOCKER
The account has already been credited. No further action is required. This matter is already settled from a payment perspective.,LOW_RISK,LOW_01_COMPLETE
We have already made the payment. There is no pending payment action. The payment outcome is already confirmed.,LOW_RISK,LOW_06_CONFIRMED
The invoice is still open and the release date has not been set. The customer may be unable to release the funds in the near term. The customer appears unable or unwilling to commit.,HIGH_RISK,HIGH_01_NO_DATE
"The customer is dealing with a brief constraint that could shift the transfer. The customer still intends to pay, but the date is not guaranteed yet. The case should remain in watchlist status until release is confirmed.",MEDIUM_RISK,MED_06_TEMPORARY_ISSUE
The customer has confirmed that the funds were released. There is no pending payment action. The payment outcome is already confirmed.,LOW_RISK,LOW_06_CONFIRMED
The invoice is under review and awaiting approval. The payment remains possible but not yet locked in. The delay appears to be procedural rather than financial.,MEDIUM_RISK,MED_01_APPROVAL_DELAY
"The invoice is waiting on a reconciliation step. The transfer is still on the roadmap but needs the paperwork to finish. The likely outcome is eventual payment, but the exact date is still pending.",MEDIUM_RISK,MED_02_RECONCILIATION
The customer disputes the invoice and will not release funds until the issue is resolved. The customer is not confirming any immediate payment timeline. The account appears to have material unresolved issues.,HIGH_RISK,HIGH_04_DISPUTE
"The buyer says the payment will likely occur after a short disruption. The payment path is still alive, though delayed. The payment might still happen, but not necessarily on the original date.",MEDIUM_RISK,MED_06_TEMPORARY_ISSUE
This invoice was paid and the remittance has been completed. There is no pending payment action. The record should show that the invoice is paid.,LOW_RISK,LOW_06_CONFIRMED
The payment is scheduled for tomorrow. The payment should reach the account without issue. The customer has no reason to defer payment.,LOW_RISK,LOW_03_SCHEDULED
The payment is paused due to a disagreement over the invoice details. The buyer may be unable to settle until the dispute is closed. The customer is not acknowledging the invoice as payable.,HIGH_RISK,HIGH_04_DISPUTE
The transfer has been put on hold. The customer has essentially paused the obligation. A sustained delay appears likely.,HIGH_RISK,HIGH_03_BLOCKED
The invoice is fully settled. The remittance advice has been delivered. This matter is already settled from a payment perspective.,LOW_RISK,LOW_01_COMPLETE
The customer has moved the invoice into the payment pipeline. The invoice is clean and ready for release. No special payment follow-up should be necessary.,LOW_RISK,LOW_05_READY_TO_PAY
The outstanding balance has been cleared. The customer has already satisfied the obligation. The due date is effectively resolved.,LOW_RISK,LOW_01_COMPLETE
The customer is unable to meet the normal settlement window and expects a major delay. The outstanding amount is likely to remain open for a prolonged period. The customer is not demonstrating a credible near-term path to payment.,HIGH_RISK,HIGH_05_PROLONGED_DELAY
The finance team reports that the invoice is ready to pay. The customer has not raised any concerns. This should not impact the expected cash receipt timing.,LOW_RISK,LOW_04_NO_BLOCKER
The invoice is effectively stalled because the transfer has been blocked. The buyer is not able to provide a realistic payment date. This situation warrants urgent commercial action.,HIGH_RISK,HIGH_03_BLOCKED
Payment was executed and the transaction is complete. The case does not require any further follow-up. The collection team can close the case.,LOW_RISK,LOW_06_CONFIRMED
"The customer is experiencing a temporary issue that may affect payment timing. The amount is still expected, but no fixed date has been confirmed. The situation requires a moderate-risk handling strategy.",MEDIUM_RISK,MED_06_TEMPORARY_ISSUE
"The customer is dealing with a brief constraint that could shift the transfer. The amount is still expected, but no fixed date has been confirmed. The customer is still in communication and wants to resolve the invoice.",MEDIUM_RISK,MED_06_TEMPORARY_ISSUE
The customer has confirmed the invoice and expects no delay. The payment should proceed normally. The invoice should be treated as low-risk from a payment standpoint.,LOW_RISK,LOW_04_NO_BLOCKER
"The invoice remains open, and the buyer has not yet finalized the transfer. The account needs continued monitoring because the release date is not yet fixed. A short extension is the most plausible outcome.",MEDIUM_RISK,MED_05_PENDING_BUT_REASONABLE
The account currently lacks a trustworthy repayment plan. The payment horizon remains highly uncertain. The invoice may remain unsettled for an extended period.,HIGH_RISK,HIGH_06_FAILURE_TO_COMMIT
All review steps have been completed and the invoice is approved. The bank transfer is expected to go out on time. The payment timing is considered normal.,LOW_RISK,LOW_02_APPROVED
Payment can be released immediately. This is expected to happen on the agreed date. The invoice should be processed without issue.,LOW_RISK,LOW_05_READY_TO_PAY
We are expecting a short delay while the payment is processed. The payment is still intended and should come through soon. The outstanding amount is still expected to be settled in the near term.,MEDIUM_RISK,MED_03_SHORT_DELAY
The payment is paused due to a disagreement over the invoice details. The invoice has become a high-risk collection matter. The relationship is currently strained and the amount may not be recovered quickly.,HIGH_RISK,HIGH_04_DISPUTE
The invoice is fully settled. The customer has already satisfied the obligation. No payment disruption is expected.,LOW_RISK,LOW_01_COMPLETE
The payment status is unresolved but the customer is still communicating. Settlement still appears possible if the internal process moves smoothly. The customer has not outright refused the invoice.,MEDIUM_RISK,MED_05_PENDING_BUT_REASONABLE
The invoice is approved and there is no payment blocker. There is no sign of disruption in the payment workflow. The outstanding amount is still expected to be resolved on time.,LOW_RISK,LOW_04_NO_BLOCKER
The buyer is not prepared to confirm when the invoice will be paid. This suggests a serious risk of missed or delayed payment. The business is effectively signaling uncertainty about settlement.,HIGH_RISK,HIGH_06_FAILURE_TO_COMMIT
"We are expecting a short delay while the payment is processed. The customer is hopeful the invoice will be settled shortly. The customer has not rejected the invoice, only shifted the timing.",MEDIUM_RISK,MED_03_SHORT_DELAY
The customer has confirmed the invoice and expects no delay. The transaction is expected to clear as scheduled. There is no evidence of a temporary or prolonged delay.,LOW_RISK,LOW_04_NO_BLOCKER
The account currently lacks a trustworthy repayment plan. The obligation is not being honored with enough clarity or certainty. The likelihood of a prolonged delay remains high.,HIGH_RISK,HIGH_06_FAILURE_TO_COMMIT
"The payment was not completed yet, but the customer is still engaged. Settlement still appears possible if the internal process moves smoothly. The current information supports caution rather than escalation.",MEDIUM_RISK,MED_05_PENDING_BUT_REASONABLE
"The customer is dealing with a brief constraint that could shift the transfer. The issue seems temporary, but the payment may arrive later than anticipated. The situation requires a moderate-risk handling strategy.",MEDIUM_RISK,MED_06_TEMPORARY_ISSUE
The invoice is still open and the release date has not been set. The customer may be unable to release the funds in the near term. This is a meaningful nonpayment risk scenario.,HIGH_RISK,HIGH_01_NO_DATE
The account has already been credited. There are no outstanding payment issues. No payment disruption is expected.,LOW_RISK,LOW_01_COMPLETE
The customer has not offered a credible commitment to settlement. The payment horizon remains highly uncertain. The current communication is insufficient to support a strong recovery expectation.,HIGH_RISK,HIGH_06_FAILURE_TO_COMMIT
We cannot confirm when the payment will be made. There is a substantial chance that payment will move far beyond the original due date. There is no visible payment certainty at this point.,HIGH_RISK,HIGH_01_NO_DATE
The invoice has already been paid in full. The customer has met its payment obligation. The customer appears fully current.,LOW_RISK,LOW_06_CONFIRMED
The customer has not offered a credible commitment to settlement. The obligation is not being honored with enough clarity or certainty. The amount should be managed with a high-risk posture.,HIGH_RISK,HIGH_06_FAILURE_TO_COMMIT
The invoice has been approved and positioned for release. The transfer will be processed as planned. The payment timing is considered normal.,LOW_RISK,LOW_02_APPROVED
A final approval step is required before the payment can be sent. The customer believes the invoice will eventually be paid. The customer expects to meet the obligation after the approval process.,MEDIUM_RISK,MED_01_APPROVAL_DELAY
The payment is not yet approved but is moving through the internal process. The transfer should happen once the review step is finished. The payment should be visible once the administrative hold is cleared.,MEDIUM_RISK,MED_01_APPROVAL_DELAY
The payment is prepared and awaiting execution. The timing should remain stable. There is no sign that settlement will be deferred.,LOW_RISK,LOW_05_READY_TO_PAY
The payment is not facing any material obstacle. The transaction is expected to clear as scheduled. This is a routine collection case with no material risk.,LOW_RISK,LOW_04_NO_BLOCKER
Finance has approved the invoice for payment. The funds are scheduled to move according to the agreement. There is no indication of refusal or cancellation.,LOW_RISK,LOW_02_APPROVED
Internal approval has already been secured. The transfer will be processed as planned. There is no indication of refusal or cancellation.,LOW_RISK,LOW_02_APPROVED
The payment is being withheld because of a dispute. This indicates a significant risk of missed or prolonged payment. The relationship is currently strained and the amount may not be recovered quickly.,HIGH_RISK,HIGH_04_DISPUTE
The buyer is not prepared to confirm when the invoice will be paid. The payment horizon remains highly uncertain. The customer is not giving enough assurance to classify this as low or medium risk.,HIGH_RISK,HIGH_06_FAILURE_TO_COMMIT
"The invoice has been flagged for additional approval checks. There is a reasonable chance of a minor processing delay. The invoice is not canceled, only waiting on internal completion.",MEDIUM_RISK,MED_01_APPROVAL_DELAY
The customer cannot provide a reliable payment commitment. We should assume the account requires immediate attention. This should not be treated as a routine payment case.,HIGH_RISK,HIGH_06_FAILURE_TO_COMMIT
The customer has not offered a credible commitment to settlement. The payment horizon remains highly uncertain. The likelihood of a prolonged delay remains high.,HIGH_RISK,HIGH_06_FAILURE_TO_COMMIT
The payment is being withheld because of a dispute. This indicates a significant risk of missed or prolonged payment. The account appears to have material unresolved issues.,HIGH_RISK,HIGH_04_DISPUTE
The invoice has been flagged for additional approval checks. The transfer should happen once the review step is finished. The customer expects to meet the obligation after the approval process.,MEDIUM_RISK,MED_01_APPROVAL_DELAY
The customer is unwilling to pay until the dispute is resolved. This indicates a significant risk of missed or prolonged payment. The financial outcome is uncertain and potentially adverse.,HIGH_RISK,HIGH_04_DISPUTE
We are facing a temporary liquidity problem. The customer has not provided an immediate path to settlement. No reliable date can be given at this stage.,HIGH_RISK,HIGH_02_CASHFLOW
"The invoice is waiting on a reconciliation step. There may be a moderate postponement before release. The likely outcome is eventual payment, but the exact date is still pending.",MEDIUM_RISK,MED_02_RECONCILIATION
Payment has already been completed. No further action is required. No payment disruption is expected.,LOW_RISK,LOW_01_COMPLETE
The account currently lacks a trustworthy repayment plan. This suggests a serious risk of missed or delayed payment. This should not be treated as a routine payment case.,HIGH_RISK,HIGH_06_FAILURE_TO_COMMIT
There is nothing in the current state that would prevent settlement. The invoice remains in good standing. This is a routine collection case with no material risk.,LOW_RISK,LOW_04_NO_BLOCKER
The finance team reports that the invoice is ready to pay. The payment timing is considered routine. The payment plan remains on track.,LOW_RISK,LOW_04_NO_BLOCKER
The customer is forecasting a prolonged delay rather than a normal payment cycle. The expected cash timing is far outside the normal expectation. No immediate recovery should be assumed.,HIGH_RISK,HIGH_05_PROLONGED_DELAY
The payment is likely to slip well beyond the due date. This is not a short process delay but an extended postponement. The invoice should be monitored as high risk.,HIGH_RISK,HIGH_05_PROLONGED_DELAY
"The payment is being held pending internal checks. There is a moderate chance of delay while the review concludes. The invoice remains in play, but the date is still uncertain.",MEDIUM_RISK,MED_04_INTERNAL_REVIEW
The invoice has already been paid in full. The case does not require any further follow-up. No late-payment risk is present.,LOW_RISK,LOW_06_CONFIRMED
Payment has been suspended pending further review. The amount is not currently in motion. This situation warrants urgent commercial action.,HIGH_RISK,HIGH_03_BLOCKED
The funds are available and the transfer is ready. The release is a straightforward part of the normal process. The invoice should be processed without issue.,LOW_RISK,LOW_05_READY_TO_PAY
Finance has approved the invoice for payment. The payment has been routed for execution. The account is expected to reflect the transfer soon.,LOW_RISK,LOW_02_APPROVED
The customer cannot commit to a payment date right now. The customer may be unable to release the funds in the near term. The amount may not be collected on time.,HIGH_RISK,HIGH_01_NO_DATE
The amount remains due and the customer has not closed the file. Settlement still appears possible if the internal process moves smoothly. The case looks moderate rather than severe.,MEDIUM_RISK,MED_05_PENDING_BUT_REASONABLE
The customer says the invoice is under dispute and therefore no payment will be made. The customer is effectively withholding funds until the issue is clarified. The relationship is currently strained and the amount may not be recovered quickly.,HIGH_RISK,HIGH_04_DISPUTE
The customer cannot confirm whether the invoice will be paid on time. The payment horizon remains highly uncertain. The payment outcome is not dependable today.,HIGH_RISK,HIGH_06_FAILURE_TO_COMMIT
The customer is dealing with a cash-flow issue that is affecting payment. The account likely needs a more urgent collection strategy. The cash-flow disruption may result in a prolonged delay.,HIGH_RISK,HIGH_02_CASHFLOW
The invoice is still open and the release date has not been set. The situation should be treated as serious until the cash movement is confirmed. The customer has not established a credible near-term settlement plan.,HIGH_RISK,HIGH_01_NO_DATE
"The invoice remains open, and the buyer has not yet finalized the transfer. The account needs continued monitoring because the release date is not yet fixed. The buyer is engaged, but the payment date remains provisional.",MEDIUM_RISK,MED_05_PENDING_BUT_REASONABLE
"The customer is waiting on internal approval before payment can be released. The transfer should happen once the review step is finished. The timeline may slip slightly, but the payment is still intended.",MEDIUM_RISK,MED_01_APPROVAL_DELAY
The customer expects to transfer the amount shortly. The customer expects timely settlement. The payment commitment appears solid.,LOW_RISK,LOW_03_SCHEDULED
The transfer was sent successfully. The invoice is no longer outstanding. The collection team can close the case.,LOW_RISK,LOW_06_CONFIRMED
The customer cannot provide a reliable payment commitment. The customer has not demonstrated the ability to meet the invoice promptly. The invoice may remain unsettled for an extended period.,HIGH_RISK,HIGH_06_FAILURE_TO_COMMIT
There are currently no issues preventing payment. The transaction is expected to clear as scheduled. The invoice should be treated as low-risk from a payment standpoint.,LOW_RISK,LOW_04_NO_BLOCKER
The customer is unable to meet the normal settlement window and expects a major delay. The invoice should be treated as high risk until payment is actually received. The amount could remain unsettled for a meaningful stretch.,HIGH_RISK,HIGH_05_PROLONGED_DELAY
The invoice is pending internal reconciliation. The transfer is still on the roadmap but needs the paperwork to finish. The customer still expects to settle once the review task is completed.,MEDIUM_RISK,MED_02_RECONCILIATION
"The customer is finishing a reconciliation check before releasing funds. The transfer is still on the roadmap but needs the paperwork to finish. The likely outcome is eventual payment, but the exact date is still pending.",MEDIUM_RISK,MED_02_RECONCILIATION
The payment will likely come through after the current batch closes. The delay is temporary and tied to current operations. The situation is manageable but needs close monitoring.,MEDIUM_RISK,MED_03_SHORT_DELAY
The customer is unable to meet the normal settlement window and expects a major delay. This is not a short process delay but an extended postponement. The collection team should plan for significant delay and limited immediate recovery.,HIGH_RISK,HIGH_05_PROLONGED_DELAY
"The payment is being held pending internal checks. The expected outcome is still a payment, but the schedule is uncertain. The payment status should be reevaluated after the review finishes.",MEDIUM_RISK,MED_04_INTERNAL_REVIEW
The account currently lacks a trustworthy repayment plan. The customer has not demonstrated the ability to meet the invoice promptly. The payment outcome is not dependable today.,HIGH_RISK,HIGH_06_FAILURE_TO_COMMIT
"The invoice is waiting on a reconciliation step. The invoice is still likely to be paid, but the timing is uncertain. This appears to be a temporary administrative delay.",MEDIUM_RISK,MED_02_RECONCILIATION
The customer has not offered a credible commitment to settlement. A prolonged delay or nonpayment appears plausible. The payment outcome is not dependable today.,HIGH_RISK,HIGH_06_FAILURE_TO_COMMIT
The payment team has not finalized the transfer yet. The amount remains owed and the buyer is engaged. The risk profile is elevated compared with a fully settled invoice.,MEDIUM_RISK,MED_04_INTERNAL_REVIEW
The invoice is fully settled. The agreement is satisfied in full. The payment activity has already been completed.,LOW_RISK,LOW_01_COMPLETE
"The customer has not confirmed the payment date, only their intent to pay. Settlement still appears possible if the internal process moves smoothly. The buyer is engaged, but the payment date remains provisional.",MEDIUM_RISK,MED_05_PENDING_BUT_REASONABLE
The payment has been processed and the bank confirmation is on file. The transfer is complete and verified. The collection team can close the case.,LOW_RISK,LOW_06_CONFIRMED
The organization is not in a position to guarantee payment. The customer has not demonstrated the ability to meet the invoice promptly. The business is effectively signaling uncertainty about settlement.,HIGH_RISK,HIGH_06_FAILURE_TO_COMMIT
The customer has confirmed that the funds were released. No additional cash collection effort is needed. No late-payment risk is present.,LOW_RISK,LOW_06_CONFIRMED
"The buyer says the payment will likely occur after a short disruption. The payment path is still alive, though delayed. The payment event is delayed but not abandoned.",MEDIUM_RISK,MED_06_TEMPORARY_ISSUE
"The customer is experiencing a temporary issue that may affect payment timing. The customer still intends to pay, but the date is not guaranteed yet. The customer is still in communication and wants to resolve the invoice.",MEDIUM_RISK,MED_06_TEMPORARY_ISSUE
The business is currently constrained by limited liquidity. The account likely needs a more urgent collection strategy. The risk of nonpayment is elevated until the situation changes.,HIGH_RISK,HIGH_02_CASHFLOW
Settlement is confirmed and the remittance has been posted. No further action is required. The payment activity has already been completed.,LOW_RISK,LOW_01_COMPLETE
The customer is forecasting a prolonged delay rather than a normal payment cycle. The chance of a timely collection is low in this scenario. No immediate recovery should be assumed.,HIGH_RISK,HIGH_05_PROLONGED_DELAY
The customer says the invoice is under dispute and therefore no payment will be made. This is not a routine case and should be treated seriously. The outstanding invoice may remain unpaid for an extended period.,HIGH_RISK,HIGH_04_DISPUTE
Internal approval has already been secured. The bank transfer is expected to go out on time. There is no indication of refusal or cancellation.,LOW_RISK,LOW_02_APPROVED
The outstanding balance has been cleared. The payment status is confirmed. The due date is effectively resolved.,LOW_RISK,LOW_01_COMPLETE
"There is a temporary slowdown in the payment cycle. The customer is not refusing the invoice, but timing may slip slightly. The customer appears willing to pay with a modest push-out.",MEDIUM_RISK,MED_03_SHORT_DELAY
The invoice is delayed because the payment batch is still running. The case remains open and processing is ongoing. The situation is manageable but needs close monitoring.,MEDIUM_RISK,MED_03_SHORT_DELAY
"The invoice is going through the standard internal review process. There is a moderate chance of delay while the review concludes. The customer has not refused payment, only slowed the process.",MEDIUM_RISK,MED_04_INTERNAL_REVIEW
There is nothing in the current state that would prevent settlement. The current status suggests no special intervention is needed. This is a routine collection case with no material risk.,LOW_RISK,LOW_04_NO_BLOCKER
There are currently no issues preventing payment. The customer has not raised any concerns. This is a routine collection case with no material risk.,LOW_RISK,LOW_04_NO_BLOCKER
"The customer has not confirmed the payment date, only their intent to pay. The most likely outcome is payment after a short additional delay. There is still a credible path to payment.",MEDIUM_RISK,MED_05_PENDING_BUT_REASONABLE
The invoice is still open and the release date has not been set. This raises a serious concern about when the invoice will be settled. The invoice should be escalated for urgent follow-up.,HIGH_RISK,HIGH_01_NO_DATE
The company is currently constrained by cash-flow pressure. The collection team should expect a difficult and delayed outcome. The customer is signaling real strain in meeting the obligation.,HIGH_RISK,HIGH_02_CASHFLOW
The transfer has been arranged and should go through promptly. The transfer matches the agreed schedule. The payment commitment appears solid.,LOW_RISK,LOW_03_SCHEDULED
"The payment is not yet approved but is moving through the internal process. The payment remains possible but not yet locked in. The timeline may slip slightly, but the payment is still intended.",MEDIUM_RISK,MED_01_APPROVAL_DELAY
The business is currently constrained by limited liquidity. The invoice is at risk because the customer cannot confirm a repayment date. No reliable date can be given at this stage.,HIGH_RISK,HIGH_02_CASHFLOW
"The invoice is still pending a release decision. A delayed release is likely, but the underlying contract remains active. There is still a credible path to payment.",MEDIUM_RISK,MED_05_PENDING_BUT_REASONABLE
The customer has not provided a firm settlement date. There is a substantial chance that payment will move far beyond the original due date. The customer appears unable or unwilling to commit.,HIGH_RISK,HIGH_01_NO_DATE
The customer cannot confirm whether the invoice will be paid on time. We should assume the account requires immediate attention. The business is effectively signaling uncertainty about settlement.,HIGH_RISK,HIGH_06_FAILURE_TO_COMMIT
The payment is scheduled for tomorrow. No further approvals are presently blocking completion. This does not look like a default scenario.,LOW_RISK,LOW_03_SCHEDULED
The company is currently constrained by cash-flow pressure. There is a strong likelihood that settlement will be late. No reliable date can be given at this stage.,HIGH_RISK,HIGH_02_CASHFLOW
"The customer says the transfer will be made later than originally planned. The payment is not cancelled, only deferred for a short period. The situation is manageable but needs close monitoring.",MEDIUM_RISK,MED_03_SHORT_DELAY
We cannot confirm when the payment will be made. This raises a serious concern about when the invoice will be settled. The risk of a prolonged delay is high.,HIGH_RISK,HIGH_01_NO_DATE
The invoice has already been paid in full. The invoice is no longer outstanding. The record should show that the invoice is paid.,LOW_RISK,LOW_06_CONFIRMED
The customer has not offered a credible commitment to settlement. A prolonged delay or nonpayment appears plausible. The business is effectively signaling uncertainty about settlement.,HIGH_RISK,HIGH_06_FAILURE_TO_COMMIT
There are currently no issues preventing payment. The transaction is expected to clear as scheduled. The customer has not indicated any reason to postpone payment.,LOW_RISK,LOW_04_NO_BLOCKER
The customer cannot proceed with the payment right now. There is a strong likelihood that the invoice will remain unpaid for a long period. This situation warrants urgent commercial action.,HIGH_RISK,HIGH_03_BLOCKED
The transfer will not be made within the current schedule. The expected cash timing is far outside the normal expectation. The customer is not demonstrating a credible near-term path to payment.,HIGH_RISK,HIGH_05_PROLONGED_DELAY
"The invoice remains open, and the buyer has not yet finalized the transfer. The customer still appears willing to settle, but timing remains unclear. The amount should still be treated as recoverable but not yet settled.",MEDIUM_RISK,MED_05_PENDING_BUT_REASONABLE
The payment request has been cleared internally. The release is already prepared in the payment queue. The payment timing is considered normal.,LOW_RISK,LOW_02_APPROVED
"A review step is currently in progress before disbursement. The payment may move later than originally intended. The invoice remains in play, but the date is still uncertain.",MEDIUM_RISK,MED_04_INTERNAL_REVIEW
"The customer is facing a brief operational delay in payment execution. The payment is still intended and should come through soon. The customer has not rejected the invoice, only shifted the timing.",MEDIUM_RISK,MED_03_SHORT_DELAY
The company is currently constrained by cash-flow pressure. There is a strong likelihood that settlement will be late. The risk of nonpayment is elevated until the situation changes.,HIGH_RISK,HIGH_02_CASHFLOW
"The invoice is delayed by a temporary operational issue. The issue seems temporary, but the payment may arrive later than anticipated. The customer remains engaged and has not closed the account.",MEDIUM_RISK,MED_06_TEMPORARY_ISSUE
The customer disputes the invoice and will not release funds until the issue is resolved. The customer is effectively withholding funds until the issue is clarified. The outstanding invoice may remain unpaid for an extended period.,HIGH_RISK,HIGH_04_DISPUTE
"The invoice remains open, and the buyer has not yet finalized the transfer. Settlement still appears possible if the internal process moves smoothly. A short extension is the most plausible outcome.",MEDIUM_RISK,MED_05_PENDING_BUT_REASONABLE
The finance team reports that the invoice is ready to pay. The payment should proceed normally. The buyer appears willing and able to meet the obligation.,LOW_RISK,LOW_04_NO_BLOCKER
Payment has been suspended pending further review. The case requires immediate follow-up and escalation. The invoice should be managed as a blocked account.,HIGH_RISK,HIGH_03_BLOCKED
The payment is paused due to a disagreement over the invoice details. This is not a routine case and should be treated seriously. The account appears to have material unresolved issues.,HIGH_RISK,HIGH_04_DISPUTE
The payment is likely to slip well beyond the due date. The chance of a timely collection is low in this scenario. No immediate recovery should be assumed.,HIGH_RISK,HIGH_05_PROLONGED_DELAY
There is a short-term obstacle affecting the payment process. The payment timeline is under review and likely to move. The customer is still in communication and wants to resolve the invoice.,MEDIUM_RISK,MED_06_TEMPORARY_ISSUE
The custodian has confirmed the payment release window. No further approvals are presently blocking completion. Any delay would be limited to routine processing.,LOW_RISK,LOW_03_SCHEDULED
"The customer is experiencing a temporary issue that may affect payment timing. The customer still intends to pay, but the date is not guaranteed yet. The case should remain in watchlist status until release is confirmed.",MEDIUM_RISK,MED_06_TEMPORARY_ISSUE
"The payment was not completed yet, but the customer is still engaged. The customer still appears willing to settle, but timing remains unclear. The customer is not saying no, only that timing is still being worked out.",MEDIUM_RISK,MED_05_PENDING_BUT_REASONABLE
The payment was completed on schedule. The invoice is now closed. There is no current blocker on the account.,LOW_RISK,LOW_01_COMPLETE
"The customer is still verifying the invoice details before payment. The expected outcome is still a payment, but the schedule is uncertain. The customer has not refused payment, only slowed the process.",MEDIUM_RISK,MED_04_INTERNAL_REVIEW
The payment date is still unresolved. The account should be treated as highly uncertain until payment is verified. The payment outcome is not yet dependable.,HIGH_RISK,HIGH_01_NO_DATE
The payment will likely come through after the current batch closes. The customer expects payment to land within a few days. The customer appears willing to pay with a modest push-out.,MEDIUM_RISK,MED_03_SHORT_DELAY
The payment has been blocked. The buyer is not able to provide a realistic payment date. The customer has not established a credible payment plan.,HIGH_RISK,HIGH_03_BLOCKED
The buyer is not prepared to confirm when the invoice will be paid. The obligation is not being honored with enough clarity or certainty. This should not be treated as a routine payment case.,HIGH_RISK,HIGH_06_FAILURE_TO_COMMIT
There is nothing in the current state that would prevent settlement. The funds are likely to be released within the agreed window. The invoice should be treated as low-risk from a payment standpoint.,LOW_RISK,LOW_04_NO_BLOCKER
"The customer says they are still planning to pay. The customer still appears willing to settle, but timing remains unclear. A short extension is the most plausible outcome.",MEDIUM_RISK,MED_05_PENDING_BUT_REASONABLE
The customer is unwilling to pay until the dispute is resolved. The payment date remains uncertain and likely to move back significantly. The financial outcome is uncertain and potentially adverse.,HIGH_RISK,HIGH_04_DISPUTE
The invoice has been approved and positioned for release. Processing is underway and proceeds according to schedule. The outstanding amount is expected to clear on schedule.,LOW_RISK,LOW_02_APPROVED
The customer is waiting on internal approval before payment can be released. The payment remains possible but not yet locked in. The delay appears to be procedural rather than financial.,MEDIUM_RISK,MED_01_APPROVAL_DELAY
The customer is prepared to complete the transfer without change. The current status suggests no special intervention is needed. The invoice should be treated as low-risk from a payment standpoint.,LOW_RISK,LOW_04_NO_BLOCKER
The company is currently constrained by cash-flow pressure. The invoice is at risk because the customer cannot confirm a repayment date. The cash-flow disruption may result in a prolonged delay.,HIGH_RISK,HIGH_02_CASHFLOW
"The buyer says the payment will likely occur after a short disruption. The customer still intends to pay, but the date is not guaranteed yet. The payment event is delayed but not abandoned.",MEDIUM_RISK,MED_06_TEMPORARY_ISSUE
All review steps have been completed and the invoice is approved. The transfer should happen without additional delay. There is no sign of a payment problem.,LOW_RISK,LOW_02_APPROVED
The invoice cannot be paid at this time. There is a strong likelihood that the invoice will remain unpaid for a long period. This is a high-risk nonpayment scenario.,HIGH_RISK,HIGH_03_BLOCKED
The payment request has been cleared internally. The payment is on track for settlement. This should meet the original due date.,LOW_RISK,LOW_02_APPROVED
Payment can be released immediately. The invoice is clean and ready for release. No special payment follow-up should be necessary.,LOW_RISK,LOW_05_READY_TO_PAY
Everything is in place for the payment to be sent soon. No further approvals are presently blocking completion. There is a clear payment plan in place.,LOW_RISK,LOW_03_SCHEDULED
Payment has already been completed. The remittance advice has been delivered. The payment activity has already been completed.,LOW_RISK,LOW_01_COMPLETE
Finance has approved the invoice for payment. The transfer should happen without additional delay. There is no sign of a payment problem.,LOW_RISK,LOW_02_APPROVED
The payment has been processed and the bank confirmation is on file. The collection process is effectively finished. The record should show that the invoice is paid.,LOW_RISK,LOW_06_CONFIRMED
There is a temporary funding problem preventing immediate settlement. The collection team should expect a difficult and delayed outcome. No reliable date can be given at this stage.,HIGH_RISK,HIGH_02_CASHFLOW
The transfer is delayed by normal processing timing. The delay is temporary and tied to current operations. The situation is manageable but needs close monitoring.,MEDIUM_RISK,MED_03_SHORT_DELAY
"The invoice is still pending a release decision. The invoice remains payable, just not yet confirmed in cash. The amount should still be treated as recoverable but not yet settled.",MEDIUM_RISK,MED_05_PENDING_BUT_REASONABLE
"The invoice remains open, and the buyer has not yet finalized the transfer. A delayed release is likely, but the underlying contract remains active. The current information supports caution rather than escalation.",MEDIUM_RISK,MED_05_PENDING_BUT_REASONABLE
"The amount remains due and the customer has not closed the file. The invoice remains payable, just not yet confirmed in cash. The case looks moderate rather than severe.",MEDIUM_RISK,MED_05_PENDING_BUT_REASONABLE
The customer has not given a dependable statement about when cash will move. The customer is not providing the level of confidence needed for low-risk treatment. The likelihood of a prolonged delay remains high.,HIGH_RISK,HIGH_06_FAILURE_TO_COMMIT
The invoice has been flagged for additional approval checks. There is a reasonable chance of a minor processing delay. The delay appears to be procedural rather than financial.,MEDIUM_RISK,MED_01_APPROVAL_DELAY
"The customer has not confirmed the payment date, only their intent to pay. The invoice remains payable, just not yet confirmed in cash. The current information supports caution rather than escalation.",MEDIUM_RISK,MED_05_PENDING_BUT_REASONABLE
The payment has been blocked. The case requires immediate follow-up and escalation. The customer is not close to making a payment decision.,HIGH_RISK,HIGH_03_BLOCKED
"The invoice remains open, and the buyer has not yet finalized the transfer. The account needs continued monitoring because the release date is not yet fixed. There is still a credible path to payment.",MEDIUM_RISK,MED_05_PENDING_BUT_REASONABLE
The settlement is already reflected in the account. The invoice is no longer outstanding. The payment outcome is already confirmed.,LOW_RISK,LOW_06_CONFIRMED
The payment team has not finalized the transfer yet. The payment may move later than originally intended. A few more administrative steps are necessary before the payment can be released.,MEDIUM_RISK,MED_04_INTERNAL_REVIEW
We are facing a temporary liquidity problem. There is a strong likelihood that settlement will be late. The customer is signaling real strain in meeting the obligation.,HIGH_RISK,HIGH_02_CASHFLOW
There is nothing in the current state that would prevent settlement. The payment should proceed normally. The invoice should be treated as low-risk from a payment standpoint.,LOW_RISK,LOW_04_NO_BLOCKER
Funds were released this morning. The customer has already satisfied the obligation. The funds are already reflected in the account.,LOW_RISK,LOW_01_COMPLETE
We are facing a temporary liquidity problem. The account likely needs a more urgent collection strategy. The payment will likely be delayed until liquidity improves.,HIGH_RISK,HIGH_02_CASHFLOW
The invoice is ready to be paid. There is no delay indicated by the finance team. The invoice should be processed without issue.,LOW_RISK,LOW_05_READY_TO_PAY
"The customer is reviewing the invoice before release. The expected outcome is still a payment, but the schedule is uncertain. The customer has not refused payment, only slowed the process.",MEDIUM_RISK,MED_04_INTERNAL_REVIEW
"The invoice is waiting on a reconciliation step. The invoice is still likely to be paid, but the timing is uncertain. The likely outcome is eventual payment, but the exact date is still pending.",MEDIUM_RISK,MED_02_RECONCILIATION
The account currently lacks a trustworthy repayment plan. The customer is not providing the level of confidence needed for low-risk treatment. The payment outcome is not dependable today.,HIGH_RISK,HIGH_06_FAILURE_TO_COMMIT
The payment is paused due to a disagreement over the invoice details. The dispute introduces a real barrier to collection. The case may require dispute resolution before any cash movement occurs.,HIGH_RISK,HIGH_04_DISPUTE
"The customer is still verifying the invoice details before payment. The terms are still being worked through. This is a genuine delay risk, but not necessarily a total default.",MEDIUM_RISK,MED_04_INTERNAL_REVIEW
"The customer is experiencing a temporary issue that may affect payment timing. The issue seems temporary, but the payment may arrive later than anticipated. The situation requires a moderate-risk handling strategy.",MEDIUM_RISK,MED_06_TEMPORARY_ISSUE
"The payment is not yet approved but is moving through the internal process. The payment is likely to land within a short delay. The timeline may slip slightly, but the payment is still intended.",MEDIUM_RISK,MED_01_APPROVAL_DELAY
The customer has not offered a credible commitment to settlement. The invoice should be considered at high risk until payment is actually received. The business is effectively signaling uncertainty about settlement.,HIGH_RISK,HIGH_06_FAILURE_TO_COMMIT
"The payment team has not finalized the transfer yet. The expected outcome is still a payment, but the schedule is uncertain. The payment status should be reevaluated after the review finishes.",MEDIUM_RISK,MED_04_INTERNAL_REVIEW
The customer is unable to provide a reliable payment schedule. The account should be treated as highly uncertain until payment is verified. The risk of a prolonged delay is high.,HIGH_RISK,HIGH_01_NO_DATE
Payment can be released immediately. The payment progression is on schedule. No special payment follow-up should be necessary.,LOW_RISK,LOW_05_READY_TO_PAY
The invoice is ready to be paid. No problem is currently visible in the payment chain. The invoice should be processed without issue.,LOW_RISK,LOW_05_READY_TO_PAY
Finance is verifying account details before processing the payment. A brief delay is expected while the file is completed. This appears to be a temporary administrative delay.,MEDIUM_RISK,MED_02_RECONCILIATION
Treasury has confirmed the invoice is ready to pay. Processing is underway and proceeds according to schedule. The payment timing is considered normal.,LOW_RISK,LOW_02_APPROVED
The customer has confirmed the invoice and expects no delay. The payment should proceed normally. The buyer appears willing and able to meet the obligation.,LOW_RISK,LOW_04_NO_BLOCKER
"The customer is facing a brief operational delay in payment execution. The customer is not refusing the invoice, but timing may slip slightly. The customer has not rejected the invoice, only shifted the timing.",MEDIUM_RISK,MED_03_SHORT_DELAY
"The invoice is delayed because the payment batch is still running. The payment is not cancelled, only deferred for a short period. The situation is manageable but needs close monitoring.",MEDIUM_RISK,MED_03_SHORT_DELAY
The customer has moved the invoice into the payment pipeline. This is expected to happen on the agreed date. There is no sign that settlement will be deferred.,LOW_RISK,LOW_05_READY_TO_PAY
"Finance is verifying account details before processing the payment. The process is moving forward but not yet final. We have not seen evidence of refusal, only a processing pause.",MEDIUM_RISK,MED_02_RECONCILIATION
"The invoice is still pending a release decision. The customer still appears willing to settle, but timing remains unclear. The amount should still be treated as recoverable but not yet settled.",MEDIUM_RISK,MED_05_PENDING_BUT_REASONABLE
The customer has confirmed that the funds were released. There is no pending payment action. The collection team can close the case.,LOW_RISK,LOW_06_CONFIRMED
The customer is forecasting a prolonged delay rather than a normal payment cycle. The account should be elevated because the delay is substantial. The invoice should be monitored as high risk.,HIGH_RISK,HIGH_05_PROLONGED_DELAY
The invoice will likely be paid only after an extended period. The customer has signaled a materially worse payment outcome. No immediate recovery should be assumed.,HIGH_RISK,HIGH_05_PROLONGED_DELAY
"The customer is finishing a reconciliation check before releasing funds. The invoice is still likely to be paid, but the timing is uncertain. The invoice is still considered recoverable.",MEDIUM_RISK,MED_02_RECONCILIATION
"The customer is facing a brief operational delay in payment execution. The delay is temporary and tied to current operations. The account may show a short delay, but not a permanent issue.",MEDIUM_RISK,MED_03_SHORT_DELAY
The transfer is delayed by normal processing timing. The delay is temporary and tied to current operations. There is not yet enough evidence to classify the account as high risk.,MEDIUM_RISK,MED_03_SHORT_DELAY
The business is currently constrained by limited liquidity. The customer has admitted an ongoing financial constraint. No reliable date can be given at this stage.,HIGH_RISK,HIGH_02_CASHFLOW
"The invoice is going through the standard internal review process. The case still looks recoverable, but the timing is not final. The case should be handled as a moderate risk until payment is confirmed.",MEDIUM_RISK,MED_04_INTERNAL_REVIEW
There is currently no confirmed payment date. The account should be treated as highly uncertain until payment is verified. The customer has not established a credible near-term settlement plan.,HIGH_RISK,HIGH_01_NO_DATE
The invoice is undergoing internal review. The payment may move later than originally intended. The risk profile is elevated compared with a fully settled invoice.,MEDIUM_RISK,MED_04_INTERNAL_REVIEW
"The invoice remains open, and the buyer has not yet finalized the transfer. The situation suggests a moderate payment risk rather than immediate default. The customer has not outright refused the invoice.",MEDIUM_RISK,MED_05_PENDING_BUT_REASONABLE
The customer says the transfer will be made later than originally planned. The amount remains due and the payment plan is still active. The customer appears willing to pay with a modest push-out.,MEDIUM_RISK,MED_03_SHORT_DELAY
The customer cannot provide a reliable payment commitment. The obligation is not being honored with enough clarity or certainty. The current communication is insufficient to support a strong recovery expectation.,HIGH_RISK,HIGH_06_FAILURE_TO_COMMIT
The customer has not offered a credible commitment to settlement. The payment horizon remains highly uncertain. The customer is not giving enough assurance to classify this as low or medium risk.,HIGH_RISK,HIGH_06_FAILURE_TO_COMMIT
"The customer is still verifying the invoice details before payment. There is a moderate chance of delay while the review concludes. The customer has not refused payment, only slowed the process.",MEDIUM_RISK,MED_04_INTERNAL_REVIEW
A final approval step is required before the payment can be sent. The release is pending but the situation is manageable. There is no indication that the invoice has been rejected.,MEDIUM_RISK,MED_01_APPROVAL_DELAY
The funds are available and the transfer is ready. This is expected to happen on the agreed date. This appears to be routine and regular.,LOW_RISK,LOW_05_READY_TO_PAY
The invoice is facing a serious schedule extension. The chance of a timely collection is low in this scenario. This is materially worse than a routine administrative delay.,HIGH_RISK,HIGH_05_PROLONGED_DELAY
"A review step is currently in progress before disbursement. The customer has not indicated disruption, only continued review. This is a genuine delay risk, but not necessarily a total default.",MEDIUM_RISK,MED_04_INTERNAL_REVIEW
The customer is refusing payment while the invoice is being contested. The customer is not confirming any immediate payment timeline. The account appears to have material unresolved issues.,HIGH_RISK,HIGH_04_DISPUTE
The customer expects the payment to be delayed significantly beyond the original due date. The customer has signaled a materially worse payment outcome. The amount could remain unsettled for a meaningful stretch.,HIGH_RISK,HIGH_05_PROLONGED_DELAY
The customer is unwilling to pay until the dispute is resolved. The buyer may be unable to settle until the dispute is closed. The account appears to have material unresolved issues.,HIGH_RISK,HIGH_04_DISPUTE
"There is a current operational bottleneck affecting payment release. The customer still intends to pay, but the date is not guaranteed yet. The case should remain in watchlist status until release is confirmed.",MEDIUM_RISK,MED_06_TEMPORARY_ISSUE
"The amount remains due and the customer has not closed the file. The invoice remains payable, just not yet confirmed in cash. The customer has not outright refused the invoice.",MEDIUM_RISK,MED_05_PENDING_BUT_REASONABLE
"The payment is being held for reconciliation. The invoice is still likely to be paid, but the timing is uncertain. The likely outcome is eventual payment, but the exact date is still pending.",MEDIUM_RISK,MED_02_RECONCILIATION
The customer is refusing payment while the invoice is being contested. The dispute introduces a real barrier to collection. The relationship is currently strained and the amount may not be recovered quickly.,HIGH_RISK,HIGH_04_DISPUTE
"Payment is still pending final approval. The payment is likely to land within a short delay. The timeline may slip slightly, but the payment is still intended.",MEDIUM_RISK,MED_01_APPROVAL_DELAY
The customer has confirmed the invoice and expects no delay. The funds are likely to be released within the agreed window. This should not impact the expected cash receipt timing.,LOW_RISK,LOW_04_NO_BLOCKER
The payment is outstanding but still expected. The most likely outcome is payment after a short additional delay. The current information supports caution rather than escalation.,MEDIUM_RISK,MED_05_PENDING_BUT_REASONABLE
The invoice is facing a serious schedule extension. The chance of a timely collection is low in this scenario. The amount could remain unsettled for a meaningful stretch.,HIGH_RISK,HIGH_05_PROLONGED_DELAY
The account currently lacks a trustworthy repayment plan. A prolonged delay or nonpayment appears plausible. The business is effectively signaling uncertainty about settlement.,HIGH_RISK,HIGH_06_FAILURE_TO_COMMIT
The customer says the invoice is under dispute and therefore no payment will be made. This is not a routine case and should be treated seriously. The case may require dispute resolution before any cash movement occurs.,HIGH_RISK,HIGH_04_DISPUTE
"The payment status is unresolved but the customer is still communicating. A delayed release is likely, but the underlying contract remains active. A short extension is the most plausible outcome.",MEDIUM_RISK,MED_05_PENDING_BUT_REASONABLE
"The customer is dealing with a brief constraint that could shift the transfer. The payment path is still alive, though delayed. The case should remain in watchlist status until release is confirmed.",MEDIUM_RISK,MED_06_TEMPORARY_ISSUE
The outstanding balance has been cleared. The customer has already satisfied the obligation. The payment activity has already been completed.,LOW_RISK,LOW_01_COMPLETE
"The finance team is still reviewing the invoice. The payment remains possible but not yet locked in. The invoice is not canceled, only waiting on internal completion.",MEDIUM_RISK,MED_01_APPROVAL_DELAY
The payment is not facing any material obstacle. The payment timing is considered routine. The customer has not indicated any reason to postpone payment.,LOW_RISK,LOW_04_NO_BLOCKER
The customer is forecasting a prolonged delay rather than a normal payment cycle. The customer has signaled a materially worse payment outcome. The customer is not demonstrating a credible near-term path to payment.,HIGH_RISK,HIGH_05_PROLONGED_DELAY
We have already made the payment. The case does not require any further follow-up. The account reflects a completed transaction.,LOW_RISK,LOW_06_CONFIRMED
"The customer is facing a brief operational delay in payment execution. The customer is not refusing the invoice, but timing may slip slightly. The account may show a short delay, but not a permanent issue.",MEDIUM_RISK,MED_03_SHORT_DELAY
"The payment is still expected, but a temporary problem is slowing the process. A short-term interruption is currently the main concern. The customer remains engaged and has not closed the account.",MEDIUM_RISK,MED_06_TEMPORARY_ISSUE
The finance team is still reviewing the invoice. The customer believes the invoice will eventually be paid. The payment should be visible once the administrative hold is cleared.,MEDIUM_RISK,MED_01_APPROVAL_DELAY
The payment request has been cleared internally. The transfer will be processed as planned. The payment timing is considered normal.,LOW_RISK,LOW_02_APPROVED
The invoice is queued for payment as agreed. The release is part of the regular payment cycle. The customer has no reason to defer payment.,LOW_RISK,LOW_03_SCHEDULED
The invoice has already been paid in full. The collection process is effectively finished. The payment outcome is already confirmed.,LOW_RISK,LOW_06_CONFIRMED
The invoice is queued for payment as agreed. The payment path is already approved. The invoice remains on track for on-time settlement.,LOW_RISK,LOW_03_SCHEDULED
The business is unable to state a dependable payment timeline. The customer is not providing the level of confidence needed for low-risk treatment. The customer is not giving enough assurance to classify this as low or medium risk.,HIGH_RISK,HIGH_06_FAILURE_TO_COMMIT
The business is unable to state a dependable payment timeline. The obligation is not being honored with enough clarity or certainty. The customer is not giving enough assurance to classify this as low or medium risk.,HIGH_RISK,HIGH_06_FAILURE_TO_COMMIT
"Payment is still pending final approval. The timing may shift by a few business days. The invoice is not canceled, only waiting on internal completion.",MEDIUM_RISK,MED_01_APPROVAL_DELAY
The customer has indicated that settlement will be much later than agreed. The customer has signaled a materially worse payment outcome. The amount could remain unsettled for a meaningful stretch.,HIGH_RISK,HIGH_05_PROLONGED_DELAY
"The customer needs a little more time to complete the internal review. There is a moderate chance of delay while the review concludes. This is a genuine delay risk, but not necessarily a total default.",MEDIUM_RISK,MED_04_INTERNAL_REVIEW
The customer has indicated that settlement will be much later than agreed. The account should be elevated because the delay is substantial. The payment could be pushed far beyond the original timeline.,HIGH_RISK,HIGH_05_PROLONGED_DELAY
The invoice has already been paid in full. There is no pending payment action. The customer appears fully current.,LOW_RISK,LOW_06_CONFIRMED
"The payment team has not finalized the transfer yet. The transfer is likely but the date remains flexible. This is a genuine delay risk, but not necessarily a total default.",MEDIUM_RISK,MED_04_INTERNAL_REVIEW
The customer is unable to meet the normal settlement window and expects a major delay. The chance of a timely collection is low in this scenario. No immediate recovery should be assumed.,HIGH_RISK,HIGH_05_PROLONGED_DELAY
"The buyer says the payment will likely occur after a short disruption. The issue seems temporary, but the payment may arrive later than anticipated. The customer is still in communication and wants to resolve the invoice.",MEDIUM_RISK,MED_06_TEMPORARY_ISSUE
The transfer will not be made within the current schedule. The expected cash timing is far outside the normal expectation. The invoice should be monitored as high risk.,HIGH_RISK,HIGH_05_PROLONGED_DELAY
The customer is experiencing a short-term cash shortage. The customer is unable to promise a normal payment schedule. This case is not simply administrative; there is a genuine cash issue.,HIGH_RISK,HIGH_02_CASHFLOW
Payment can be released immediately. The release is a straightforward part of the normal process. There is no present risk of nonpayment.,LOW_RISK,LOW_05_READY_TO_PAY
"The customer says they are still planning to pay. The customer still appears willing to settle, but timing remains unclear. The amount should still be treated as recoverable but not yet settled.",MEDIUM_RISK,MED_05_PENDING_BUT_REASONABLE
The invoice cannot be paid at this time. The invoice is at serious risk of a major delay. The invoice should be managed as a blocked account.,HIGH_RISK,HIGH_03_BLOCKED
The customer has confirmed the invoice and expects no delay. The current status suggests no special intervention is needed. The outstanding amount is still expected to be resolved on time.,LOW_RISK,LOW_04_NO_BLOCKER
The payment is prepared and awaiting execution. There is no delay indicated by the finance team. The account is in a good position for settlement.,LOW_RISK,LOW_05_READY_TO_PAY
"The customer is dealing with a brief constraint that could shift the transfer. The payment path is still alive, though delayed. The customer remains engaged and has not closed the account.",MEDIUM_RISK,MED_06_TEMPORARY_ISSUE
The customer has confirmed the invoice and its payment is approved. The bank transfer is expected to go out on time. There is no sign of a payment problem.,LOW_RISK,LOW_02_APPROVED
We are facing a temporary liquidity problem. The customer has admitted an ongoing financial constraint. The cash-flow disruption may result in a prolonged delay.,HIGH_RISK,HIGH_02_CASHFLOW
The payment timing remains uncertain. The lack of a confirmed schedule suggests payment may be delayed materially. The customer has not established a credible near-term settlement plan.,HIGH_RISK,HIGH_01_NO_DATE
The business is currently constrained by limited liquidity. There is a strong likelihood that settlement will be late. The invoice is being threatened by a real financial limitation.,HIGH_RISK,HIGH_02_CASHFLOW
The invoice is still pending a release decision. The most likely outcome is payment after a short additional delay. A short extension is the most plausible outcome.,MEDIUM_RISK,MED_05_PENDING_BUT_REASONABLE
The invoice is queued for payment as agreed. The process is moving forward normally. We are not seeing a payment disruption at this time.,LOW_RISK,LOW_03_SCHEDULED
The payment has been blocked. The case requires immediate follow-up and escalation. This situation warrants urgent commercial action.,HIGH_RISK,HIGH_03_BLOCKED
Everything is in place for the payment to be sent soon. The release is part of the regular payment cycle. The payment commitment appears solid.,LOW_RISK,LOW_03_SCHEDULED
"The payment was not completed yet, but the customer is still engaged. Settlement still appears possible if the internal process moves smoothly. The customer is not saying no, only that timing is still being worked out.",MEDIUM_RISK,MED_05_PENDING_BUT_REASONABLE
The payment is expected to arrive on the committed date. The scheduled transfer is already underway. The invoice remains on track for on-time settlement.,LOW_RISK,LOW_03_SCHEDULED
The payment is likely to slip well beyond the due date. The chance of a timely collection is low in this scenario. The invoice should be monitored as high risk.,HIGH_RISK,HIGH_05_PROLONGED_DELAY
"The invoice is undergoing internal review. The customer has not indicated disruption, only continued review. This is a genuine delay risk, but not necessarily a total default.",MEDIUM_RISK,MED_04_INTERNAL_REVIEW
The invoice is pending internal reconciliation. The amount remains committed but needs the final approval stage. The payment is being worked through the normal operations flow.,MEDIUM_RISK,MED_02_RECONCILIATION
"A review step is currently in progress before disbursement. The customer has not indicated disruption, only continued review. The payment status should be reevaluated after the review finishes.",MEDIUM_RISK,MED_04_INTERNAL_REVIEW
The customer is unable to meet the normal settlement window and expects a major delay. The customer has not offered a firm near-term date. This is materially worse than a routine administrative delay.,HIGH_RISK,HIGH_05_PROLONGED_DELAY
The payment timing remains uncertain. The buyer has not provided the necessary assurance that the amount will be paid. This is a meaningful nonpayment risk scenario.,HIGH_RISK,HIGH_01_NO_DATE
The customer is waiting on internal approval before payment can be released. The timing may shift by a few business days. There is no indication that the invoice has been rejected.,MEDIUM_RISK,MED_01_APPROVAL_DELAY
The invoice is delayed because the payment batch is still running. The payment is still intended and should come through soon. The delay should not be interpreted as a complete nonpayment.,MEDIUM_RISK,MED_03_SHORT_DELAY
The customer is unwilling to pay until the dispute is resolved. The customer is not confirming any immediate payment timeline. The account appears to have material unresolved issues.,HIGH_RISK,HIGH_04_DISPUTE
Settlement is confirmed and the remittance has been posted. The customer has already satisfied the obligation. The due date is effectively resolved.,LOW_RISK,LOW_01_COMPLETE
The customer cannot commit to a payment date right now. The situation should be treated as serious until the cash movement is confirmed. The customer has not established a credible near-term settlement plan.,HIGH_RISK,HIGH_01_NO_DATE
"The transfer is delayed until reconciliation is complete. The invoice is still likely to be paid, but the timing is uncertain. The customer still expects to settle once the review task is completed.",MEDIUM_RISK,MED_02_RECONCILIATION
The customer expects to transfer the amount shortly. The release is part of the regular payment cycle. The invoice remains on track for on-time settlement.,LOW_RISK,LOW_03_SCHEDULED
The custodian has confirmed the payment release window. The payment should reach the account without issue. Any delay would be limited to routine processing.,LOW_RISK,LOW_03_SCHEDULED
We are facing a temporary liquidity problem. The invoice is at risk because the customer cannot confirm a repayment date. The customer is signaling real strain in meeting the obligation.,HIGH_RISK,HIGH_02_CASHFLOW
The customer has moved the invoice into the payment pipeline. The timing should remain stable. This appears to be routine and regular.,LOW_RISK,LOW_05_READY_TO_PAY
The company is currently constrained by cash-flow pressure. The customer is unable to promise a normal payment schedule. The customer is signaling real strain in meeting the obligation.,HIGH_RISK,HIGH_02_CASHFLOW
The transaction has been approved and is in the release queue. The payment should clear without additional review. The account is in a good position for settlement.,LOW_RISK,LOW_05_READY_TO_PAY
The invoice has been flagged for additional approval checks. The timing may shift by a few business days. The payment should be visible once the administrative hold is cleared.,MEDIUM_RISK,MED_01_APPROVAL_DELAY
The settlement is already reflected in the account. The transfer is complete and verified. The record should show that the invoice is paid.,LOW_RISK,LOW_06_CONFIRMED
The customer expects to transfer the amount shortly. The process is moving forward normally. This does not look like a default scenario.,LOW_RISK,LOW_03_SCHEDULED
The customer has indicated that settlement will be much later than agreed. The customer has not offered a firm near-term date. The business is effectively saying the payment may be late for a long time.,HIGH_RISK,HIGH_05_PROLONGED_DELAY
The invoice is effectively stalled because the transfer has been blocked. The payment path appears compromised. The invoice should be managed as a blocked account.,HIGH_RISK,HIGH_03_BLOCKED
"Payment is still pending final approval. There is a reasonable chance of a minor processing delay. The invoice is not canceled, only waiting on internal completion.",MEDIUM_RISK,MED_01_APPROVAL_DELAY
The invoice is pending internal reconciliation. The payment should occur after the outstanding administrative tasks are closed. The customer still expects to settle once the review task is completed.,MEDIUM_RISK,MED_02_RECONCILIATION
Funds are planned to be released this week. The payment path is already approved. Any delay would be limited to routine processing.,LOW_RISK,LOW_03_SCHEDULED
The funds are available and the transfer is ready. The timing should remain stable. This appears to be routine and regular.,LOW_RISK,LOW_05_READY_TO_PAY
The transfer has been put on hold. The amount is not currently in motion. The customer is not close to making a payment decision.,HIGH_RISK,HIGH_03_BLOCKED
"The invoice is under review and awaiting approval. The transfer should happen once the review step is finished. The timeline may slip slightly, but the payment is still intended.",MEDIUM_RISK,MED_01_APPROVAL_DELAY
The payment timing remains uncertain. The account should be treated as highly uncertain until payment is verified. There is no visible payment certainty at this point.,HIGH_RISK,HIGH_01_NO_DATE
The customer has confirmed the invoice and its payment is approved. Processing is underway and proceeds according to schedule. The customer intends to settle without any interruption.,LOW_RISK,LOW_02_APPROVED
Funds were released this morning. The remittance advice has been delivered. The invoice should not require any additional follow-up.,LOW_RISK,LOW_01_COMPLETE
A review step is currently in progress before disbursement. The transfer is likely but the date remains flexible. A few more administrative steps are necessary before the payment can be released.,MEDIUM_RISK,MED_04_INTERNAL_REVIEW
The customer is unable to meet the normal settlement window and expects a major delay. The customer has signaled a materially worse payment outcome. The payment could be pushed far beyond the original timeline.,HIGH_RISK,HIGH_05_PROLONGED_DELAY
The transfer has been put on hold. The invoice is at serious risk of a major delay. A sustained delay appears likely.,HIGH_RISK,HIGH_03_BLOCKED
The funds are available and the transfer is ready. This is expected to happen on the agreed date. There is no present risk of nonpayment.,LOW_RISK,LOW_05_READY_TO_PAY
The invoice is undergoing internal review. The transfer is likely but the date remains flexible. The case should be handled as a moderate risk until payment is confirmed.,MEDIUM_RISK,MED_04_INTERNAL_REVIEW
The customer is waiting on internal approval before payment can be released. A small postponement is expected while approval completes. The account is still expected to receive the funds shortly.,MEDIUM_RISK,MED_01_APPROVAL_DELAY
The payment is paused due to a disagreement over the invoice details. The customer is not confirming any immediate payment timeline. The financial outcome is uncertain and potentially adverse.,HIGH_RISK,HIGH_04_DISPUTE
The customer is waiting on internal approval before payment can be released. There is a reasonable chance of a minor processing delay. The payment should be visible once the administrative hold is cleared.,MEDIUM_RISK,MED_01_APPROVAL_DELAY
"The invoice is undergoing internal review. The transfer is likely but the date remains flexible. The customer has not refused payment, only slowed the process.",MEDIUM_RISK,MED_04_INTERNAL_REVIEW
"The customer is experiencing a temporary issue that may affect payment timing. The customer still intends to pay, but the date is not guaranteed yet. This is an operational delay rather than a full repudiation.",MEDIUM_RISK,MED_06_TEMPORARY_ISSUE
The customer is experiencing a short-term cash shortage. The collection team should expect a difficult and delayed outcome. The payment will likely be delayed until liquidity improves.,HIGH_RISK,HIGH_02_CASHFLOW
The invoice is fully settled. There are no outstanding payment issues. The invoice should not require any additional follow-up.,LOW_RISK,LOW_01_COMPLETE
Treasury confirms the account can send the payment now. This is expected to happen on the agreed date. The account is in a good position for settlement.,LOW_RISK,LOW_05_READY_TO_PAY
The customer is refusing payment while the invoice is being contested. The customer is not confirming any immediate payment timeline. The customer is not acknowledging the invoice as payable.,HIGH_RISK,HIGH_04_DISPUTE
The payment will likely come through after the current batch closes. The customer is hopeful the invoice will be settled shortly. The customer appears willing to pay with a modest push-out.,MEDIUM_RISK,MED_03_SHORT_DELAY
"The transfer is delayed by normal processing timing. The customer is hopeful the invoice will be settled shortly. The customer has not rejected the invoice, only shifted the timing.",MEDIUM_RISK,MED_03_SHORT_DELAY
The payment timing remains uncertain. The lack of a confirmed schedule suggests payment may be delayed materially. The amount may not be collected on time.,HIGH_RISK,HIGH_01_NO_DATE
The customer says the transfer will be made later than originally planned. The amount remains due and the payment plan is still active. The situation is manageable but needs close monitoring.,MEDIUM_RISK,MED_03_SHORT_DELAY
The customer disputes the invoice and will not release funds until the issue is resolved. The buyer may be unable to settle until the dispute is closed. No payment can be expected until the dispute is addressed.,HIGH_RISK,HIGH_04_DISPUTE
The customer has not offered a credible commitment to settlement. A prolonged delay or nonpayment appears plausible. The current communication is insufficient to support a strong recovery expectation.,HIGH_RISK,HIGH_06_FAILURE_TO_COMMIT
The customer cannot commit to a payment date right now. The situation should be treated as serious until the cash movement is confirmed. This is a meaningful nonpayment risk scenario.,HIGH_RISK,HIGH_01_NO_DATE
The payment request has been cleared internally. The release is already prepared in the payment queue. This should meet the original due date.,LOW_RISK,LOW_02_APPROVED
The customer has not provided a firm settlement date. The customer may be unable to release the funds in the near term. The customer appears unable or unwilling to commit.,HIGH_RISK,HIGH_01_NO_DATE
The invoice is effectively stalled because the transfer has been blocked. The case requires immediate follow-up and escalation. The invoice should be managed as a blocked account.,HIGH_RISK,HIGH_03_BLOCKED
There is nothing in the current state that would prevent settlement. There is no sign of disruption in the payment workflow. This should not impact the expected cash receipt timing.,LOW_RISK,LOW_04_NO_BLOCKER
The invoice cannot be paid at this time. The payment path appears compromised. The customer has not established a credible payment plan.,HIGH_RISK,HIGH_03_BLOCKED
The invoice is pending internal reconciliation. The process is moving forward but not yet final. The delay is tied to internal confirmation rather than a hard repudiation.,MEDIUM_RISK,MED_02_RECONCILIATION
We are facing a temporary liquidity problem. The invoice is at risk because the customer cannot confirm a repayment date. The risk of nonpayment is elevated until the situation changes.,HIGH_RISK,HIGH_02_CASHFLOW
The organization is not in a position to guarantee payment. The invoice should be considered at high risk until payment is actually received. This should not be treated as a routine payment case.,HIGH_RISK,HIGH_06_FAILURE_TO_COMMIT
The customer is unable to provide a reliable payment schedule. The account should be treated as highly uncertain until payment is verified. The customer has not established a credible near-term settlement plan.,HIGH_RISK,HIGH_01_NO_DATE
There are currently no issues preventing payment. The payment should proceed normally. The payment plan remains on track.,LOW_RISK,LOW_04_NO_BLOCKER
The payment is being held pending internal checks. The transfer is likely but the date remains flexible. A few more administrative steps are necessary before the payment can be released.,MEDIUM_RISK,MED_04_INTERNAL_REVIEW
The customer has not offered a credible commitment to settlement. The obligation is not being honored with enough clarity or certainty. The current communication is insufficient to support a strong recovery expectation.,HIGH_RISK,HIGH_06_FAILURE_TO_COMMIT
Finance is verifying account details before processing the payment. The customer expects to settle once the review is complete. The payment date is not fully fixed yet.,MEDIUM_RISK,MED_02_RECONCILIATION
The customer is dealing with a brief constraint that could shift the transfer. The payment timeline is under review and likely to move. The customer remains engaged and has not closed the account.,MEDIUM_RISK,MED_06_TEMPORARY_ISSUE
The account is healthy and the outstanding amount is still on track. The funds are likely to be released within the agreed window. This is a routine collection case with no material risk.,LOW_RISK,LOW_04_NO_BLOCKER
The customer has indicated that settlement will be much later than agreed. The customer has not offered a firm near-term date. The customer is not demonstrating a credible near-term path to payment.,HIGH_RISK,HIGH_05_PROLONGED_DELAY
The customer has confirmed the invoice and its payment is approved. The funds are scheduled to move according to the agreement. There is no indication of refusal or cancellation.,LOW_RISK,LOW_02_APPROVED
"The customer has not confirmed the payment date, only their intent to pay. The buyer is aware of the obligation and is still working through it. The case looks moderate rather than severe.",MEDIUM_RISK,MED_05_PENDING_BUT_REASONABLE
Payment was executed and the transaction is complete. The outstanding balance is resolved. The collection team can close the case.,LOW_RISK,LOW_06_CONFIRMED
The customer is forecasting a prolonged delay rather than a normal payment cycle. This is not a short process delay but an extended postponement. This is materially worse than a routine administrative delay.,HIGH_RISK,HIGH_05_PROLONGED_DELAY
The payment timing remains uncertain. The invoice remains at risk because the customer has not committed to a date. This is a meaningful nonpayment risk scenario.,HIGH_RISK,HIGH_01_NO_DATE
The transfer is blocked because the customer is disputing the charge. This is not a routine case and should be treated seriously. No payment can be expected until the dispute is addressed.,HIGH_RISK,HIGH_04_DISPUTE
The customer is waiting on internal approval before payment can be released. The payment remains possible but not yet locked in. The customer expects to meet the obligation after the approval process.,MEDIUM_RISK,MED_01_APPROVAL_DELAY
Funds are planned to be released this week. The customer expects timely settlement. The customer has no reason to defer payment.,LOW_RISK,LOW_03_SCHEDULED
The customer has not given a dependable statement about when cash will move. The payment horizon remains highly uncertain. The business is effectively signaling uncertainty about settlement.,HIGH_RISK,HIGH_06_FAILURE_TO_COMMIT
Treasury confirms the account can send the payment now. There is no delay indicated by the finance team. The account is in a good position for settlement.,LOW_RISK,LOW_05_READY_TO_PAY
The business is currently constrained by limited liquidity. The collection team should expect a difficult and delayed outcome. The cash-flow disruption may result in a prolonged delay.,HIGH_RISK,HIGH_02_CASHFLOW
Funds were released this morning. The payment status is confirmed. The funds are already reflected in the account.,LOW_RISK,LOW_01_COMPLETE
Funds are planned to be released this week. The transfer matches the agreed schedule. This does not look like a default scenario.,LOW_RISK,LOW_03_SCHEDULED
"The invoice is waiting on a reconciliation step. The process is moving forward but not yet final. The likely outcome is eventual payment, but the exact date is still pending.",MEDIUM_RISK,MED_02_RECONCILIATION
Payment has been suspended pending further review. The case requires immediate follow-up and escalation. The risk of prolonged default is significant.,HIGH_RISK,HIGH_03_BLOCKED
We have already made the payment. No additional cash collection effort is needed. The collection team can close the case.,LOW_RISK,LOW_06_CONFIRMED
The payment is being held for reconciliation. The transfer is still on the roadmap but needs the paperwork to finish. The delay is tied to internal confirmation rather than a hard repudiation.,MEDIUM_RISK,MED_02_RECONCILIATION
Payment has been suspended pending further review. There is a strong likelihood that the invoice will remain unpaid for a long period. The customer is not close to making a payment decision.,HIGH_RISK,HIGH_03_BLOCKED
The business is unable to state a dependable payment timeline. The customer is not providing the level of confidence needed for low-risk treatment. The payment outcome is not dependable today.,HIGH_RISK,HIGH_06_FAILURE_TO_COMMIT
"The customer needs a little more time to complete the internal review. The customer has not indicated disruption, only continued review. The risk profile is elevated compared with a fully settled invoice.",MEDIUM_RISK,MED_04_INTERNAL_REVIEW
The invoice cannot be paid at this time. The payment may not be possible until the blocking issue is resolved. This is a high-risk nonpayment scenario.,HIGH_RISK,HIGH_03_BLOCKED
The funds are available and the transfer is ready. The invoice is clean and ready for release. This appears to be routine and regular.,LOW_RISK,LOW_05_READY_TO_PAY
The payment status is unresolved but the customer is still communicating. The situation suggests a moderate payment risk rather than immediate default. There is still a credible path to payment.,MEDIUM_RISK,MED_05_PENDING_BUT_REASONABLE
Payment has already been completed. The agreement is satisfied in full. The payment activity has already been completed.,LOW_RISK,LOW_01_COMPLETE
The organization is not in a position to guarantee payment. We should assume the account requires immediate attention. This should not be treated as a routine payment case.,HIGH_RISK,HIGH_06_FAILURE_TO_COMMIT
There is currently no confirmed payment date. The lack of a confirmed schedule suggests payment may be delayed materially. This is a meaningful nonpayment risk scenario.,HIGH_RISK,HIGH_01_NO_DATE
The customer says the transfer will be made later than originally planned. The delay is temporary and tied to current operations. The delay should not be interpreted as a complete nonpayment.,MEDIUM_RISK,MED_03_SHORT_DELAY
The invoice is queued for payment as agreed. No further approvals are presently blocking completion. The invoice remains on track for on-time settlement.,LOW_RISK,LOW_03_SCHEDULED
The customer is matching documents before approval is granted. The transfer is still on the roadmap but needs the paperwork to finish. This appears to be a temporary administrative delay.,MEDIUM_RISK,MED_02_RECONCILIATION
Everything is in place for the payment to be sent soon. The payment should reach the account without issue. The payment commitment appears solid.,LOW_RISK,LOW_03_SCHEDULED
The payment is being delayed because of liquidity concerns. The account likely needs a more urgent collection strategy. The payment will likely be delayed until liquidity improves.,HIGH_RISK,HIGH_02_CASHFLOW
"The payment is being held pending internal checks. The expected outcome is still a payment, but the schedule is uncertain. The risk profile is elevated compared with a fully settled invoice.",MEDIUM_RISK,MED_04_INTERNAL_REVIEW
The payment is not yet approved but is moving through the internal process. The release is pending but the situation is manageable. The account is still expected to receive the funds shortly.,MEDIUM_RISK,MED_01_APPROVAL_DELAY
Payment is still pending final approval. The payment is likely to land within a short delay. The delay appears to be procedural rather than financial.,MEDIUM_RISK,MED_01_APPROVAL_DELAY
"The invoice is pending internal reconciliation. A brief delay is expected while the file is completed. The likely outcome is eventual payment, but the exact date is still pending.",MEDIUM_RISK,MED_02_RECONCILIATION
Payment was executed and the transaction is complete. The case does not require any further follow-up. The customer appears fully current.,LOW_RISK,LOW_06_CONFIRMED
